solid OpenSCAD_Model
  facet normal 0.724091 -0.689705 0
    outer loop
      vertex 7.17149 0.719269 0
      vertex 7.25166 0.803436 3.82372
      vertex 7.17149 0.719269 3.83655
    endloop
  endfacet
  facet normal 0.724091 -0.689705 0
    outer loop
      vertex 7.25166 0.803436 3.82372
      vertex 7.17149 0.719269 0
      vertex 7.25166 0.803436 0
    endloop
  endfacet
  facet normal -0.802831 -0.596207 0
    outer loop
      vertex 0.573151 0.892792 0
      vertex 0.502838 0.987473 3.80044
      vertex 0.502838 0.987473 0
    endloop
  endfacet
  facet normal -0.802831 -0.596207 0
    outer loop
      vertex 0.502838 0.987473 3.80044
      vertex 0.573151 0.892792 0
      vertex 0.573151 0.892792 3.81169
    endloop
  endfacet
  facet normal -0.999772 -0.0213722 0
    outer loop
      vertex 0.00883484 2.97165 0
      vertex 0.00219727 3.28215 2.89791
      vertex 0.00219727 3.28215 0
    endloop
  endfacet
  facet normal -0.999772 -0.0213722 0
    outer loop
      vertex 0.00219727 3.28215 2.89791
      vertex 0.00883484 2.97165 0
      vertex 0.00883484 2.97165 2.92181
    endloop
  endfacet
  facet normal -0.341962 0.939714 0
    outer loop
      vertex 1.57005 7.58072 0
      vertex 1.44279 7.53441 3.88885
      vertex 1.57005 7.58072 3.89139
    endloop
  endfacet
  facet normal -0.341962 0.939714 0
    outer loop
      vertex 1.44279 7.53441 3.88885
      vertex 1.57005 7.58072 0
      vertex 1.44279 7.53441 0
    endloop
  endfacet
  facet normal -0.170621 0.985337 0
    outer loop
      vertex 2.16638 7.72127 0
      vertex 2.00185 7.69278 3.89999
      vertex 2.16638 7.72127 3.89999
    endloop
  endfacet
  facet normal -0.170621 0.985337 0
    outer loop
      vertex 2.00185 7.69278 3.89999
      vertex 2.16638 7.72127 0
      vertex 2.00185 7.69278 0
    endloop
  endfacet
  facet normal 0.634266 0.773115 0
    outer loop
      vertex 6.99576 7.2341 0
      vertex 7.08624 7.15987 3.85019
      vertex 7.08624 7.15987 0
    endloop
  endfacet
  facet normal 0.634266 0.773115 0
    outer loop
      vertex 7.08624 7.15987 3.85019
      vertex 6.99576 7.2341 0
      vertex 6.99576 7.2341 3.86467
    endloop
  endfacet
  facet normal 0.38952 -0.921018 0
    outer loop
      vertex 6.45718 0.265579 0
      vertex 6.57736 0.316406 3.88716
      vertex 6.45718 0.265579 3.88983
    endloop
  endfacet
  facet normal 0.38952 -0.921018 0
    outer loop
      vertex 6.57736 0.316406 3.88716
      vertex 6.45718 0.265579 0
      vertex 6.57736 0.316406 0
    endloop
  endfacet
  facet normal -0.999772 0.0213722 0
    outer loop
      vertex 0.00219727 4.51784 2.89791
      vertex 0.00883484 4.82834 0
      vertex 0.00219727 4.51784 0
    endloop
  endfacet
  facet normal -0.999772 0.0213722 0
    outer loop
      vertex 0.00883484 4.82834 0
      vertex 0.00219727 4.51784 2.89791
      vertex 0.00883484 4.82834 2.92181
    endloop
  endfacet
  facet normal -0.100357 0.994951 0
    outer loop
      vertex 2.53958 7.76503 0
      vertex 2.34447 7.74535 3.89999
      vertex 2.53958 7.76503 3.89999
    endloop
  endfacet
  facet normal -0.100357 0.994951 0
    outer loop
      vertex 2.34447 7.74535 3.89999
      vertex 2.53958 7.76503 0
      vertex 2.34447 7.74535 0
    endloop
  endfacet
  facet normal 0.634286 -0.773099 0
    outer loop
      vertex 6.99576 0.565887 0
      vertex 7.08624 0.640121 3.85019
      vertex 6.99576 0.565887 3.86467
    endloop
  endfacet
  facet normal 0.634286 -0.773099 0
    outer loop
      vertex 7.08624 0.640121 3.85019
      vertex 6.99576 0.565887 0
      vertex 7.08624 0.640121 0
    endloop
  endfacet
  facet normal 0.997417 -0.0718266 0
    outer loop
      vertex 7.86458 2.50745 0
      vertex 7.88008 2.72269 2.98956
      vertex 7.86458 2.50745 3.06707
    endloop
  endfacet
  facet normal 0.997417 -0.0718266 0
    outer loop
      vertex 7.88008 2.72269 2.98956
      vertex 7.86458 2.50745 0
      vertex 7.88008 2.72269 0
    endloop
  endfacet
  facet normal -0.997425 -0.0717202 0
    outer loop
      vertex 0.0199127 2.72269 0
      vertex 0.0204901 2.71466 1.3375
      vertex 0.0199127 2.72269 1.35291
    endloop
  endfacet
  facet normal -0.997422 -0.0717645 -2.67381e-07
    outer loop
      vertex 0.0199127 2.72269 0
      vertex 0.0222608 2.69005 1.29887
      vertex 0.0204901 2.71466 1.3375
    endloop
  endfacet
  facet normal -0.997421 -0.0717722 -4.62462e-07
    outer loop
      vertex 0.0199127 2.72269 0
      vertex 0.024267 2.66217 1.26254
      vertex 0.0222608 2.69005 1.29887
    endloop
  endfacet
  facet normal -0.997421 -0.0717756 -6.24511e-07
    outer loop
      vertex 0.0199127 2.72269 0
      vertex 0.0264935 2.63123 1.22877
      vertex 0.024267 2.66217 1.26254
    endloop
  endfacet
  facet normal -0.997422 -0.0717632 2.98245e-07
    outer loop
      vertex 0.0199127 2.72269 0
      vertex 0.0289232 2.59746 1.19783
      vertex 0.0264935 2.63123 1.22877
    endloop
  endfacet
  facet normal -0.99742 -0.0717812 -1.58903e-06
    outer loop
      vertex 0.0199127 2.72269 0
      vertex 0.0315378 2.56113 1.16994
      vertex 0.0289232 2.59746 1.19783
    endloop
  endfacet
  facet normal -0.997421 -0.0717666 4.38025e-07
    outer loop
      vertex 0.0199127 2.72269 0
      vertex 0.0343173 2.5225 1.14534
      vertex 0.0315378 2.56113 1.16994
    endloop
  endfacet
  facet normal -0.997421 -0.0717699 -0
    outer loop
      vertex 0.0354004 2.50745 1.1375
      vertex 0.0199127 2.72269 0
      vertex 0.0354004 2.50745 0
    endloop
  endfacet
  facet normal -0.99742 -0.0717801 -1.9389e-06
    outer loop
      vertex 0.0199127 2.72269 0
      vertex 0.0354004 2.50745 1.1375
      vertex 0.0343173 2.5225 1.14534
    endloop
  endfacet
  facet normal -0.997425 -0.0717202 0
    outer loop
      vertex 0.0204901 2.71466 1.8625
      vertex 0.0199127 2.72269 2.96169
      vertex 0.0199127 2.72269 1.84709
    endloop
  endfacet
  facet normal -0.997422 -0.0717644 3.24694e-07
    outer loop
      vertex 0.0222608 2.69005 1.90113
      vertex 0.0199127 2.72269 2.96169
      vertex 0.0204901 2.71466 1.8625
    endloop
  endfacet
  facet normal -0.997421 -0.0717721 5.62371e-07
    outer loop
      vertex 0.024267 2.66217 1.93746
      vertex 0.0199127 2.72269 2.96169
      vertex 0.0222608 2.69005 1.90113
    endloop
  endfacet
  facet normal -0.997421 -0.0717754 7.61014e-07
    outer loop
      vertex 0.0264935 2.63123 1.97123
      vertex 0.0199127 2.72269 2.96169
      vertex 0.024267 2.66217 1.93746
    endloop
  endfacet
  facet normal -0.997422 -0.0717633 -3.64407e-07
    outer loop
      vertex 0.0289232 2.59746 2.00217
      vertex 0.0199127 2.72269 2.96169
      vertex 0.0264935 2.63123 1.97123
    endloop
  endfacet
  facet normal -0.99742 -0.0717809 1.9478e-06
    outer loop
      vertex 0.0315378 2.56113 2.03005
      vertex 0.0199127 2.72269 2.96169
      vertex 0.0289232 2.59746 2.00217
    endloop
  endfacet
  facet normal -0.997421 -0.0717667 -5.38901e-07
    outer loop
      vertex 0.0343173 2.5225 2.05466
      vertex 0.0199127 2.72269 2.96169
      vertex 0.0315378 2.56113 2.03005
    endloop
  endfacet
  facet normal -0.99742 -0.0717799 2.39579e-06
    outer loop
      vertex 0.0354004 2.50745 2.0625
      vertex 0.0199127 2.72269 2.96169
      vertex 0.0343173 2.5225 2.05466
    endloop
  endfacet
  facet normal -0.997421 -0.0717699 0
    outer loop
      vertex 0.0199127 2.72269 2.96169
      vertex 0.0354004 2.50745 2.0625
      vertex 0.0354004 2.50745 3.01745
    endloop
  endfacet
  facet normal -0.537288 -0.843399 0
    outer loop
      vertex 1.10165 0.431808 0
      vertex 1.00014 0.496475 3.87999
      vertex 1.00014 0.496475 0
    endloop
  endfacet
  facet normal -0.537288 -0.843399 0
    outer loop
      vertex 1.00014 0.496475 3.87999
      vertex 1.10165 0.431808 0
      vertex 1.10165 0.431808 3.88202
    endloop
  endfacet
  facet normal 0.00348695 -0.999994 0
    outer loop
      vertex 3.95 0 0
      vertex 4.57576 0.00218201 3.89999
      vertex 3.95 0 3.89999
    endloop
  endfacet
  facet normal 0.00348695 -0.999994 0
    outer loop
      vertex 4.57576 0.00218201 3.89999
      vertex 3.95 0 0
      vertex 4.57576 0.00218201 0
    endloop
  endfacet
  facet normal -0.984586 0.174901 0
    outer loop
      vertex 0.108582 5.82349 0
      vertex 0.10461 5.80113 1.16994
      vertex 0.108582 5.82349 1.1871
    endloop
  endfacet
  facet normal -0.984595 0.174852 -9.53238e-07
    outer loop
      vertex 0.108582 5.82349 0
      vertex 0.0977498 5.7625 1.14534
      vertex 0.10461 5.80113 1.16994
    endloop
  endfacet
  facet normal -0.984595 0.174853 -9.27257e-07
    outer loop
      vertex 0.108582 5.82349 0
      vertex 0.0905344 5.72187 1.12419
      vertex 0.0977498 5.7625 1.14534
    endloop
  endfacet
  facet normal -0.984588 0.174891 2.61689e-06
    outer loop
      vertex 0.108582 5.82349 0
      vertex 0.0830189 5.67956 1.10666
      vertex 0.0905344 5.72187 1.12419
    endloop
  endfacet
  facet normal -0.984591 0.174875 0
    outer loop
      vertex 0.0797272 5.66103 1.10082
      vertex 0.108582 5.82349 0
      vertex 0.0797272 5.66103 0
    endloop
  endfacet
  facet normal -0.984586 0.174902 4.15743e-06
    outer loop
      vertex 0.108582 5.82349 0
      vertex 0.0797272 5.66103 1.10082
      vertex 0.0830189 5.67956 1.10666
    endloop
  endfacet
  facet normal -0.984586 0.174901 0
    outer loop
      vertex 0.10461 5.80113 2.03005
      vertex 0.108582 5.82349 3.27291
      vertex 0.108582 5.82349 2.0129
    endloop
  endfacet
  facet normal -0.984595 0.174852 8.9794e-07
    outer loop
      vertex 0.0977498 5.7625 2.05466
      vertex 0.108582 5.82349 3.27291
      vertex 0.10461 5.80113 2.03005
    endloop
  endfacet
  facet normal -0.98459 0.174877 -4.06881e-07
    outer loop
      vertex 0.108582 5.82349 3.27291
      vertex 0.0977498 5.7625 2.05466
      vertex 0.0999908 5.77512 3.25
    endloop
  endfacet
  facet normal -0.984595 0.174851 -2.52854e-06
    outer loop
      vertex 0.0797272 5.66103 3.17704
      vertex 0.0977498 5.7625 2.05466
      vertex 0.0905344 5.72187 2.07581
    endloop
  endfacet
  facet normal -0.984588 0.174892 -2.07876e-07
    outer loop
      vertex 0.0797272 5.66103 3.17704
      vertex 0.0905344 5.72187 2.07581
      vertex 0.0830189 5.67956 2.09334
    endloop
  endfacet
  facet normal -0.984586 0.174903 0
    outer loop
      vertex 0.0797272 5.66103 3.17704
      vertex 0.0830189 5.67956 2.09334
      vertex 0.0797272 5.66103 2.09918
    endloop
  endfacet
  facet normal -0.984591 0.174874 -3.70284e-07
    outer loop
      vertex 0.0977498 5.7625 2.05466
      vertex 0.0797272 5.66103 3.17704
      vertex 0.0999908 5.77512 3.25
    endloop
  endfacet
  facet normal 0.999015 0.0443828 0
    outer loop
      vertex 7.89114 4.82834 2.93425
      vertex 7.88008 5.07729 0
      vertex 7.88008 5.07729 2.98956
    endloop
  endfacet
  facet normal 0.999015 0.0443828 0
    outer loop
      vertex 7.88008 5.07729 0
      vertex 7.89114 4.82834 2.93425
      vertex 7.89114 4.82834 0
    endloop
  endfacet
  facet normal 0.953051 0.302811 0
    outer loop
      vertex 7.72025 6.11653 3.52822
      vertex 7.6779 6.24982 0
      vertex 7.6779 6.24982 3.60162
    endloop
  endfacet
  facet normal 0.953051 0.302811 0
    outer loop
      vertex 7.6779 6.24982 0
      vertex 7.72025 6.11653 3.52822
      vertex 7.72025 6.11653 0
    endloop
  endfacet
  facet normal -0.802828 0.596211 0
    outer loop
      vertex 0.502838 6.81252 3.80044
      vertex 0.573151 6.9072 0
      vertex 0.502838 6.81252 0
    endloop
  endfacet
  facet normal -0.802828 0.596211 0
    outer loop
      vertex 0.573151 6.9072 0
      vertex 0.502838 6.81252 3.80044
      vertex 0.573151 6.9072 3.81169
    endloop
  endfacet
  facet normal -0.93688 0.349652 0
    outer loop
      vertex 0.222092 6.24982 3.57558
      vertex 0.268982 6.37546 3.66138
      vertex 0.268982 6.37546 0
    endloop
  endfacet
  facet normal -0.93688 0.349652 0
    outer loop
      vertex 0.222092 6.24982 3.57558
      vertex 0.268982 6.37546 0
      vertex 0.222092 6.24982 0
    endloop
  endfacet
  facet normal -0.936874 0.349666 -2.33456e-05
    outer loop
      vertex 0.268982 6.37546 3.66138
      vertex 0.222092 6.24982 3.57558
      vertex 0.25 6.3246 3.64999
    endloop
  endfacet
  facet normal -0.295874 -0.955227 0
    outer loop
      vertex 1.70503 0.17746 0
      vertex 1.57005 0.219269 3.89139
      vertex 1.57005 0.219269 0
    endloop
  endfacet
  facet normal -0.295874 -0.955227 0
    outer loop
      vertex 1.57005 0.219269 3.89139
      vertex 1.70503 0.17746 0
      vertex 1.70503 0.17746 3.89409
    endloop
  endfacet
  facet normal 0.100366 -0.994951 0
    outer loop
      vertex 5.3604 0.0349579 0
      vertex 5.55553 0.0546417 3.89999
      vertex 5.3604 0.0349579 3.89999
    endloop
  endfacet
  facet normal 0.100366 -0.994951 0
    outer loop
      vertex 5.55553 0.0546417 3.89999
      vertex 5.3604 0.0349579 0
      vertex 5.55553 0.0546417 0
    endloop
  endfacet
  facet normal -0.999994 0.00355629 0
    outer loop
      vertex 0 3.89999 2.89
      vertex 0.00219727 4.51784 0
      vertex 0 3.89999 0
    endloop
  endfacet
  facet normal -0.999994 0.00355629 0
    outer loop
      vertex 0.00219727 4.51784 0
      vertex 0 3.89999 2.89
      vertex 0.00219727 4.51784 2.89791
    endloop
  endfacet
  facet normal -0.295881 0.955225 0
    outer loop
      vertex 1.70503 7.62253 0
      vertex 1.57005 7.58072 3.89139
      vertex 1.70503 7.62253 3.89409
    endloop
  endfacet
  facet normal -0.295881 0.955225 0
    outer loop
      vertex 1.57005 7.58072 3.89139
      vertex 1.70503 7.62253 0
      vertex 1.57005 7.58072 0
    endloop
  endfacet
  facet normal 0.0700049 0.997547 -0
    outer loop
      vertex 5.3604 7.76503 0
      vertex 5.14238 7.78033 3.89999
      vertex 5.3604 7.76503 3.89999
    endloop
  endfacet
  facet normal 0.0700049 0.997547 0
    outer loop
      vertex 5.14238 7.78033 3.89999
      vertex 5.3604 7.76503 0
      vertex 5.14238 7.78033 0
    endloop
  endfacet
  facet normal 0.994692 0.102897 0
    outer loop
      vertex 7.86458 5.29254 3.06707
      vertex 7.84465 5.4852 0
      vertex 7.84465 5.4852 3.1667
    endloop
  endfacet
  facet normal 0.994692 0.102897 0
    outer loop
      vertex 7.84465 5.4852 0
      vertex 7.86458 5.29254 3.06707
      vertex 7.86458 5.29254 0
    endloop
  endfacet
  facet normal 0.680402 0.732839 0
    outer loop
      vertex 7.08624 7.15987 0
      vertex 7.17149 7.08072 3.83655
      vertex 7.17149 7.08072 0
    endloop
  endfacet
  facet normal 0.680402 0.732839 0
    outer loop
      vertex 7.17149 7.08072 3.83655
      vertex 7.08624 7.15987 0
      vertex 7.08624 7.15987 3.85019
    endloop
  endfacet
  facet normal -0.438329 0.898815 0
    outer loop
      vertex 1.32263 7.48358 0
      vertex 1.20905 7.42819 3.88417
      vertex 1.32263 7.48358 3.88644
    endloop
  endfacet
  facet normal -0.438329 0.898815 0
    outer loop
      vertex 1.20905 7.42819 3.88417
      vertex 1.32263 7.48358 0
      vertex 1.20905 7.42819 0
    endloop
  endfacet
  facet normal -0.634182 0.773184 0
    outer loop
      vertex 0.904236 7.2341 0
      vertex 0.813736 7.15987 3.85019
      vertex 0.904236 7.2341 3.86467
    endloop
  endfacet
  facet normal -0.634182 0.773184 0
    outer loop
      vertex 0.813736 7.15987 3.85019
      vertex 0.904236 7.2341 0
      vertex 0.813736 7.15987 0
    endloop
  endfacet
  facet normal -0.976589 0.215112 0
    outer loop
      vertex 0.141907 5.97479 0
      vertex 0.137473 5.95466 1.3375
      vertex 0.141907 5.97479 1.37617
    endloop
  endfacet
  facet normal -0.976596 0.215082 -4.67813e-07
    outer loop
      vertex 0.141907 5.97479 0
      vertex 0.132053 5.93005 1.29887
      vertex 0.137473 5.95466 1.3375
    endloop
  endfacet
  facet normal -0.97659 0.215108 4.85741e-07
    outer loop
      vertex 0.141907 5.97479 0
      vertex 0.125912 5.90217 1.26254
      vertex 0.132053 5.93005 1.29887
    endloop
  endfacet
  facet normal -0.97659 0.215108 4.70472e-07
    outer loop
      vertex 0.141907 5.97479 0
      vertex 0.119097 5.87123 1.22877
      vertex 0.125912 5.90217 1.26254
    endloop
  endfacet
  facet normal -0.976598 0.215074 -2.57762e-06
    outer loop
      vertex 0.141907 5.97479 0
      vertex 0.11166 5.83746 1.19783
      vertex 0.119097 5.87123 1.22877
    endloop
  endfacet
  facet normal -0.976592 0.215102 0
    outer loop
      vertex 0.108582 5.82349 1.1871
      vertex 0.141907 5.97479 0
      vertex 0.108582 5.82349 0
    endloop
  endfacet
  facet normal -0.976578 0.215163 8.10721e-06
    outer loop
      vertex 0.141907 5.97479 0
      vertex 0.108582 5.82349 1.1871
      vertex 0.11166 5.83746 1.19783
    endloop
  endfacet
  facet normal -0.976589 0.215112 0
    outer loop
      vertex 0.137473 5.95466 1.8625
      vertex 0.141907 5.97479 3.36177
      vertex 0.141907 5.97479 1.82383
    endloop
  endfacet
  facet normal -0.976596 0.215082 4.18378e-07
    outer loop
      vertex 0.132053 5.93005 1.90113
      vertex 0.141907 5.97479 3.36177
      vertex 0.137473 5.95466 1.8625
    endloop
  endfacet
  facet normal -0.97659 0.215108 -4.34009e-07
    outer loop
      vertex 0.125912 5.90217 1.93746
      vertex 0.141907 5.97479 3.36177
      vertex 0.132053 5.93005 1.90113
    endloop
  endfacet
  facet normal -0.97659 0.215108 -4.19853e-07
    outer loop
      vertex 0.119097 5.87123 1.97123
      vertex 0.141907 5.97479 3.36177
      vertex 0.125912 5.90217 1.93746
    endloop
  endfacet
  facet normal -0.976598 0.215073 2.29691e-06
    outer loop
      vertex 0.11166 5.83746 2.00217
      vertex 0.141907 5.97479 3.36177
      vertex 0.119097 5.87123 1.97123
    endloop
  endfacet
  facet normal -0.976578 0.215163 -7.21203e-06
    outer loop
      vertex 0.108582 5.82349 2.0129
      vertex 0.141907 5.97479 3.36177
      vertex 0.11166 5.83746 2.00217
    endloop
  endfacet
  facet normal -0.976592 0.215102 0
    outer loop
      vertex 0.141907 5.97479 3.36177
      vertex 0.108582 5.82349 2.0129
      vertex 0.108582 5.82349 3.27291
    endloop
  endfacet
  facet normal 0.837491 -0.546447 0.00236212
    outer loop
      vertex 7.39714 0.987473 3.80044
      vertex 7.46265 1.08771 3.7624
      vertex 7.39999 0.991839 3.79999
    endloop
  endfacet
  facet normal 0.837083 -0.547076 0
    outer loop
      vertex 7.46265 1.08771 3.7624
      vertex 7.39714 0.987473 3.80044
      vertex 7.39714 0.987473 0
    endloop
  endfacet
  facet normal 0.837083 -0.547076 0
    outer loop
      vertex 7.46265 1.08771 3.7624
      vertex 7.39714 0.987473 0
      vertex 7.46265 1.08771 0
    endloop
  endfacet
  facet normal 0.295854 -0.955233 0
    outer loop
      vertex 6.19495 0.17746 0
      vertex 6.32994 0.219269 3.89266
      vertex 6.19495 0.17746 3.89566
    endloop
  endfacet
  facet normal 0.295854 -0.955233 0
    outer loop
      vertex 6.32994 0.219269 3.89266
      vertex 6.19495 0.17746 0
      vertex 6.32994 0.219269 0
    endloop
  endfacet
  facet normal 0.53725 -0.843423 0
    outer loop
      vertex 6.79834 0.431808 0
      vertex 6.89986 0.496475 3.87999
      vertex 6.79834 0.431808 3.88225
    endloop
  endfacet
  facet normal 0.53725 -0.843423 0
    outer loop
      vertex 6.89986 0.496475 3.87999
      vertex 6.79834 0.431808 0
      vertex 6.89986 0.496475 0
    endloop
  endfacet
  facet normal 0.487821 -0.872944 0
    outer loop
      vertex 6.69095 0.371796 0
      vertex 6.79834 0.431808 3.88225
      vertex 6.69095 0.371796 3.88464
    endloop
  endfacet
  facet normal 0.487821 -0.872944 0
    outer loop
      vertex 6.79834 0.431808 3.88225
      vertex 6.69095 0.371796 0
      vertex 6.79834 0.431808 0
    endloop
  endfacet
  facet normal 0.170619 -0.985337 0
    outer loop
      vertex 5.73361 0.0787201 0
      vertex 5.89813 0.107208 3.89999
      vertex 5.73361 0.0787201 3.89999
    endloop
  endfacet
  facet normal 0.170619 -0.985337 0
    outer loop
      vertex 5.89813 0.107208 3.89999
      vertex 5.73361 0.0787201 0
      vertex 5.89813 0.107208 0
    endloop
  endfacet
  facet normal -0.341962 -0.939714 0
    outer loop
      vertex 1.57005 0.219269 0
      vertex 1.44279 0.265579 3.88885
      vertex 1.44279 0.265579 0
    endloop
  endfacet
  facet normal -0.341962 -0.939714 0
    outer loop
      vertex 1.44279 0.265579 3.88885
      vertex 1.57005 0.219269 0
      vertex 1.57005 0.219269 3.89139
    endloop
  endfacet
  facet normal 0.537327 0.843374 0
    outer loop
      vertex 6.79834 7.36818 0
      vertex 6.89986 7.3035 3.87999
      vertex 6.89986 7.3035 0
    endloop
  endfacet
  facet normal 0.537327 0.843374 0
    outer loop
      vertex 6.89986 7.3035 3.87999
      vertex 6.79834 7.36818 0
      vertex 6.79834 7.36818 3.88225
    endloop
  endfacet
  facet normal -0.990516 -0.1374 0
    outer loop
      vertex 0.0553436 2.31479 0
      vertex 0.0565962 2.30576 1.077
      vertex 0.0553436 2.31479 1.07819
    endloop
  endfacet
  facet normal -0.990522 -0.137357 3.65818e-07
    outer loop
      vertex 0.0553436 2.31479 0
      vertex 0.0629418 2.26 1.075
      vertex 0.0565962 2.30576 1.077
    endloop
  endfacet
  facet normal -0.990521 -0.137363 7.36901e-08
    outer loop
      vertex 0.0797272 2.13896 0
      vertex 0.0629418 2.26 1.075
      vertex 0.0553436 2.31479 0
    endloop
  endfacet
  facet normal -0.990522 -0.137353 -1.05572e-06
    outer loop
      vertex 0.0629418 2.26 1.075
      vertex 0.0797272 2.13896 0
      vertex 0.0692872 2.21424 1.077
    endloop
  endfacet
  facet normal -0.990521 -0.13736 -5.45545e-07
    outer loop
      vertex 0.0692872 2.21424 1.077
      vertex 0.0797272 2.13896 0
      vertex 0.0755844 2.16883 1.08298
    endloop
  endfacet
  facet normal -0.990519 -0.137379 0
    outer loop
      vertex 0.0755844 2.16883 1.08298
      vertex 0.0797272 2.13896 0
      vertex 0.0797272 2.13896 1.0896
    endloop
  endfacet
  facet normal -0.990516 -0.1374 0
    outer loop
      vertex 0.0565962 2.30576 2.123
      vertex 0.0553436 2.31479 3.08926
      vertex 0.0553436 2.31479 2.12181
    endloop
  endfacet
  facet normal -0.990522 -0.137357 -4.07726e-07
    outer loop
      vertex 0.0629418 2.26 2.125
      vertex 0.0553436 2.31479 3.08926
      vertex 0.0565962 2.30576 2.123
    endloop
  endfacet
  facet normal -0.990522 -0.137353 -6.56358e-07
    outer loop
      vertex 0.0692872 2.21424 2.123
      vertex 0.0553436 2.31479 3.08926
      vertex 0.0629418 2.26 2.125
    endloop
  endfacet
  facet normal -0.990521 -0.13736 1.04919e-07
    outer loop
      vertex 0.0755844 2.16883 2.11702
      vertex 0.0553436 2.31479 3.08926
      vertex 0.0692872 2.21424 2.123
    endloop
  endfacet
  facet normal -0.990518 -0.13738 3.18918e-06
    outer loop
      vertex 0.0797272 2.13896 2.1104
      vertex 0.0553436 2.31479 3.08926
      vertex 0.0755844 2.16883 2.11702
    endloop
  endfacet
  facet normal -0.990521 -0.137363 0
    outer loop
      vertex 0.0553436 2.31479 3.08926
      vertex 0.0797272 2.13896 2.1104
      vertex 0.0797272 2.13896 3.17704
    endloop
  endfacet
  facet normal -0.580562 -0.812786 -0.0482336
    outer loop
      vertex 0.904236 0.565887 3.86467
      vertex 1.00014 0.496475 3.87999
      vertex 1 0.496575 3.87999
    endloop
  endfacet
  facet normal -0.586312 -0.810085 0
    outer loop
      vertex 1.00014 0.496475 0
      vertex 0.904236 0.565887 3.86467
      vertex 0.904236 0.565887 0
    endloop
  endfacet
  facet normal -0.586312 -0.810085 0
    outer loop
      vertex 0.904236 0.565887 3.86467
      vertex 1.00014 0.496475 0
      vertex 1.00014 0.496475 3.87999
    endloop
  endfacet
  facet normal -0.966185 0.25785 0
    outer loop
      vertex 0.179733 6.11653 0
      vertex 0.155306 6.025 1.6
      vertex 0.179733 6.11653 3.46263
    endloop
  endfacet
  facet normal -0.966224 0.257704 -8.95944e-06
    outer loop
      vertex 0.179733 6.11653 0
      vertex 0.154773 6.023 1.55424
      vertex 0.155306 6.025 1.6
    endloop
  endfacet
  facet normal -0.966183 0.257857 9.33252e-07
    outer loop
      vertex 0.179733 6.11653 0
      vertex 0.153177 6.01702 1.50883
      vertex 0.154773 6.023 1.55424
    endloop
  endfacet
  facet normal -0.96618 0.257868 1.69267e-06
    outer loop
      vertex 0.179733 6.11653 0
      vertex 0.150532 6.00711 1.46412
      vertex 0.153177 6.01702 1.50883
    endloop
  endfacet
  facet normal -0.966169 0.25791 5.0419e-06
    outer loop
      vertex 0.179733 6.11653 0
      vertex 0.146856 5.99334 1.42044
      vertex 0.150532 6.00711 1.46412
    endloop
  endfacet
  facet normal -0.9662 0.257795 -5.5888e-06
    outer loop
      vertex 0.179733 6.11653 0
      vertex 0.142179 5.97581 1.37813
      vertex 0.146856 5.99334 1.42044
    endloop
  endfacet
  facet normal -0.966186 0.257845 0
    outer loop
      vertex 0.141907 5.97479 1.37617
      vertex 0.179733 6.11653 0
      vertex 0.141907 5.97479 0
    endloop
  endfacet
  facet normal -0.966227 0.257693 -1.68019e-05
    outer loop
      vertex 0.179733 6.11653 0
      vertex 0.141907 5.97479 1.37617
      vertex 0.142179 5.97581 1.37813
    endloop
  endfacet
  facet normal -0.966227 0.257691 8.36479e-06
    outer loop
      vertex 0.154773 6.023 1.64576
      vertex 0.179733 6.11653 3.46263
      vertex 0.155306 6.025 1.6
    endloop
  endfacet
  facet normal -0.966183 0.257858 -8.36315e-07
    outer loop
      vertex 0.153177 6.01702 1.69116
      vertex 0.179733 6.11653 3.46263
      vertex 0.154773 6.023 1.64576
    endloop
  endfacet
  facet normal -0.96618 0.257869 -1.49238e-06
    outer loop
      vertex 0.150532 6.00711 1.73588
      vertex 0.179733 6.11653 3.46263
      vertex 0.153177 6.01702 1.69116
    endloop
  endfacet
  facet normal -0.966169 0.257912 -4.40339e-06
    outer loop
      vertex 0.146856 5.99334 1.77956
      vertex 0.179733 6.11653 3.46263
      vertex 0.150532 6.00711 1.73588
    endloop
  endfacet
  facet normal -0.9662 0.257794 4.84765e-06
    outer loop
      vertex 0.142179 5.97581 1.82187
      vertex 0.179733 6.11653 3.46263
      vertex 0.146856 5.99334 1.77956
    endloop
  endfacet
  facet normal -0.966228 0.257689 1.4493e-05
    outer loop
      vertex 0.141907 5.97479 1.82383
      vertex 0.179733 6.11653 3.46263
      vertex 0.142179 5.97581 1.82187
    endloop
  endfacet
  facet normal -0.966186 0.257845 0
    outer loop
      vertex 0.179733 6.11653 3.46263
      vertex 0.141907 5.97479 1.82383
      vertex 0.141907 5.97479 3.36177
    endloop
  endfacet
  facet normal -0.634202 -0.773167 0
    outer loop
      vertex 0.904236 0.565887 0
      vertex 0.813736 0.640121 3.85019
      vertex 0.813736 0.640121 0
    endloop
  endfacet
  facet normal -0.634202 -0.773167 0
    outer loop
      vertex 0.813736 0.640121 3.85019
      vertex 0.904236 0.565887 0
      vertex 0.904236 0.565887 3.86467
    endloop
  endfacet
  facet normal 0.438297 0.89883 0
    outer loop
      vertex 6.57736 7.48358 0
      vertex 6.69095 7.42819 3.88464
      vertex 6.69095 7.42819 0
    endloop
  endfacet
  facet normal 0.438297 0.89883 0
    outer loop
      vertex 6.69095 7.42819 3.88464
      vertex 6.57736 7.48358 0
      vertex 6.57736 7.48358 3.88716
    endloop
  endfacet
  facet normal 0.999994 0.0035769 0
    outer loop
      vertex 7.89999 3.89999 2.89
      vertex 7.89778 4.51784 0
      vertex 7.89778 4.51784 2.90106
    endloop
  endfacet
  facet normal 0.999994 0.0035769 0
    outer loop
      vertex 7.89778 4.51784 0
      vertex 7.89999 3.89999 2.89
      vertex 7.89999 3.89999 0
    endloop
  endfacet
  facet normal -0.917339 0.398107 0
    outer loop
      vertex 0.268982 6.37546 3.66138
      vertex 0.320465 6.49409 0
      vertex 0.268982 6.37546 0
    endloop
  endfacet
  facet normal -0.917339 0.398107 0
    outer loop
      vertex 0.320465 6.49409 0
      vertex 0.268982 6.37546 3.66138
      vertex 0.320465 6.49409 3.69227
    endloop
  endfacet
  facet normal 0.0208235 0.999783 -0
    outer loop
      vertex 4.89024 7.79126 0
      vertex 4.57576 7.79781 3.89999
      vertex 4.89024 7.79126 3.89999
    endloop
  endfacet
  facet normal 0.0208235 0.999783 0
    outer loop
      vertex 4.57576 7.79781 3.89999
      vertex 4.89024 7.79126 0
      vertex 4.57576 7.79781 0
    endloop
  endfacet
  facet normal 0.966196 0.257807 0
    outer loop
      vertex 7.75807 5.97479 3.46266
      vertex 7.72025 6.11653 0
      vertex 7.72025 6.11653 3.52822
    endloop
  endfacet
  facet normal 0.966196 0.257807 0
    outer loop
      vertex 7.72025 6.11653 0
      vertex 7.75807 5.97479 3.46266
      vertex 7.75807 5.97479 0
    endloop
  endfacet
  facet normal -0.0034869 -0.999994 0
    outer loop
      vertex 3.32423 0.00218201 0
      vertex 3.95 0 3.89999
      vertex 3.32423 0.00218201 3.89999
    endloop
  endfacet
  facet normal -0.0034869 -0.999994 -0
    outer loop
      vertex 3.95 0 3.89999
      vertex 3.32423 0.00218201 0
      vertex 3.95 0 0
    endloop
  endfacet
  facet normal -0.999994 -0.00355635 0
    outer loop
      vertex 0.00219727 3.28215 0
      vertex 0 3.89999 2.89
      vertex 0 3.89999 0
    endloop
  endfacet
  facet normal -0.999994 -0.00355635 0
    outer loop
      vertex 0 3.89999 2.89
      vertex 0.00219727 3.28215 0
      vertex 0.00219727 3.28215 2.89791
    endloop
  endfacet
  facet normal -0.170609 -0.985339 0
    outer loop
      vertex 2.00185 0.107208 0
      vertex 2.16638 0.0787201 3.89999
      vertex 2.00185 0.107208 3.89999
    endloop
  endfacet
  facet normal -0.170609 -0.985339 -0
    outer loop
      vertex 2.16638 0.0787201 3.89999
      vertex 2.00185 0.107208 0
      vertex 2.16638 0.0787201 0
    endloop
  endfacet
  facet normal 0.867603 -0.497258 0
    outer loop
      vertex 7.46265 1.08771 0
      vertex 7.52342 1.19374 3.72593
      vertex 7.46265 1.08771 3.7624
    endloop
  endfacet
  facet normal 0.867603 -0.497258 0
    outer loop
      vertex 7.52342 1.19374 3.72593
      vertex 7.46265 1.08771 0
      vertex 7.52342 1.19374 0
    endloop
  endfacet
  facet normal -0.580579 0.812811 -0.0475984
    outer loop
      vertex 1.00014 7.3035 3.87999
      vertex 0.904236 7.2341 3.86467
      vertex 1 7.3034 3.87999
    endloop
  endfacet
  facet normal -0.586245 0.810134 0
    outer loop
      vertex 1.00014 7.3035 0
      vertex 0.904236 7.2341 3.86467
      vertex 1.00014 7.3035 3.87999
    endloop
  endfacet
  facet normal -0.586245 0.810134 0
    outer loop
      vertex 0.904236 7.2341 3.86467
      vertex 1.00014 7.3035 0
      vertex 0.904236 7.2341 0
    endloop
  endfacet
  facet normal -0.133984 -0.990983 0
    outer loop
      vertex 2.16638 0.0787201 0
      vertex 2.34447 0.0546417 3.89999
      vertex 2.16638 0.0787201 3.89999
    endloop
  endfacet
  facet normal -0.133984 -0.990983 -0
    outer loop
      vertex 2.34447 0.0546417 3.89999
      vertex 2.16638 0.0787201 0
      vertex 2.34447 0.0546417 0
    endloop
  endfacet
  facet normal 0.594784 -0.77322 0.219915
    outer loop
      vertex 6.89986 0.496475 3.87999
      vertex 6.99576 0.565887 3.86467
      vertex 6.89999 0.496575 3.87999
    endloop
  endfacet
  facet normal 0.586328 -0.810074 0
    outer loop
      vertex 6.89986 0.496475 0
      vertex 6.99576 0.565887 3.86467
      vertex 6.89986 0.496475 3.87999
    endloop
  endfacet
  facet normal 0.586328 -0.810074 0
    outer loop
      vertex 6.99576 0.565887 3.86467
      vertex 6.89986 0.496475 0
      vertex 6.99576 0.565887 0
    endloop
  endfacet
  facet normal -0.997421 0.0717666 0
    outer loop
      vertex 0.0199127 5.07729 0
      vertex 0.0354004 5.29254 1.11822
      vertex 0.0354004 5.29254 0
    endloop
  endfacet
  facet normal -0.997423 0.0717507 3.08277e-06
    outer loop
      vertex 0.0354004 5.29254 1.11822
      vertex 0.0199127 5.07729 0
      vertex 0.0343631 5.27812 1.12419
    endloop
  endfacet
  facet normal -0.997421 0.0717735 -1.016e-06
    outer loop
      vertex 0.0343631 5.27812 1.12419
      vertex 0.0199127 5.07729 0
      vertex 0.0314401 5.2375 1.14534
    endloop
  endfacet
  facet normal -0.997422 0.0717616 6.58432e-07
    outer loop
      vertex 0.0314401 5.2375 1.14534
      vertex 0.0199127 5.07729 0
      vertex 0.0286608 5.19887 1.16994
    endloop
  endfacet
  facet normal -0.997421 0.0717738 -6.11147e-07
    outer loop
      vertex 0.0286608 5.19887 1.16994
      vertex 0.0199127 5.07729 0
      vertex 0.0260465 5.16254 1.19783
    endloop
  endfacet
  facet normal -0.997422 0.0717603 3.47826e-07
    outer loop
      vertex 0.0260465 5.16254 1.19783
      vertex 0.0199127 5.07729 0
      vertex 0.0236169 5.12877 1.22877
    endloop
  endfacet
  facet normal -0.997421 0.0717698 -4.95742e-08
    outer loop
      vertex 0.0236169 5.12877 1.22877
      vertex 0.0199127 5.07729 0
      vertex 0.0213906 5.09783 1.26254
    endloop
  endfacet
  facet normal -0.997421 0.0717668 0
    outer loop
      vertex 0.0213906 5.09783 1.26254
      vertex 0.0199127 5.07729 0
      vertex 0.0199127 5.07729 1.2893
    endloop
  endfacet
  facet normal -0.997423 0.071751 -3.84091e-06
    outer loop
      vertex 0.0199127 5.07729 2.96169
      vertex 0.0354004 5.29254 2.08178
      vertex 0.0343631 5.27812 2.07581
    endloop
  endfacet
  facet normal -0.997421 0.0717734 1.26046e-06
    outer loop
      vertex 0.0199127 5.07729 2.96169
      vertex 0.0343631 5.27812 2.07581
      vertex 0.0314401 5.2375 2.05466
    endloop
  endfacet
  facet normal -0.997422 0.0717617 -8.13902e-07
    outer loop
      vertex 0.0199127 5.07729 2.96169
      vertex 0.0314401 5.2375 2.05466
      vertex 0.0286608 5.19887 2.03005
    endloop
  endfacet
  facet normal -0.997421 0.0717736 7.5326e-07
    outer loop
      vertex 0.0199127 5.07729 2.96169
      vertex 0.0286608 5.19887 2.03005
      vertex 0.0260465 5.16254 2.00217
    endloop
  endfacet
  facet normal -0.997422 0.0717604 -4.27711e-07
    outer loop
      vertex 0.0199127 5.07729 2.96169
      vertex 0.0260465 5.16254 2.00217
      vertex 0.0236169 5.12877 1.97123
    endloop
  endfacet
  facet normal -0.997421 0.0717698 6.08617e-08
    outer loop
      vertex 0.0199127 5.07729 2.96169
      vertex 0.0236169 5.12877 1.97123
      vertex 0.0213906 5.09783 1.93746
    endloop
  endfacet
  facet normal -0.997421 0.0717668 0
    outer loop
      vertex 0.0199127 5.07729 2.96169
      vertex 0.0213906 5.09783 1.93746
      vertex 0.0199127 5.07729 1.91069
    endloop
  endfacet
  facet normal -0.997421 0.0717666 0
    outer loop
      vertex 0.0354004 5.29254 2.08178
      vertex 0.0199127 5.07729 2.96169
      vertex 0.0354004 5.29254 3.01745
    endloop
  endfacet
  facet normal -0.0432878 -0.999063 0
    outer loop
      vertex 2.7576 0.0196533 0
      vertex 3.00975 0.00872803 3.89999
      vertex 2.7576 0.0196533 3.89999
    endloop
  endfacet
  facet normal -0.0432878 -0.999063 -0
    outer loop
      vertex 3.00975 0.00872803 3.89999
      vertex 2.7576 0.0196533 0
      vertex 3.00975 0.00872803 0
    endloop
  endfacet
  facet normal 0.0432896 -0.999063 0
    outer loop
      vertex 4.89024 0.00872803 0
      vertex 5.14238 0.0196533 3.89999
      vertex 4.89024 0.00872803 3.89999
    endloop
  endfacet
  facet normal 0.0432896 -0.999063 0
    outer loop
      vertex 5.14238 0.0196533 3.89999
      vertex 4.89024 0.00872803 0
      vertex 5.14238 0.0196533 0
    endloop
  endfacet
  facet normal 0.917376 0.398022 0
    outer loop
      vertex 7.631 6.37546 3.66139
      vertex 7.57953 6.49409 0
      vertex 7.57953 6.49409 3.69227
    endloop
  endfacet
  facet normal 0.917376 0.398022 0
    outer loop
      vertex 7.57953 6.49409 0
      vertex 7.631 6.37546 3.66139
      vertex 7.631 6.37546 0
    endloop
  endfacet
  facet normal -0.487774 0.87297 0
    outer loop
      vertex 1.20905 7.42819 0
      vertex 1.10165 7.36818 3.88202
      vertex 1.20905 7.42819 3.88417
    endloop
  endfacet
  facet normal -0.487774 0.87297 0
    outer loop
      vertex 1.10165 7.36818 3.88202
      vertex 1.20905 7.42819 0
      vertex 1.10165 7.36818 0
    endloop
  endfacet
  facet normal -0.765173 0.643825 0
    outer loop
      vertex 0.573151 6.9072 3.81169
      vertex 0.648331 6.99655 0
      vertex 0.573151 6.9072 0
    endloop
  endfacet
  facet normal -0.765173 0.643825 0
    outer loop
      vertex 0.648331 6.99655 0
      vertex 0.573151 6.9072 3.81169
      vertex 0.648331 6.99655 3.82372
    endloop
  endfacet
  facet normal 0.0208109 -0.999783 0
    outer loop
      vertex 4.57576 0.00218201 0
      vertex 4.89024 0.00872803 3.89999
      vertex 4.57576 0.00218201 3.89999
    endloop
  endfacet
  facet normal 0.0208109 -0.999783 0
    outer loop
      vertex 4.89024 0.00872803 3.89999
      vertex 4.57576 0.00218201 0
      vertex 4.89024 0.00872803 0
    endloop
  endfacet
  facet normal 0.0700258 -0.997545 0
    outer loop
      vertex 5.14238 0.0196533 0
      vertex 5.3604 0.0349579 3.89999
      vertex 5.14238 0.0196533 3.89999
    endloop
  endfacet
  facet normal 0.0700258 -0.997545 0
    outer loop
      vertex 5.3604 0.0349579 3.89999
      vertex 5.14238 0.0196533 0
      vertex 5.3604 0.0349579 0
    endloop
  endfacet
  facet normal 0.953051 -0.302811 0
    outer loop
      vertex 7.6779 1.55017 0
      vertex 7.72025 1.68346 3.52822
      vertex 7.6779 1.55017 3.60162
    endloop
  endfacet
  facet normal 0.953051 -0.302811 0
    outer loop
      vertex 7.72025 1.68346 3.52822
      vertex 7.6779 1.55017 0
      vertex 7.72025 1.68346 0
    endloop
  endfacet
  facet normal 0.251813 -0.967776 0
    outer loop
      vertex 6.05139 0.140106 0
      vertex 6.19495 0.17746 3.89566
      vertex 6.05139 0.140106 3.89885
    endloop
  endfacet
  facet normal 0.251813 -0.967776 0
    outer loop
      vertex 6.19495 0.17746 3.89566
      vertex 6.05139 0.140106 0
      vertex 6.19495 0.17746 0
    endloop
  endfacet
  facet normal -0.867585 0.497288 0
    outer loop
      vertex 0.376572 6.60625 3.72593
      vertex 0.437347 6.71228 0
      vertex 0.376572 6.60625 0
    endloop
  endfacet
  facet normal -0.867585 0.497288 0
    outer loop
      vertex 0.437347 6.71228 0
      vertex 0.376572 6.60625 3.72593
      vertex 0.437347 6.71228 3.7624
    endloop
  endfacet
  facet normal -0.999012 -0.0444519 0
    outer loop
      vertex 0.00883484 2.97165 0
      vertex 0.01714 2.785 1.6
      vertex 0.00883484 2.97165 2.92181
    endloop
  endfacet
  facet normal -0.999012 -0.0444394 1.45796e-06
    outer loop
      vertex 0.00883484 2.97165 0
      vertex 0.0172289 2.783 1.55424
      vertex 0.01714 2.785 1.6
    endloop
  endfacet
  facet normal -0.999011 -0.0444529 -1.83806e-07
    outer loop
      vertex 0.00883484 2.97165 0
      vertex 0.017495 2.77702 1.50883
      vertex 0.0172289 2.783 1.55424
    endloop
  endfacet
  facet normal -0.999011 -0.0444547 -4.07318e-07
    outer loop
      vertex 0.00883484 2.97165 0
      vertex 0.017936 2.76711 1.46412
      vertex 0.017495 2.77702 1.50883
    endloop
  endfacet
  facet normal -0.999011 -0.0444615 -1.35945e-06
    outer loop
      vertex 0.00883484 2.97165 0
      vertex 0.0185489 2.75334 1.42044
      vertex 0.017936 2.76711 1.46412
    endloop
  endfacet
  facet normal -0.999012 -0.0444433 1.44374e-06
    outer loop
      vertex 0.00883484 2.97165 0
      vertex 0.0193287 2.73581 1.37813
      vertex 0.0185489 2.75334 1.42044
    endloop
  endfacet
  facet normal -0.999011 -0.0444526 -0
    outer loop
      vertex 0.0199127 2.72269 1.35291
      vertex 0.00883484 2.97165 0
      vertex 0.0199127 2.72269 0
    endloop
  endfacet
  facet normal -0.999011 -0.0444641 -2.1252e-06
    outer loop
      vertex 0.00883484 2.97165 0
      vertex 0.0199127 2.72269 1.35291
      vertex 0.0193287 2.73581 1.37813
    endloop
  endfacet
  facet normal -0.999012 -0.0444411 -1.53049e-06
    outer loop
      vertex 0.0172289 2.783 1.64576
      vertex 0.00883484 2.97165 2.92181
      vertex 0.01714 2.785 1.6
    endloop
  endfacet
  facet normal -0.999011 -0.0444528 2.02708e-07
    outer loop
      vertex 0.017495 2.77702 1.69116
      vertex 0.00883484 2.97165 2.92181
      vertex 0.0172289 2.783 1.64576
    endloop
  endfacet
  facet normal -0.999011 -0.0444544 4.61007e-07
    outer loop
      vertex 0.017936 2.76711 1.73588
      vertex 0.00883484 2.97165 2.92181
      vertex 0.017495 2.77702 1.69116
    endloop
  endfacet
  facet normal -0.999011 -0.0444608 1.56558e-06
    outer loop
      vertex 0.0185489 2.75334 1.77956
      vertex 0.00883484 2.97165 2.92181
      vertex 0.017936 2.76711 1.73588
    endloop
  endfacet
  facet normal -0.999012 -0.0444439 -1.68436e-06
    outer loop
      vertex 0.0193287 2.73581 1.82187
      vertex 0.00883484 2.97165 2.92181
      vertex 0.0185489 2.75334 1.77956
    endloop
  endfacet
  facet normal -0.999011 -0.0444634 2.50581e-06
    outer loop
      vertex 0.0199127 2.72269 1.84709
      vertex 0.00883484 2.97165 2.92181
      vertex 0.0193287 2.73581 1.82187
    endloop
  endfacet
  facet normal -0.999011 -0.0444526 0
    outer loop
      vertex 0.00883484 2.97165 2.92181
      vertex 0.0199127 2.72269 1.84709
      vertex 0.0199127 2.72269 2.96169
    endloop
  endfacet
  facet normal -0.867585 -0.497288 0
    outer loop
      vertex 0.437347 1.08771 0
      vertex 0.376572 1.19374 3.72593
      vertex 0.376572 1.19374 0
    endloop
  endfacet
  facet normal -0.867585 -0.497288 0
    outer loop
      vertex 0.376572 1.19374 3.72593
      vertex 0.437347 1.08771 0
      vertex 0.437347 1.08771 3.7624
    endloop
  endfacet
  facet normal 0.680392 -0.732848 0
    outer loop
      vertex 7.08624 0.640121 0
      vertex 7.17149 0.719269 3.83655
      vertex 7.08624 0.640121 3.85019
    endloop
  endfacet
  facet normal 0.680392 -0.732848 0
    outer loop
      vertex 7.17149 0.719269 3.83655
      vertex 7.08624 0.640121 0
      vertex 7.17149 0.719269 0
    endloop
  endfacet
  facet normal 0.990508 0.137453 0
    outer loop
      vertex 7.84465 5.4852 3.1667
      vertex 7.82025 5.66103 0
      vertex 7.82025 5.66103 3.28869
    endloop
  endfacet
  facet normal 0.990508 0.137453 0
    outer loop
      vertex 7.82025 5.66103 0
      vertex 7.84465 5.4852 3.1667
      vertex 7.84465 5.4852 0
    endloop
  endfacet
  facet normal -0.724172 0.68962 0
    outer loop
      vertex 0.648331 6.99655 3.82372
      vertex 0.728485 7.08072 0
      vertex 0.648331 6.99655 0
    endloop
  endfacet
  facet normal -0.724172 0.68962 0
    outer loop
      vertex 0.728485 7.08072 0
      vertex 0.648331 6.99655 3.82372
      vertex 0.728485 7.08072 3.83655
    endloop
  endfacet
  facet normal 0.999771 -0.02138 0
    outer loop
      vertex 7.89114 2.97165 0
      vertex 7.89778 3.28215 2.90106
      vertex 7.89114 2.97165 2.93425
    endloop
  endfacet
  facet normal 0.999771 -0.02138 0
    outer loop
      vertex 7.89778 3.28215 2.90106
      vertex 7.89114 2.97165 0
      vertex 7.89778 3.28215 0
    endloop
  endfacet
  facet normal -0.537365 0.84335 0
    outer loop
      vertex 1.10165 7.36818 0
      vertex 1.00014 7.3035 3.87999
      vertex 1.10165 7.36818 3.88202
    endloop
  endfacet
  facet normal -0.537365 0.84335 0
    outer loop
      vertex 1.00014 7.3035 3.87999
      vertex 1.10165 7.36818 0
      vertex 1.00014 7.3035 0
    endloop
  endfacet
  facet normal -0.100376 -0.99495 0
    outer loop
      vertex 2.34447 0.0546417 0
      vertex 2.53958 0.0349579 3.89999
      vertex 2.34447 0.0546417 3.89999
    endloop
  endfacet
  facet normal -0.100376 -0.99495 -0
    outer loop
      vertex 2.53958 0.0349579 3.89999
      vertex 2.34447 0.0546417 0
      vertex 2.53958 0.0349579 0
    endloop
  endfacet
  facet normal 0.997417 0.0718233 0
    outer loop
      vertex 7.88008 5.07729 2.98956
      vertex 7.86458 5.29254 0
      vertex 7.86458 5.29254 3.06707
    endloop
  endfacet
  facet normal 0.997417 0.0718233 0
    outer loop
      vertex 7.86458 5.29254 0
      vertex 7.88008 5.07729 2.98956
      vertex 7.88008 5.07729 0
    endloop
  endfacet
  facet normal 0.999771 0.02138 0
    outer loop
      vertex 7.89778 4.51784 2.90106
      vertex 7.89114 4.82834 0
      vertex 7.89114 4.82834 2.93425
    endloop
  endfacet
  facet normal 0.999771 0.02138 0
    outer loop
      vertex 7.89114 4.82834 0
      vertex 7.89778 4.51784 2.90106
      vertex 7.89778 4.51784 0
    endloop
  endfacet
  facet normal 0.34201 -0.939696 0
    outer loop
      vertex 6.32994 0.219269 0
      vertex 6.45718 0.265579 3.88983
      vertex 6.32994 0.219269 3.89266
    endloop
  endfacet
  facet normal 0.34201 -0.939696 0
    outer loop
      vertex 6.45718 0.265579 3.88983
      vertex 6.32994 0.219269 0
      vertex 6.45718 0.265579 0
    endloop
  endfacet
  facet normal -0.0208235 0.999783 0
    outer loop
      vertex 3.32423 7.79781 0
      vertex 3.00975 7.79126 3.89999
      vertex 3.32423 7.79781 3.89999
    endloop
  endfacet
  facet normal -0.0208235 0.999783 0
    outer loop
      vertex 3.00975 7.79126 3.89999
      vertex 3.32423 7.79781 0
      vertex 3.00975 7.79126 0
    endloop
  endfacet
  facet normal -0.680397 0.732843 0
    outer loop
      vertex 0.813736 7.15987 0
      vertex 0.728485 7.08072 3.83655
      vertex 0.813736 7.15987 3.85019
    endloop
  endfacet
  facet normal -0.680397 0.732843 0
    outer loop
      vertex 0.728485 7.08072 3.83655
      vertex 0.813736 7.15987 0
      vertex 0.728485 7.08072 0
    endloop
  endfacet
  facet normal 0.209875 -0.977728 0
    outer loop
      vertex 5.89813 0.107208 0
      vertex 6 0.129075 3.89999
      vertex 5.89813 0.107208 3.89999
    endloop
  endfacet
  facet normal 0.209872 -0.977729 8.36647e-08
    outer loop
      vertex 6 0.129075 3.89999
      vertex 5.89813 0.107208 0
      vertex 6.05139 0.140106 3.89885
    endloop
  endfacet
  facet normal 0.209874 -0.977728 0
    outer loop
      vertex 6.05139 0.140106 3.89885
      vertex 5.89813 0.107208 0
      vertex 6.05139 0.140106 0
    endloop
  endfacet
  facet normal 0.00348374 0.999994 -0
    outer loop
      vertex 4.57576 7.79781 0
      vertex 3.95 7.79999 3.89999
      vertex 4.57576 7.79781 3.89999
    endloop
  endfacet
  facet normal 0.00348374 0.999994 0
    outer loop
      vertex 3.95 7.79999 3.89999
      vertex 4.57576 7.79781 0
      vertex 3.95 7.79999 0
    endloop
  endfacet
  facet normal 0.38954 0.92101 0
    outer loop
      vertex 6.45718 7.53441 0
      vertex 6.57736 7.48358 3.88716
      vertex 6.57736 7.48358 0
    endloop
  endfacet
  facet normal 0.38954 0.92101 0
    outer loop
      vertex 6.57736 7.48358 3.88716
      vertex 6.45718 7.53441 0
      vertex 6.45718 7.53441 3.88983
    endloop
  endfacet
  facet normal -0.72416 -0.689632 0
    outer loop
      vertex 0.728485 0.719269 0
      vertex 0.648331 0.803436 3.82372
      vertex 0.648331 0.803436 0
    endloop
  endfacet
  facet normal -0.72416 -0.689632 0
    outer loop
      vertex 0.648331 0.803436 3.82372
      vertex 0.728485 0.719269 0
      vertex 0.728485 0.719269 3.83655
    endloop
  endfacet
  facet normal -0.00348369 0.999994 0
    outer loop
      vertex 3.95 7.79999 0
      vertex 3.32423 7.79781 3.89999
      vertex 3.95 7.79999 3.89999
    endloop
  endfacet
  facet normal -0.00348369 0.999994 0
    outer loop
      vertex 3.32423 7.79781 3.89999
      vertex 3.95 7.79999 0
      vertex 3.32423 7.79781 0
    endloop
  endfacet
  facet normal 0.936931 -0.349514 0.000487502
    outer loop
      vertex 7.631 1.42453 3.66139
      vertex 7.6779 1.55017 3.60162
      vertex 7.64999 1.47542 3.64999
    endloop
  endfacet
  facet normal 0.936855 -0.349718 0
    outer loop
      vertex 7.6779 1.55017 3.60162
      vertex 7.631 1.42453 3.66139
      vertex 7.631 1.42453 0
    endloop
  endfacet
  facet normal 0.936855 -0.349718 0
    outer loop
      vertex 7.6779 1.55017 3.60162
      vertex 7.631 1.42453 0
      vertex 7.6779 1.55017 0
    endloop
  endfacet
  facet normal 0.0433083 0.999062 -0
    outer loop
      vertex 5.14238 7.78033 0
      vertex 4.89024 7.79126 3.89999
      vertex 5.14238 7.78033 3.89999
    endloop
  endfacet
  facet normal 0.0433083 0.999062 0
    outer loop
      vertex 4.89024 7.79126 3.89999
      vertex 5.14238 7.78033 0
      vertex 4.89024 7.79126 0
    endloop
  endfacet
  facet normal -0.211333 0.977414 0
    outer loop
      vertex 2.00185 7.69278 0
      vertex 2 7.69238 3.89999
      vertex 2.00185 7.69278 3.89999
    endloop
  endfacet
  facet normal -0.20993 0.977716 6.96236e-07
    outer loop
      vertex 2 7.69238 3.89999
      vertex 2.00185 7.69278 0
      vertex 1.84859 7.65987 3.89697
    endloop
  endfacet
  facet normal -0.209947 0.977713 0
    outer loop
      vertex 1.84859 7.65987 3.89697
      vertex 2.00185 7.69278 0
      vertex 1.84859 7.65987 0
    endloop
  endfacet
  facet normal 0.999015 -0.044381 0
    outer loop
      vertex 7.88008 2.72269 0
      vertex 7.89114 2.97165 2.93425
      vertex 7.88008 2.72269 2.98956
    endloop
  endfacet
  facet normal 0.999015 -0.044381 0
    outer loop
      vertex 7.89114 2.97165 2.93425
      vertex 7.88008 2.72269 0
      vertex 7.89114 2.97165 0
    endloop
  endfacet
  facet normal 0.837797 0.545966 0.00411336
    outer loop
      vertex 7.46265 6.71228 3.7624
      vertex 7.39714 6.81252 3.80044
      vertex 7.39999 6.80815 3.79999
    endloop
  endfacet
  facet normal 0.83709 0.547065 0
    outer loop
      vertex 7.39714 6.81252 3.80044
      vertex 7.46265 6.71228 3.7624
      vertex 7.39714 6.81252 0
    endloop
  endfacet
  facet normal 0.83709 0.547065 0
    outer loop
      vertex 7.39714 6.81252 0
      vertex 7.46265 6.71228 3.7624
      vertex 7.46265 6.71228 0
    endloop
  endfacet
  facet normal -0.999011 0.0444543 0
    outer loop
      vertex 0.00883484 4.82834 0
      vertex 0.0199127 5.07729 1.2893
      vertex 0.0199127 5.07729 0
    endloop
  endfacet
  facet normal -0.999013 0.044415 7.60759e-06
    outer loop
      vertex 0.0199127 5.07729 1.2893
      vertex 0.00883484 4.82834 0
      vertex 0.019586 5.06994 1.29887
    endloop
  endfacet
  facet normal -0.999011 0.0444654 -1.77767e-06
    outer loop
      vertex 0.019586 5.06994 1.29887
      vertex 0.00883484 4.82834 0
      vertex 0.018491 5.04534 1.3375
    endloop
  endfacet
  facet normal -0.999011 0.0444529 2.44578e-07
    outer loop
      vertex 0.018491 5.04534 1.3375
      vertex 0.00883484 4.82834 0
      vertex 0.0175499 5.02419 1.37813
    endloop
  endfacet
  facet normal -0.999012 0.0444478 9.72586e-07
    outer loop
      vertex 0.0175499 5.02419 1.37813
      vertex 0.00883484 4.82834 0
      vertex 0.01677 5.00666 1.42044
    endloop
  endfacet
  facet normal -0.999011 0.0444629 -9.19609e-07
    outer loop
      vertex 0.01677 5.00666 1.42044
      vertex 0.00883484 4.82834 0
      vertex 0.0161571 4.99289 1.46412
    endloop
  endfacet
  facet normal -0.999011 0.0444626 -8.8671e-07
    outer loop
      vertex 0.0161571 4.99289 1.46412
      vertex 0.00883484 4.82834 0
      vertex 0.015716 4.98298 1.50883
    endloop
  endfacet
  facet normal -0.999012 0.0444394 1.45611e-06
    outer loop
      vertex 0.01545 4.977 1.55424
      vertex 0.00883484 4.82834 0
      vertex 0.0153611 4.975 1.6
    endloop
  endfacet
  facet normal -0.999012 0.0444448 9.39974e-07
    outer loop
      vertex 0.015716 4.98298 1.50883
      vertex 0.00883484 4.82834 0
      vertex 0.01545 4.977 1.55424
    endloop
  endfacet
  facet normal -0.999013 0.0444171 -9.19483e-06
    outer loop
      vertex 0.00883484 4.82834 2.92181
      vertex 0.0199127 5.07729 1.91069
      vertex 0.019586 5.06994 1.90113
    endloop
  endfacet
  facet normal -0.999011 0.0444648 2.13088e-06
    outer loop
      vertex 0.00883484 4.82834 2.92181
      vertex 0.019586 5.06994 1.90113
      vertex 0.018491 5.04534 1.8625
    endloop
  endfacet
  facet normal -0.999011 0.044453 -2.90669e-07
    outer loop
      vertex 0.00883484 4.82834 2.92181
      vertex 0.018491 5.04534 1.8625
      vertex 0.0175499 5.02419 1.82187
    endloop
  endfacet
  facet normal -0.999012 0.0444482 -1.14463e-06
    outer loop
      vertex 0.00883484 4.82834 2.92181
      vertex 0.0175499 5.02419 1.82187
      vertex 0.01677 5.00666 1.77956
    endloop
  endfacet
  facet normal -0.999011 0.0444624 1.0694e-06
    outer loop
      vertex 0.00883484 4.82834 2.92181
      vertex 0.01677 5.00666 1.77956
      vertex 0.0161571 4.99289 1.73588
    endloop
  endfacet
  facet normal -0.999011 0.044462 1.01454e-06
    outer loop
      vertex 0.00883484 4.82834 2.92181
      vertex 0.0161571 4.99289 1.73588
      vertex 0.015716 4.98298 1.69116
    endloop
  endfacet
  facet normal -0.999012 0.0444456 -1.04881e-06
    outer loop
      vertex 0.00883484 4.82834 2.92181
      vertex 0.015716 4.98298 1.69116
      vertex 0.01545 4.977 1.64576
    endloop
  endfacet
  facet normal -0.999011 0.0444553 0
    outer loop
      vertex 0.00883484 4.82834 2.92181
      vertex 0.0153611 4.975 1.6
      vertex 0.00883484 4.82834 0
    endloop
  endfacet
  facet normal -0.999012 0.0444414 -1.54271e-06
    outer loop
      vertex 0.0153611 4.975 1.6
      vertex 0.00883484 4.82834 2.92181
      vertex 0.01545 4.977 1.64576
    endloop
  endfacet
  facet normal -0.999011 0.0444543 0
    outer loop
      vertex 0.0199127 5.07729 1.91069
      vertex 0.00883484 4.82834 2.92181
      vertex 0.0199127 5.07729 2.96169
    endloop
  endfacet
  facet normal -0.389575 -0.920995 0
    outer loop
      vertex 1.44279 0.265579 0
      vertex 1.32263 0.316406 3.88644
      vertex 1.32263 0.316406 0
    endloop
  endfacet
  facet normal -0.389575 -0.920995 0
    outer loop
      vertex 1.32263 0.316406 3.88644
      vertex 1.44279 0.265579 0
      vertex 1.44279 0.265579 3.88885
    endloop
  endfacet
  facet normal 0.594705 0.773117 0.220491
    outer loop
      vertex 6.99576 7.2341 3.86467
      vertex 6.89986 7.3035 3.87999
      vertex 6.89999 7.3034 3.87999
    endloop
  endfacet
  facet normal 0.586261 0.810122 0
    outer loop
      vertex 6.89986 7.3035 0
      vertex 6.99576 7.2341 3.86467
      vertex 6.99576 7.2341 0
    endloop
  endfacet
  facet normal 0.586261 0.810122 0
    outer loop
      vertex 6.99576 7.2341 3.86467
      vertex 6.89986 7.3035 0
      vertex 6.89986 7.3035 3.87999
    endloop
  endfacet
  facet normal -0.487786 -0.872963 0
    outer loop
      vertex 1.20905 0.371796 0
      vertex 1.10165 0.431808 3.88202
      vertex 1.10165 0.431808 0
    endloop
  endfacet
  facet normal -0.487786 -0.872963 0
    outer loop
      vertex 1.10165 0.431808 3.88202
      vertex 1.20905 0.371796 0
      vertex 1.20905 0.371796 3.88417
    endloop
  endfacet
  facet normal -0.251725 0.967799 0
    outer loop
      vertex 1.84859 7.65987 0
      vertex 1.70503 7.62253 3.89409
      vertex 1.84859 7.65987 3.89697
    endloop
  endfacet
  facet normal -0.251725 0.967799 0
    outer loop
      vertex 1.70503 7.62253 3.89409
      vertex 1.84859 7.65987 0
      vertex 1.70503 7.62253 0
    endloop
  endfacet
  facet normal -0.894309 -0.44745 0
    outer loop
      vertex 0.376572 1.19374 0
      vertex 0.320465 1.30588 3.69227
      vertex 0.320465 1.30588 0
    endloop
  endfacet
  facet normal -0.894309 -0.44745 0
    outer loop
      vertex 0.320465 1.30588 3.69227
      vertex 0.376572 1.19374 0
      vertex 0.376572 1.19374 3.72593
    endloop
  endfacet
  facet normal 0.133992 -0.990982 0
    outer loop
      vertex 5.55553 0.0546417 0
      vertex 5.73361 0.0787201 3.89999
      vertex 5.55553 0.0546417 3.89999
    endloop
  endfacet
  facet normal 0.133992 -0.990982 0
    outer loop
      vertex 5.73361 0.0787201 3.89999
      vertex 5.55553 0.0546417 0
      vertex 5.73361 0.0787201 0
    endloop
  endfacet
  facet normal 0.170631 0.985335 -0
    outer loop
      vertex 5.89813 7.69278 0
      vertex 5.73361 7.72127 3.89999
      vertex 5.89813 7.69278 3.89999
    endloop
  endfacet
  facet normal 0.170631 0.985335 0
    outer loop
      vertex 5.73361 7.72127 3.89999
      vertex 5.89813 7.69278 0
      vertex 5.73361 7.72127 0
    endloop
  endfacet
  facet normal -0.0208109 -0.999783 0
    outer loop
      vertex 3.00975 0.00872803 0
      vertex 3.32423 0.00218201 3.89999
      vertex 3.00975 0.00872803 3.89999
    endloop
  endfacet
  facet normal -0.0208109 -0.999783 -0
    outer loop
      vertex 3.32423 0.00218201 3.89999
      vertex 3.00975 0.00872803 0
      vertex 3.32423 0.00218201 0
    endloop
  endfacet
  facet normal -0.994688 -0.102934 0
    outer loop
      vertex 0.0354004 2.50745 0
      vertex 0.0380475 2.48187 1.12419
      vertex 0.0354004 2.50745 1.1375
    endloop
  endfacet
  facet normal -0.994684 -0.102978 -1.02079e-06
    outer loop
      vertex 0.0354004 2.50745 0
      vertex 0.0424278 2.43956 1.10666
      vertex 0.0380475 2.48187 1.12419
    endloop
  endfacet
  facet normal -0.994685 -0.102966 -2.94567e-07
    outer loop
      vertex 0.0354004 2.50745 0
      vertex 0.0469494 2.39588 1.09289
      vertex 0.0424278 2.43956 1.10666
    endloop
  endfacet
  facet normal -0.994686 -0.102954 9.39783e-07
    outer loop
      vertex 0.0354004 2.50745 0
      vertex 0.0515781 2.35116 1.08298
      vertex 0.0469494 2.39588 1.09289
    endloop
  endfacet
  facet normal -0.994685 -0.102965 -6.05668e-07
    outer loop
      vertex 0.0553436 2.31479 0
      vertex 0.0515781 2.35116 1.08298
      vertex 0.0354004 2.50745 0
    endloop
  endfacet
  facet normal -0.994683 -0.102983 0
    outer loop
      vertex 0.0515781 2.35116 1.08298
      vertex 0.0553436 2.31479 0
      vertex 0.0553436 2.31479 1.07819
    endloop
  endfacet
  facet normal -0.994688 -0.102934 0
    outer loop
      vertex 0.0380475 2.48187 2.07581
      vertex 0.0354004 2.50745 3.01745
      vertex 0.0354004 2.50745 2.0625
    endloop
  endfacet
  facet normal -0.994684 -0.102978 1.21648e-06
    outer loop
      vertex 0.0424278 2.43956 2.09334
      vertex 0.0354004 2.50745 3.01745
      vertex 0.0380475 2.48187 2.07581
    endloop
  endfacet
  facet normal -0.994685 -0.102966 3.5144e-07
    outer loop
      vertex 0.0469494 2.39588 2.10711
      vertex 0.0354004 2.50745 3.01745
      vertex 0.0424278 2.43956 2.09334
    endloop
  endfacet
  facet normal -0.994686 -0.102954 -1.12325e-06
    outer loop
      vertex 0.0515781 2.35116 2.11702
      vertex 0.0354004 2.50745 3.01745
      vertex 0.0469494 2.39588 2.10711
    endloop
  endfacet
  facet normal -0.994683 -0.102982 3.77256e-06
    outer loop
      vertex 0.0553436 2.31479 2.12181
      vertex 0.0354004 2.50745 3.01745
      vertex 0.0515781 2.35116 2.11702
    endloop
  endfacet
  facet normal -0.994685 -0.102965 0
    outer loop
      vertex 0.0354004 2.50745 3.01745
      vertex 0.0553436 2.31479 2.12181
      vertex 0.0553436 2.31479 3.08926
    endloop
  endfacet
  facet normal -0.680388 -0.732852 0
    outer loop
      vertex 0.813736 0.640121 0
      vertex 0.728485 0.719269 3.83655
      vertex 0.728485 0.719269 0
    endloop
  endfacet
  facet normal -0.680388 -0.732852 0
    outer loop
      vertex 0.728485 0.719269 3.83655
      vertex 0.813736 0.640121 0
      vertex 0.813736 0.640121 3.85019
    endloop
  endfacet
  facet normal -0.990523 0.137346 0
    outer loop
      vertex 0.0797272 5.66103 0
      vertex 0.0762399 5.63588 1.09289
      vertex 0.0797272 5.66103 1.10082
    endloop
  endfacet
  facet normal -0.990522 0.137351 1.131e-07
    outer loop
      vertex 0.0797272 5.66103 0
      vertex 0.0700388 5.59116 1.08298
      vertex 0.0762399 5.63588 1.09289
    endloop
  endfacet
  facet normal -0.990517 0.137387 2.49735e-06
    outer loop
      vertex 0.0797272 5.66103 0
      vertex 0.0637417 5.54576 1.077
      vertex 0.0700388 5.59116 1.08298
    endloop
  endfacet
  facet normal -0.990521 0.137363 -1.72051e-07
    outer loop
      vertex 0.0553436 5.4852 0
      vertex 0.0637417 5.54576 1.077
      vertex 0.0797272 5.66103 0
    endloop
  endfacet
  facet normal -0.990522 0.137355 2.73529e-07
    outer loop
      vertex 0.0637417 5.54576 1.077
      vertex 0.0553436 5.4852 0
      vertex 0.0573962 5.5 1.075
    endloop
  endfacet
  facet normal -0.990519 0.137374 0
    outer loop
      vertex 0.0573962 5.5 1.075
      vertex 0.0553436 5.4852 0
      vertex 0.0553436 5.4852 1.07565
    endloop
  endfacet
  facet normal -0.990523 0.137346 0
    outer loop
      vertex 0.0762399 5.63588 2.10711
      vertex 0.0797272 5.66103 3.17704
      vertex 0.0797272 5.66103 2.09918
    endloop
  endfacet
  facet normal -0.990523 0.13735 -2.35296e-06
    outer loop
      vertex 0.0553436 5.4852 3.08926
      vertex 0.0762399 5.63588 2.10711
      vertex 0.0700388 5.59116 2.11702
    endloop
  endfacet
  facet normal -0.990517 0.137388 1.79033e-06
    outer loop
      vertex 0.0553436 5.4852 3.08926
      vertex 0.0700388 5.59116 2.11702
      vertex 0.0637417 5.54576 2.123
    endloop
  endfacet
  facet normal -0.990522 0.137355 -3.04963e-07
    outer loop
      vertex 0.0553436 5.4852 3.08926
      vertex 0.0637417 5.54576 2.123
      vertex 0.0573962 5.5 2.125
    endloop
  endfacet
  facet normal -0.990519 0.137374 0
    outer loop
      vertex 0.0553436 5.4852 3.08926
      vertex 0.0573962 5.5 2.125
      vertex 0.0553436 5.4852 2.12435
    endloop
  endfacet
  facet normal -0.990521 0.137363 -4.02675e-07
    outer loop
      vertex 0.0762399 5.63588 2.10711
      vertex 0.0553436 5.4852 3.08926
      vertex 0.0797272 5.66103 3.17704
    endloop
  endfacet
  facet normal -0.994686 0.102955 0
    outer loop
      vertex 0.0553436 5.4852 0
      vertex 0.0521391 5.45424 1.077
      vertex 0.0553436 5.4852 1.07565
    endloop
  endfacet
  facet normal -0.994685 0.102965 2.99621e-07
    outer loop
      vertex 0.0354004 5.29254 0
      vertex 0.0521391 5.45424 1.077
      vertex 0.0553436 5.4852 0
    endloop
  endfacet
  facet normal -0.994685 0.102962 6.68468e-07
    outer loop
      vertex 0.0521391 5.45424 1.077
      vertex 0.0354004 5.29254 0
      vertex 0.0474386 5.40883 1.08298
    endloop
  endfacet
  facet normal -0.994684 0.102977 -8.74865e-07
    outer loop
      vertex 0.0474386 5.40883 1.08298
      vertex 0.0354004 5.29254 0
      vertex 0.0428099 5.36412 1.09289
    endloop
  endfacet
  facet normal -0.994685 0.102966 -1.87165e-07
    outer loop
      vertex 0.0428099 5.36412 1.09289
      vertex 0.0354004 5.29254 0
      vertex 0.0382883 5.32044 1.10666
    endloop
  endfacet
  facet normal -0.994686 0.102959 0
    outer loop
      vertex 0.0382883 5.32044 1.10666
      vertex 0.0354004 5.29254 0
      vertex 0.0354004 5.29254 1.11822
    endloop
  endfacet
  facet normal -0.994686 0.102955 -2.22748e-06
    outer loop
      vertex 0.0354004 5.29254 3.01745
      vertex 0.0553436 5.4852 2.12435
      vertex 0.0521391 5.45424 2.123
    endloop
  endfacet
  facet normal -0.994685 0.102962 -8.01725e-07
    outer loop
      vertex 0.0354004 5.29254 3.01745
      vertex 0.0521391 5.45424 2.123
      vertex 0.0474386 5.40883 2.11702
    endloop
  endfacet
  facet normal -0.994684 0.102977 1.0473e-06
    outer loop
      vertex 0.0354004 5.29254 3.01745
      vertex 0.0474386 5.40883 2.11702
      vertex 0.0428099 5.36412 2.10711
    endloop
  endfacet
  facet normal -0.994685 0.102966 2.2379e-07
    outer loop
      vertex 0.0354004 5.29254 3.01745
      vertex 0.0428099 5.36412 2.10711
      vertex 0.0382883 5.32044 2.09334
    endloop
  endfacet
  facet normal -0.994686 0.102959 0
    outer loop
      vertex 0.0354004 5.29254 3.01745
      vertex 0.0382883 5.32044 2.09334
      vertex 0.0354004 5.29254 2.08178
    endloop
  endfacet
  facet normal -0.994685 0.102965 0
    outer loop
      vertex 0.0553436 5.4852 2.12435
      vertex 0.0354004 5.29254 3.01745
      vertex 0.0553436 5.4852 3.08926
    endloop
  endfacet
  facet normal -0.984591 -0.174875 0
    outer loop
      vertex 0.108582 1.9765 0
      vertex 0.0797272 2.13896 1.0896
      vertex 0.0797272 2.13896 0
    endloop
  endfacet
  facet normal -0.984588 -0.17489 2.3181e-06
    outer loop
      vertex 0.0797272 2.13896 1.0896
      vertex 0.108582 1.9765 0
      vertex 0.0823632 2.12412 1.09289
    endloop
  endfacet
  facet normal -0.98459 -0.174877 5.59852e-07
    outer loop
      vertex 0.0823632 2.12412 1.09289
      vertex 0.108582 1.9765 0
      vertex 0.0901214 2.08044 1.10666
    endloop
  endfacet
  facet normal -0.984589 -0.174887 1.4633e-06
    outer loop
      vertex 0.0901214 2.08044 1.10666
      vertex 0.108582 1.9765 0
      vertex 0.0976367 2.03813 1.12419
    endloop
  endfacet
  facet normal -0.984595 -0.17485 -5.994e-07
    outer loop
      vertex 0.0976367 2.03813 1.12419
      vertex 0.108582 1.9765 0
      vertex 0.104852 1.9975 1.14534
    endloop
  endfacet
  facet normal -0.984589 -0.174882 0
    outer loop
      vertex 0.104852 1.9975 1.14534
      vertex 0.108582 1.9765 0
      vertex 0.108582 1.9765 1.15871
    endloop
  endfacet
  facet normal -0.984588 -0.17489 0
    outer loop
      vertex 0.0823632 2.12412 2.10711
      vertex 0.0797272 2.13896 3.17704
      vertex 0.0797272 2.13896 2.1104
    endloop
  endfacet
  facet normal -0.98459 -0.174877 -1.86041e-07
    outer loop
      vertex 0.0901214 2.08044 2.09334
      vertex 0.0797272 2.13896 3.17704
      vertex 0.0823632 2.12412 2.10711
    endloop
  endfacet
  facet normal -0.984588 -0.174887 3.68e-07
    outer loop
      vertex 0.0976367 2.03813 2.07581
      vertex 0.0797272 2.13896 3.17704
      vertex 0.0901214 2.08044 2.09334
    endloop
  endfacet
  facet normal -0.984591 -0.174874 -8.59263e-07
    outer loop
      vertex 0.0976367 2.03813 2.07581
      vertex 0.0999908 2.02487 3.25
      vertex 0.0797272 2.13896 3.17704
    endloop
  endfacet
  facet normal -0.984595 -0.17485 -5.70287e-07
    outer loop
      vertex 0.104852 1.9975 2.05466
      vertex 0.0999908 2.02487 3.25
      vertex 0.0976367 2.03813 2.07581
    endloop
  endfacet
  facet normal -0.984589 -0.174882 -0
    outer loop
      vertex 0.108582 1.9765 3.27291
      vertex 0.104852 1.9975 2.05466
      vertex 0.108582 1.9765 2.04129
    endloop
  endfacet
  facet normal -0.98459 -0.174877 8.25467e-08
    outer loop
      vertex 0.104852 1.9975 2.05466
      vertex 0.108582 1.9765 3.27291
      vertex 0.0999908 2.02487 3.25
    endloop
  endfacet
  facet normal -0.894341 0.447386 0
    outer loop
      vertex 0.320465 6.49409 3.69227
      vertex 0.376572 6.60625 0
      vertex 0.320465 6.49409 0
    endloop
  endfacet
  facet normal -0.894341 0.447386 0
    outer loop
      vertex 0.376572 6.60625 0
      vertex 0.320465 6.49409 3.69227
      vertex 0.376572 6.60625 3.72593
    endloop
  endfacet
  facet normal -0.837155 -0.546965 0
    outer loop
      vertex 0.502838 0.987473 0
      vertex 0.437347 1.08771 3.7624
      vertex 0.437347 1.08771 0
    endloop
  endfacet
  facet normal -0.837155 -0.546965 -0
    outer loop
      vertex 0.502838 0.987473 3.80044
      vertex 0.437347 1.08771 3.7624
      vertex 0.502838 0.987473 0
    endloop
  endfacet
  facet normal -0.837101 -0.547049 -0.000314994
    outer loop
      vertex 0.437347 1.08771 3.7624
      vertex 0.502838 0.987473 3.80044
      vertex 0.5 0.991816 3.79999
    endloop
  endfacet
  facet normal -0.0700049 0.997547 0
    outer loop
      vertex 2.7576 7.78033 0
      vertex 2.53958 7.76503 3.89999
      vertex 2.7576 7.78033 3.89999
    endloop
  endfacet
  facet normal -0.0700049 0.997547 0
    outer loop
      vertex 2.53958 7.76503 3.89999
      vertex 2.7576 7.78033 0
      vertex 2.53958 7.76503 0
    endloop
  endfacet
  facet normal 0.936931 0.349514 0.000487502
    outer loop
      vertex 7.6779 6.24982 3.60162
      vertex 7.631 6.37546 3.66139
      vertex 7.64999 6.32457 3.64999
    endloop
  endfacet
  facet normal 0.936855 0.349718 0
    outer loop
      vertex 7.631 6.37546 3.66139
      vertex 7.6779 6.24982 3.60162
      vertex 7.631 6.37546 0
    endloop
  endfacet
  facet normal 0.936855 0.349718 0
    outer loop
      vertex 7.631 6.37546 0
      vertex 7.6779 6.24982 3.60162
      vertex 7.6779 6.24982 0
    endloop
  endfacet
  facet normal -0.438329 -0.898815 0
    outer loop
      vertex 1.32263 0.316406 0
      vertex 1.20905 0.371796 3.88417
      vertex 1.20905 0.371796 0
    endloop
  endfacet
  facet normal -0.438329 -0.898815 0
    outer loop
      vertex 1.20905 0.371796 3.88417
      vertex 1.32263 0.316406 0
      vertex 1.32263 0.316406 3.88644
    endloop
  endfacet
  facet normal -0.953032 -0.30287 0
    outer loop
      vertex 0.222092 1.55017 0
      vertex 0.179733 1.68346 3.46263
      vertex 0.179733 1.68346 0
    endloop
  endfacet
  facet normal -0.953032 -0.30287 0
    outer loop
      vertex 0.179733 1.68346 3.46263
      vertex 0.222092 1.55017 0
      vertex 0.222092 1.55017 3.57558
    endloop
  endfacet
  facet normal -0.966177 -0.257879 0
    outer loop
      vertex 0.179733 1.68346 0
      vertex 0.141907 1.82518 1.30635
      vertex 0.141907 1.82518 0
    endloop
  endfacet
  facet normal -0.966171 -0.257901 2.58898e-06
    outer loop
      vertex 0.141907 1.82518 1.30635
      vertex 0.179733 1.68346 0
      vertex 0.147203 1.80534 1.3375
    endloop
  endfacet
  facet normal -0.966178 -0.257876 9.01066e-08
    outer loop
      vertex 0.147203 1.80534 1.3375
      vertex 0.179733 1.68346 0
      vertex 0.152848 1.78419 1.37813
    endloop
  endfacet
  facet normal -0.966188 -0.25784 -2.68943e-06
    outer loop
      vertex 0.152848 1.78419 1.37813
      vertex 0.179733 1.68346 0
      vertex 0.157526 1.76666 1.42044
    endloop
  endfacet
  facet normal -0.966167 -0.257918 2.19988e-06
    outer loop
      vertex 0.157526 1.76666 1.42044
      vertex 0.179733 1.68346 0
      vertex 0.161202 1.75289 1.46412
    endloop
  endfacet
  facet normal -0.966178 -0.257875 7.67956e-09
    outer loop
      vertex 0.161202 1.75289 1.46412
      vertex 0.179733 1.68346 0
      vertex 0.163847 1.74298 1.50883
    endloop
  endfacet
  facet normal -0.966232 -0.257673 -7.50601e-06
    outer loop
      vertex 0.165443 1.737 1.55424
      vertex 0.179733 1.68346 0
      vertex 0.165976 1.735 1.6
    endloop
  endfacet
  facet normal -0.966181 -0.257866 -3.59261e-07
    outer loop
      vertex 0.163847 1.74298 1.50883
      vertex 0.179733 1.68346 0
      vertex 0.165443 1.737 1.55424
    endloop
  endfacet
  facet normal -0.966171 -0.257902 -2.20944e-06
    outer loop
      vertex 0.179733 1.68346 3.46263
      vertex 0.141907 1.82518 1.89365
      vertex 0.147203 1.80534 1.8625
    endloop
  endfacet
  facet normal -0.966178 -0.257876 -7.72051e-08
    outer loop
      vertex 0.179733 1.68346 3.46263
      vertex 0.147203 1.80534 1.8625
      vertex 0.152848 1.78419 1.82187
    endloop
  endfacet
  facet normal -0.966188 -0.257839 2.3145e-06
    outer loop
      vertex 0.179733 1.68346 3.46263
      vertex 0.152848 1.78419 1.82187
      vertex 0.157526 1.76666 1.77956
    endloop
  endfacet
  facet normal -0.966167 -0.257919 -1.90314e-06
    outer loop
      vertex 0.179733 1.68346 3.46263
      vertex 0.157526 1.76666 1.77956
      vertex 0.161202 1.75289 1.73588
    endloop
  endfacet
  facet normal -0.966178 -0.257875 -6.69065e-09
    outer loop
      vertex 0.179733 1.68346 3.46263
      vertex 0.161202 1.75289 1.73588
      vertex 0.163847 1.74298 1.69116
    endloop
  endfacet
  facet normal -0.966181 -0.257866 3.16838e-07
    outer loop
      vertex 0.179733 1.68346 3.46263
      vertex 0.163847 1.74298 1.69116
      vertex 0.165443 1.737 1.64576
    endloop
  endfacet
  facet normal -0.966177 -0.257879 0
    outer loop
      vertex 0.141907 1.82518 1.89365
      vertex 0.179733 1.68346 3.46263
      vertex 0.141907 1.82518 3.36177
    endloop
  endfacet
  facet normal -0.966236 -0.257659 6.85797e-06
    outer loop
      vertex 0.165976 1.735 1.6
      vertex 0.179733 1.68346 3.46263
      vertex 0.165443 1.737 1.64576
    endloop
  endfacet
  facet normal -0.966174 -0.25789 -0
    outer loop
      vertex 0.179733 1.68346 3.46263
      vertex 0.165976 1.735 1.6
      vertex 0.179733 1.68346 0
    endloop
  endfacet
  facet normal -0.976598 -0.215075 0
    outer loop
      vertex 0.141907 1.82518 0
      vertex 0.108582 1.9765 1.15871
      vertex 0.108582 1.9765 0
    endloop
  endfacet
  facet normal -0.976604 -0.215044 -4.21539e-06
    outer loop
      vertex 0.108582 1.9765 1.15871
      vertex 0.141907 1.82518 0
      vertex 0.112464 1.95887 1.16994
    endloop
  endfacet
  facet normal -0.976592 -0.215101 2.6022e-06
    outer loop
      vertex 0.112464 1.95887 1.16994
      vertex 0.141907 1.82518 0
      vertex 0.120466 1.92254 1.19783
    endloop
  endfacet
  facet normal -0.976598 -0.215071 8.42611e-08
    outer loop
      vertex 0.120466 1.92254 1.19783
      vertex 0.141907 1.82518 0
      vertex 0.127903 1.88877 1.22877
    endloop
  endfacet
  facet normal -0.976597 -0.215078 4.49814e-07
    outer loop
      vertex 0.127903 1.88877 1.22877
      vertex 0.141907 1.82518 0
      vertex 0.134717 1.85783 1.26254
    endloop
  endfacet
  facet normal -0.976613 -0.215004 -1.55889e-06
    outer loop
      vertex 0.134717 1.85783 1.26254
      vertex 0.141907 1.82518 0
      vertex 0.140857 1.82994 1.29887
    endloop
  endfacet
  facet normal -0.976524 -0.21541 0
    outer loop
      vertex 0.140857 1.82994 1.29887
      vertex 0.141907 1.82518 0
      vertex 0.141907 1.82518 1.30635
    endloop
  endfacet
  facet normal -0.976605 -0.215041 0
    outer loop
      vertex 0.112464 1.95887 2.03005
      vertex 0.108582 1.9765 3.27291
      vertex 0.108582 1.9765 2.04129
    endloop
  endfacet
  facet normal -0.976592 -0.215101 -2.30876e-06
    outer loop
      vertex 0.141907 1.82518 3.36177
      vertex 0.112464 1.95887 2.03005
      vertex 0.120466 1.92254 2.00217
    endloop
  endfacet
  facet normal -0.976598 -0.215071 -7.48527e-08
    outer loop
      vertex 0.141907 1.82518 3.36177
      vertex 0.120466 1.92254 2.00217
      vertex 0.127903 1.88877 1.97123
    endloop
  endfacet
  facet normal -0.976597 -0.215078 -3.99972e-07
    outer loop
      vertex 0.141907 1.82518 3.36177
      vertex 0.127903 1.88877 1.97123
      vertex 0.134717 1.85783 1.93746
    endloop
  endfacet
  facet normal -0.976613 -0.215004 1.38697e-06
    outer loop
      vertex 0.141907 1.82518 3.36177
      vertex 0.134717 1.85783 1.93746
      vertex 0.140857 1.82994 1.90113
    endloop
  endfacet
  facet normal -0.976524 -0.21541 -0
    outer loop
      vertex 0.141907 1.82518 3.36177
      vertex 0.140857 1.82994 1.90113
      vertex 0.141907 1.82518 1.89365
    endloop
  endfacet
  facet normal -0.976598 -0.215074 4.91862e-07
    outer loop
      vertex 0.112464 1.95887 2.03005
      vertex 0.141907 1.82518 3.36177
      vertex 0.108582 1.9765 3.27291
    endloop
  endfacet
  facet normal 0.251725 0.967799 0
    outer loop
      vertex 6.05139 7.65987 0
      vertex 6.19495 7.62253 3.89566
      vertex 6.19495 7.62253 0
    endloop
  endfacet
  facet normal 0.251725 0.967799 0
    outer loop
      vertex 6.19495 7.62253 3.89566
      vertex 6.05139 7.65987 0
      vertex 6.05139 7.65987 3.89885
    endloop
  endfacet
  facet normal -0.251813 -0.967776 0
    outer loop
      vertex 1.84859 0.140106 0
      vertex 1.70503 0.17746 3.89409
      vertex 1.70503 0.17746 0
    endloop
  endfacet
  facet normal -0.251813 -0.967776 0
    outer loop
      vertex 1.70503 0.17746 3.89409
      vertex 1.84859 0.140106 0
      vertex 1.84859 0.140106 3.89697
    endloop
  endfacet
  facet normal -0.0433065 0.999062 0
    outer loop
      vertex 3.00975 7.79126 0
      vertex 2.7576 7.78033 3.89999
      vertex 3.00975 7.79126 3.89999
    endloop
  endfacet
  facet normal -0.0433065 0.999062 0
    outer loop
      vertex 2.7576 7.78033 3.89999
      vertex 3.00975 7.79126 0
      vertex 2.7576 7.78033 0
    endloop
  endfacet
  facet normal 0.984594 0.174859 -1.74987e-05
    outer loop
      vertex 7.82025 5.66103 3.28869
      vertex 7.7914 5.82349 3.40489
      vertex 7.79999 5.77512 3.39
    endloop
  endfacet
  facet normal 0.984596 0.174847 0
    outer loop
      vertex 7.7914 5.82349 3.40489
      vertex 7.82025 5.66103 3.28869
      vertex 7.7914 5.82349 0
    endloop
  endfacet
  facet normal 0.984596 0.174847 0
    outer loop
      vertex 7.7914 5.82349 0
      vertex 7.82025 5.66103 3.28869
      vertex 7.82025 5.66103 0
    endloop
  endfacet
  facet normal 0.802881 0.59614 0
    outer loop
      vertex 7.39714 6.81252 3.80044
      vertex 7.32684 6.9072 0
      vertex 7.32684 6.9072 3.81169
    endloop
  endfacet
  facet normal 0.802881 0.59614 0
    outer loop
      vertex 7.32684 6.9072 0
      vertex 7.39714 6.81252 3.80044
      vertex 7.39714 6.81252 0
    endloop
  endfacet
  facet normal 0.867603 0.497258 0
    outer loop
      vertex 7.52342 6.60625 3.72593
      vertex 7.46265 6.71228 0
      vertex 7.46265 6.71228 3.7624
    endloop
  endfacet
  facet normal 0.867603 0.497258 0
    outer loop
      vertex 7.46265 6.71228 0
      vertex 7.52342 6.60625 3.72593
      vertex 7.52342 6.60625 0
    endloop
  endfacet
  facet normal -0.0700258 -0.997545 0
    outer loop
      vertex 2.53958 0.0349579 0
      vertex 2.7576 0.0196533 3.89999
      vertex 2.53958 0.0349579 3.89999
    endloop
  endfacet
  facet normal -0.0700258 -0.997545 -0
    outer loop
      vertex 2.7576 0.0196533 3.89999
      vertex 2.53958 0.0349579 0
      vertex 2.7576 0.0196533 0
    endloop
  endfacet
  facet normal -0.837163 0.546954 0
    outer loop
      vertex 0.437347 6.71228 3.7624
      vertex 0.502838 6.81252 3.80044
      vertex 0.502838 6.81252 0
    endloop
  endfacet
  facet normal -0.837163 0.546954 0
    outer loop
      vertex 0.437347 6.71228 3.7624
      vertex 0.502838 6.81252 0
      vertex 0.437347 6.71228 0
    endloop
  endfacet
  facet normal -0.837649 0.546202 0.00281659
    outer loop
      vertex 0.502838 6.81252 3.80044
      vertex 0.437347 6.71228 3.7624
      vertex 0.5 6.80817 3.79999
    endloop
  endfacet
  facet normal 0.724103 0.689692 0
    outer loop
      vertex 7.25166 6.99655 3.82372
      vertex 7.17149 7.08072 0
      vertex 7.17149 7.08072 3.83655
    endloop
  endfacet
  facet normal 0.724103 0.689692 0
    outer loop
      vertex 7.17149 7.08072 0
      vertex 7.25166 6.99655 3.82372
      vertex 7.25166 6.99655 0
    endloop
  endfacet
  facet normal 0.765173 0.643825 0
    outer loop
      vertex 7.32684 6.9072 3.81169
      vertex 7.25166 6.99655 0
      vertex 7.25166 6.99655 3.82372
    endloop
  endfacet
  facet normal 0.765173 0.643825 0
    outer loop
      vertex 7.25166 6.99655 0
      vertex 7.32684 6.9072 3.81169
      vertex 7.32684 6.9072 0
    endloop
  endfacet
  facet normal -0.953032 0.30287 0
    outer loop
      vertex 0.179733 6.11653 3.46263
      vertex 0.222092 6.24982 0
      vertex 0.179733 6.11653 0
    endloop
  endfacet
  facet normal -0.953032 0.30287 0
    outer loop
      vertex 0.222092 6.24982 0
      vertex 0.179733 6.11653 3.46263
      vertex 0.222092 6.24982 3.57558
    endloop
  endfacet
  facet normal -0.917364 -0.39805 0
    outer loop
      vertex 0.320465 1.30588 0
      vertex 0.268982 1.42453 3.66138
      vertex 0.268982 1.42453 0
    endloop
  endfacet
  facet normal -0.917364 -0.39805 0
    outer loop
      vertex 0.268982 1.42453 3.66138
      vertex 0.320465 1.30588 0
      vertex 0.320465 1.30588 3.69227
    endloop
  endfacet
  facet normal 0.100347 0.994953 -0
    outer loop
      vertex 5.55553 7.74535 0
      vertex 5.3604 7.76503 3.89999
      vertex 5.55553 7.74535 3.89999
    endloop
  endfacet
  facet normal 0.100347 0.994953 0
    outer loop
      vertex 5.3604 7.76503 3.89999
      vertex 5.55553 7.74535 0
      vertex 5.3604 7.76503 0
    endloop
  endfacet
  facet normal -0.93688 -0.349652 0
    outer loop
      vertex 0.268982 1.42453 0
      vertex 0.222092 1.55017 3.57558
      vertex 0.222092 1.55017 0
    endloop
  endfacet
  facet normal -0.93688 -0.349652 -0
    outer loop
      vertex 0.268982 1.42453 3.66138
      vertex 0.222092 1.55017 3.57558
      vertex 0.268982 1.42453 0
    endloop
  endfacet
  facet normal -0.936874 -0.349666 -2.33456e-05
    outer loop
      vertex 0.222092 1.55017 3.57558
      vertex 0.268982 1.42453 3.66138
      vertex 0.25 1.47539 3.64999
    endloop
  endfacet
  facet normal 0.438297 -0.89883 0
    outer loop
      vertex 6.57736 0.316406 0
      vertex 6.69095 0.371796 3.88464
      vertex 6.57736 0.316406 3.88716
    endloop
  endfacet
  facet normal 0.438297 -0.89883 0
    outer loop
      vertex 6.69095 0.371796 3.88464
      vertex 6.57736 0.316406 0
      vertex 6.69095 0.371796 0
    endloop
  endfacet
  facet normal 0.295861 0.955231 0
    outer loop
      vertex 6.19495 7.62253 0
      vertex 6.32994 7.58072 3.89266
      vertex 6.32994 7.58072 0
    endloop
  endfacet
  facet normal 0.295861 0.955231 0
    outer loop
      vertex 6.32994 7.58072 3.89266
      vertex 6.19495 7.62253 0
      vertex 6.19495 7.62253 3.89566
    endloop
  endfacet
  facet normal 0.9174 -0.397965 0
    outer loop
      vertex 7.57953 1.30588 0
      vertex 7.631 1.42453 3.66139
      vertex 7.57953 1.30588 3.69227
    endloop
  endfacet
  facet normal 0.9174 -0.397965 0
    outer loop
      vertex 7.631 1.42453 3.66139
      vertex 7.57953 1.30588 0
      vertex 7.631 1.42453 0
    endloop
  endfacet
  facet normal 0.209854 0.977733 -0
    outer loop
      vertex 6.05139 7.65987 0
      vertex 6 7.6709 3.89999
      vertex 6.05139 7.65987 3.89885
    endloop
  endfacet
  facet normal 0.209947 0.977713 1.2875e-06
    outer loop
      vertex 5.89813 7.69278 0
      vertex 6 7.6709 3.89999
      vertex 6.05139 7.65987 0
    endloop
  endfacet
  facet normal 0.209994 0.977703 0
    outer loop
      vertex 6 7.6709 3.89999
      vertex 5.89813 7.69278 0
      vertex 5.89813 7.69278 3.89999
    endloop
  endfacet
  facet normal 0.994692 -0.102897 0
    outer loop
      vertex 7.84465 2.31479 0
      vertex 7.86458 2.50745 3.06707
      vertex 7.84465 2.31479 3.1667
    endloop
  endfacet
  facet normal 0.994692 -0.102897 0
    outer loop
      vertex 7.86458 2.50745 3.06707
      vertex 7.84465 2.31479 0
      vertex 7.86458 2.50745 0
    endloop
  endfacet
  facet normal 0.134001 0.990981 -0
    outer loop
      vertex 5.73361 7.72127 0
      vertex 5.55553 7.74535 3.89999
      vertex 5.73361 7.72127 3.89999
    endloop
  endfacet
  facet normal 0.134001 0.990981 0
    outer loop
      vertex 5.55553 7.74535 3.89999
      vertex 5.73361 7.72127 0
      vertex 5.55553 7.74535 0
    endloop
  endfacet
  facet normal -0.765194 -0.643799 0
    outer loop
      vertex 0.648331 0.803436 0
      vertex 0.573151 0.892792 3.81169
      vertex 0.573151 0.892792 0
    endloop
  endfacet
  facet normal -0.765194 -0.643799 0
    outer loop
      vertex 0.573151 0.892792 3.81169
      vertex 0.648331 0.803436 0
      vertex 0.648331 0.803436 3.82372
    endloop
  endfacet
  facet normal 0.487809 0.872951 0
    outer loop
      vertex 6.69095 7.42819 0
      vertex 6.79834 7.36818 3.88225
      vertex 6.79834 7.36818 0
    endloop
  endfacet
  facet normal 0.487809 0.872951 0
    outer loop
      vertex 6.79834 7.36818 3.88225
      vertex 6.69095 7.42819 0
      vertex 6.69095 7.42819 3.88464
    endloop
  endfacet
  facet normal 0.976591 -0.215106 0
    outer loop
      vertex 7.75807 1.82518 0
      vertex 7.7914 1.9765 3.40489
      vertex 7.75807 1.82518 3.46266
    endloop
  endfacet
  facet normal 0.976591 -0.215106 0
    outer loop
      vertex 7.7914 1.9765 3.40489
      vertex 7.75807 1.82518 0
      vertex 7.7914 1.9765 0
    endloop
  endfacet
  facet normal -0.133993 0.990982 0
    outer loop
      vertex 2.34447 7.74535 0
      vertex 2.16638 7.72127 3.89999
      vertex 2.34447 7.74535 3.89999
    endloop
  endfacet
  facet normal -0.133993 0.990982 0
    outer loop
      vertex 2.16638 7.72127 3.89999
      vertex 2.34447 7.74535 0
      vertex 2.16638 7.72127 0
    endloop
  endfacet
  facet normal 0.894331 0.447405 0
    outer loop
      vertex 7.57953 6.49409 3.69227
      vertex 7.52342 6.60625 0
      vertex 7.52342 6.60625 3.72593
    endloop
  endfacet
  facet normal 0.894331 0.447405 0
    outer loop
      vertex 7.52342 6.60625 0
      vertex 7.57953 6.49409 3.69227
      vertex 7.57953 6.49409 0
    endloop
  endfacet
  facet normal -0.209875 -0.977728 -2.82803e-08
    outer loop
      vertex 2.00185 0.107208 0
      vertex 2 0.107605 3.89999
      vertex 1.84859 0.140106 3.89697
    endloop
  endfacet
  facet normal -0.209874 -0.977728 0
    outer loop
      vertex 2.00185 0.107208 0
      vertex 1.84859 0.140106 3.89697
      vertex 1.84859 0.140106 0
    endloop
  endfacet
  facet normal -0.209818 -0.97774 0
    outer loop
      vertex 2 0.107605 3.89999
      vertex 2.00185 0.107208 0
      vertex 2.00185 0.107208 3.89999
    endloop
  endfacet
  facet normal -0.389595 0.920986 0
    outer loop
      vertex 1.44279 7.53441 0
      vertex 1.32263 7.48358 3.88644
      vertex 1.44279 7.53441 3.88885
    endloop
  endfacet
  facet normal -0.389595 0.920986 0
    outer loop
      vertex 1.32263 7.48358 3.88644
      vertex 1.44279 7.53441 0
      vertex 1.32263 7.48358 0
    endloop
  endfacet
  facet normal 0.34201 0.939696 0
    outer loop
      vertex 6.32994 7.58072 0
      vertex 6.45718 7.53441 3.88983
      vertex 6.45718 7.53441 0
    endloop
  endfacet
  facet normal 0.34201 0.939696 0
    outer loop
      vertex 6.45718 7.53441 3.88983
      vertex 6.32994 7.58072 0
      vertex 6.32994 7.58072 3.89266
    endloop
  endfacet
  facet normal 0.976585 0.215133 0
    outer loop
      vertex 7.7914 5.82349 3.40489
      vertex 7.75807 5.97479 0
      vertex 7.75807 5.97479 3.46266
    endloop
  endfacet
  facet normal 0.976585 0.215133 0
    outer loop
      vertex 7.75807 5.97479 0
      vertex 7.7914 5.82349 3.40489
      vertex 7.7914 5.82349 0
    endloop
  endfacet
  facet normal 0.8943 -0.447469 0
    outer loop
      vertex 7.52342 1.19374 0
      vertex 7.57953 1.30588 3.69227
      vertex 7.52342 1.19374 3.72593
    endloop
  endfacet
  facet normal 0.8943 -0.447469 0
    outer loop
      vertex 7.57953 1.30588 3.69227
      vertex 7.52342 1.19374 0
      vertex 7.57953 1.30588 0
    endloop
  endfacet
  facet normal 0.999994 -0.00357695 0
    outer loop
      vertex 7.89778 3.28215 0
      vertex 7.89999 3.89999 2.89
      vertex 7.89778 3.28215 2.90106
    endloop
  endfacet
  facet normal 0.999994 -0.00357695 0
    outer loop
      vertex 7.89999 3.89999 2.89
      vertex 7.89778 3.28215 0
      vertex 7.89999 3.89999 0
    endloop
  endfacet
  facet normal 0.990508 -0.137453 0
    outer loop
      vertex 7.82025 2.13896 0
      vertex 7.84465 2.31479 3.1667
      vertex 7.82025 2.13896 3.28869
    endloop
  endfacet
  facet normal 0.990508 -0.137453 0
    outer loop
      vertex 7.84465 2.31479 3.1667
      vertex 7.82025 2.13896 0
      vertex 7.84465 2.31479 0
    endloop
  endfacet
  facet normal 0 0 -1
    outer loop
      vertex 4.57576 0.00218201 0
      vertex 7.89999 3.89999 0
      vertex 7.89778 3.28215 0
    endloop
  endfacet
  facet normal 0 0 -1
    outer loop
      vertex 4.89024 0.00872803 0
      vertex 7.89778 3.28215 0
      vertex 7.89114 2.97165 0
    endloop
  endfacet
  facet normal 0 0 -1
    outer loop
      vertex 3.95 7.79999 0
      vertex 7.89999 3.89999 0
      vertex 3.95 0 0
    endloop
  endfacet
  facet normal 0 0 -1
    outer loop
      vertex 5.14238 0.0196533 0
      vertex 7.89114 2.97165 0
      vertex 7.88008 2.72269 0
    endloop
  endfacet
  facet normal -0 -0 -1
    outer loop
      vertex 4.57576 7.79781 0
      vertex 7.89999 3.89999 0
      vertex 3.95 7.79999 0
    endloop
  endfacet
  facet normal 0 0 -1
    outer loop
      vertex 5.3604 0.0349579 0
      vertex 7.88008 2.72269 0
      vertex 7.86458 2.50745 0
    endloop
  endfacet
  facet normal 0 0 -1
    outer loop
      vertex 7.89999 3.89999 0
      vertex 4.57576 7.79781 0
      vertex 7.89778 4.51784 0
    endloop
  endfacet
  facet normal 0 0 -1
    outer loop
      vertex 5.55553 0.0546417 0
      vertex 7.86458 2.50745 0
      vertex 7.84465 2.31479 0
    endloop
  endfacet
  facet normal 0 0 -1
    outer loop
      vertex 7.89999 3.89999 0
      vertex 4.57576 0.00218201 0
      vertex 3.95 0 0
    endloop
  endfacet
  facet normal 0 0 -1
    outer loop
      vertex 5.55553 0.0546417 0
      vertex 7.84465 2.31479 0
      vertex 7.82025 2.13896 0
    endloop
  endfacet
  facet normal -0 -0 -1
    outer loop
      vertex 4.89024 7.79126 0
      vertex 7.89778 4.51784 0
      vertex 4.57576 7.79781 0
    endloop
  endfacet
  facet normal 0 0 -1
    outer loop
      vertex 5.73361 0.0787201 0
      vertex 7.82025 2.13896 0
      vertex 7.7914 1.9765 0
    endloop
  endfacet
  facet normal 0 0 -1
    outer loop
      vertex 7.89114 4.82834 0
      vertex 5.14238 7.78033 0
      vertex 7.88008 5.07729 0
    endloop
  endfacet
  facet normal 0 0 -1
    outer loop
      vertex 5.89813 0.107208 0
      vertex 7.7914 1.9765 0
      vertex 7.75807 1.82518 0
    endloop
  endfacet
  facet normal -0 -0 -1
    outer loop
      vertex 5.3604 7.76503 0
      vertex 7.88008 5.07729 0
      vertex 5.14238 7.78033 0
    endloop
  endfacet
  facet normal 0 0 -1
    outer loop
      vertex 6.05139 0.140106 0
      vertex 7.75807 1.82518 0
      vertex 7.72025 1.68346 0
    endloop
  endfacet
  facet normal 0 0 -1
    outer loop
      vertex 7.88008 5.07729 0
      vertex 5.3604 7.76503 0
      vertex 7.86458 5.29254 0
    endloop
  endfacet
  facet normal 0 0 -1
    outer loop
      vertex 6.05139 0.140106 0
      vertex 7.72025 1.68346 0
      vertex 7.6779 1.55017 0
    endloop
  endfacet
  facet normal -0 -0 -1
    outer loop
      vertex 5.55553 7.74535 0
      vertex 7.86458 5.29254 0
      vertex 5.3604 7.76503 0
    endloop
  endfacet
  facet normal 0 0 -1
    outer loop
      vertex 6.05139 0.140106 0
      vertex 7.6779 1.55017 0
      vertex 7.631 1.42453 0
    endloop
  endfacet
  facet normal 0 0 -1
    outer loop
      vertex 7.89778 3.28215 0
      vertex 4.89024 0.00872803 0
      vertex 4.57576 0.00218201 0
    endloop
  endfacet
  facet normal 0 0 -1
    outer loop
      vertex 6.05139 0.140106 0
      vertex 7.631 1.42453 0
      vertex 7.57953 1.30588 0
    endloop
  endfacet
  facet normal 0 0 -1
    outer loop
      vertex 7.86458 5.29254 0
      vertex 5.55553 7.74535 0
      vertex 7.84465 5.4852 0
    endloop
  endfacet
  facet normal 0 0 -1
    outer loop
      vertex 6.05139 0.140106 0
      vertex 7.57953 1.30588 0
      vertex 7.52342 1.19374 0
    endloop
  endfacet
  facet normal 0 0 -1
    outer loop
      vertex 7.82025 5.66103 0
      vertex 5.73361 7.72127 0
      vertex 7.7914 5.82349 0
    endloop
  endfacet
  facet normal 0 0 -1
    outer loop
      vertex 6.05139 0.140106 0
      vertex 7.52342 1.19374 0
      vertex 7.46265 1.08771 0
    endloop
  endfacet
  facet normal -0 -0 -1
    outer loop
      vertex 5.89813 7.69278 0
      vertex 7.7914 5.82349 0
      vertex 5.73361 7.72127 0
    endloop
  endfacet
  facet normal 0 0 -1
    outer loop
      vertex 6.05139 0.140106 0
      vertex 7.46265 1.08771 0
      vertex 7.39714 0.987473 0
    endloop
  endfacet
  facet normal 0 0 -1
    outer loop
      vertex 7.89114 2.97165 0
      vertex 5.14238 0.0196533 0
      vertex 4.89024 0.00872803 0
    endloop
  endfacet
  facet normal 0 0 -1
    outer loop
      vertex 6.05139 0.140106 0
      vertex 7.39714 0.987473 0
      vertex 7.32684 0.892792 0
    endloop
  endfacet
  facet normal 0 0 -1
    outer loop
      vertex 7.7914 5.82349 0
      vertex 5.89813 7.69278 0
      vertex 7.75807 5.97479 0
    endloop
  endfacet
  facet normal 0 0 -1
    outer loop
      vertex 6.05139 0.140106 0
      vertex 7.32684 0.892792 0
      vertex 7.25166 0.803436 0
    endloop
  endfacet
  facet normal 0 0 -1
    outer loop
      vertex 7.72025 6.11653 0
      vertex 6.05139 7.65987 0
      vertex 7.6779 6.24982 0
    endloop
  endfacet
  facet normal 0 0 -1
    outer loop
      vertex 6.05139 0.140106 0
      vertex 7.25166 0.803436 0
      vertex 7.17149 0.719269 0
    endloop
  endfacet
  facet normal 0 0 -1
    outer loop
      vertex 7.6779 6.24982 0
      vertex 6.05139 7.65987 0
      vertex 7.631 6.37546 0
    endloop
  endfacet
  facet normal 0 0 -1
    outer loop
      vertex 6.05139 0.140106 0
      vertex 7.17149 0.719269 0
      vertex 7.08624 0.640121 0
    endloop
  endfacet
  facet normal 0 0 -1
    outer loop
      vertex 7.88008 2.72269 0
      vertex 5.3604 0.0349579 0
      vertex 5.14238 0.0196533 0
    endloop
  endfacet
  facet normal 0 0 -1
    outer loop
      vertex 6.05139 0.140106 0
      vertex 7.08624 0.640121 0
      vertex 6.99576 0.565887 0
    endloop
  endfacet
  facet normal 0 0 -1
    outer loop
      vertex 7.631 6.37546 0
      vertex 6.05139 7.65987 0
      vertex 7.57953 6.49409 0
    endloop
  endfacet
  facet normal 0 0 -1
    outer loop
      vertex 6.05139 0.140106 0
      vertex 6.99576 0.565887 0
      vertex 6.89986 0.496475 0
    endloop
  endfacet
  facet normal 0 0 -1
    outer loop
      vertex 7.86458 2.50745 0
      vertex 5.55553 0.0546417 0
      vertex 5.3604 0.0349579 0
    endloop
  endfacet
  facet normal 0 0 -1
    outer loop
      vertex 6.05139 0.140106 0
      vertex 6.89986 0.496475 0
      vertex 6.79834 0.431808 0
    endloop
  endfacet
  facet normal 0 0 -1
    outer loop
      vertex 7.46265 6.71228 0
      vertex 6.05139 7.65987 0
      vertex 7.39714 6.81252 0
    endloop
  endfacet
  facet normal 0 0 -1
    outer loop
      vertex 6.05139 0.140106 0
      vertex 6.79834 0.431808 0
      vertex 6.69095 0.371796 0
    endloop
  endfacet
  facet normal 0 0 -1
    outer loop
      vertex 7.82025 2.13896 0
      vertex 5.73361 0.0787201 0
      vertex 5.55553 0.0546417 0
    endloop
  endfacet
  facet normal 0 0 -1
    outer loop
      vertex 6.05139 0.140106 0
      vertex 6.69095 0.371796 0
      vertex 6.57736 0.316406 0
    endloop
  endfacet
  facet normal 0 0 -1
    outer loop
      vertex 7.25166 6.99655 0
      vertex 6.05139 7.65987 0
      vertex 7.17149 7.08072 0
    endloop
  endfacet
  facet normal 0 0 -1
    outer loop
      vertex 6.05139 0.140106 0
      vertex 6.57736 0.316406 0
      vertex 6.45718 0.265579 0
    endloop
  endfacet
  facet normal 0 0 -1
    outer loop
      vertex 7.7914 1.9765 0
      vertex 5.89813 0.107208 0
      vertex 5.73361 0.0787201 0
    endloop
  endfacet
  facet normal 0 0 -1
    outer loop
      vertex 6.19495 0.17746 0
      vertex 6.45718 0.265579 0
      vertex 6.32994 0.219269 0
    endloop
  endfacet
  facet normal 0 0 -1
    outer loop
      vertex 6.05139 0.140106 0
      vertex 6.45718 0.265579 0
      vertex 6.19495 0.17746 0
    endloop
  endfacet
  facet normal 0 0 -1
    outer loop
      vertex 7.75807 1.82518 0
      vertex 6.05139 0.140106 0
      vertex 5.89813 0.107208 0
    endloop
  endfacet
  facet normal 0 0 -1
    outer loop
      vertex 6.45718 7.53441 0
      vertex 6.19495 7.62253 0
      vertex 6.32994 7.58072 0
    endloop
  endfacet
  facet normal 0 0 -1
    outer loop
      vertex 6.99576 7.2341 0
      vertex 6.05139 7.65987 0
      vertex 6.89986 7.3035 0
    endloop
  endfacet
  facet normal 0 0 -1
    outer loop
      vertex 6.45718 7.53441 0
      vertex 6.05139 7.65987 0
      vertex 6.19495 7.62253 0
    endloop
  endfacet
  facet normal 0 0 -1
    outer loop
      vertex 6.69095 7.42819 0
      vertex 6.05139 7.65987 0
      vertex 6.57736 7.48358 0
    endloop
  endfacet
  facet normal 0 0 -1
    outer loop
      vertex 6.57736 7.48358 0
      vertex 6.05139 7.65987 0
      vertex 6.45718 7.53441 0
    endloop
  endfacet
  facet normal 0 0 -1
    outer loop
      vertex 6.89986 7.3035 0
      vertex 6.05139 7.65987 0
      vertex 6.79834 7.36818 0
    endloop
  endfacet
  facet normal 0 0 -1
    outer loop
      vertex 6.79834 7.36818 0
      vertex 6.05139 7.65987 0
      vertex 6.69095 7.42819 0
    endloop
  endfacet
  facet normal 0 0 -1
    outer loop
      vertex 7.17149 7.08072 0
      vertex 6.05139 7.65987 0
      vertex 7.08624 7.15987 0
    endloop
  endfacet
  facet normal 0 0 -1
    outer loop
      vertex 7.08624 7.15987 0
      vertex 6.05139 7.65987 0
      vertex 6.99576 7.2341 0
    endloop
  endfacet
  facet normal 0 0 -1
    outer loop
      vertex 7.39714 6.81252 0
      vertex 6.05139 7.65987 0
      vertex 7.32684 6.9072 0
    endloop
  endfacet
  facet normal 0 0 -1
    outer loop
      vertex 7.32684 6.9072 0
      vertex 6.05139 7.65987 0
      vertex 7.25166 6.99655 0
    endloop
  endfacet
  facet normal 0 0 -1
    outer loop
      vertex 7.57953 6.49409 0
      vertex 6.05139 7.65987 0
      vertex 7.52342 6.60625 0
    endloop
  endfacet
  facet normal 0 0 -1
    outer loop
      vertex 7.52342 6.60625 0
      vertex 6.05139 7.65987 0
      vertex 7.46265 6.71228 0
    endloop
  endfacet
  facet normal -0 -0 -1
    outer loop
      vertex 6.05139 7.65987 0
      vertex 7.75807 5.97479 0
      vertex 5.89813 7.69278 0
    endloop
  endfacet
  facet normal 0 0 -1
    outer loop
      vertex 7.75807 5.97479 0
      vertex 6.05139 7.65987 0
      vertex 7.72025 6.11653 0
    endloop
  endfacet
  facet normal 0 0 -1
    outer loop
      vertex 7.84465 5.4852 0
      vertex 5.55553 7.74535 0
      vertex 7.82025 5.66103 0
    endloop
  endfacet
  facet normal -0 -0 -1
    outer loop
      vertex 5.73361 7.72127 0
      vertex 7.82025 5.66103 0
      vertex 5.55553 7.74535 0
    endloop
  endfacet
  facet normal 0 0 -1
    outer loop
      vertex 7.89778 4.51784 0
      vertex 4.89024 7.79126 0
      vertex 7.89114 4.82834 0
    endloop
  endfacet
  facet normal -0 -0 -1
    outer loop
      vertex 5.14238 7.78033 0
      vertex 7.89114 4.82834 0
      vertex 4.89024 7.79126 0
    endloop
  endfacet
  facet normal 0 0 -1
    outer loop
      vertex 0 3.89999 0
      vertex 3.95 0 0
      vertex 3.32423 0.00218201 0
    endloop
  endfacet
  facet normal 0 0 -1
    outer loop
      vertex 3.95 0 0
      vertex 0 3.89999 0
      vertex 3.95 7.79999 0
    endloop
  endfacet
  facet normal 0 0 -1
    outer loop
      vertex 0.00219727 3.28215 0
      vertex 3.32423 0.00218201 0
      vertex 3.00975 0.00872803 0
    endloop
  endfacet
  facet normal 0 0 -1
    outer loop
      vertex 3.95 7.79999 0
      vertex 0 3.89999 0
      vertex 3.32423 7.79781 0
    endloop
  endfacet
  facet normal 0 0 -1
    outer loop
      vertex 0.00883484 2.97165 0
      vertex 3.00975 0.00872803 0
      vertex 2.7576 0.0196533 0
    endloop
  endfacet
  facet normal 0 -0 -1
    outer loop
      vertex 0.00219727 4.51784 0
      vertex 3.32423 7.79781 0
      vertex 0 3.89999 0
    endloop
  endfacet
  facet normal 0 0 -1
    outer loop
      vertex 0.0199127 2.72269 0
      vertex 2.7576 0.0196533 0
      vertex 2.53958 0.0349579 0
    endloop
  endfacet
  facet normal 0 0 -1
    outer loop
      vertex 3.32423 7.79781 0
      vertex 0.00219727 4.51784 0
      vertex 3.00975 7.79126 0
    endloop
  endfacet
  facet normal 0 0 -1
    outer loop
      vertex 0.0354004 2.50745 0
      vertex 2.53958 0.0349579 0
      vertex 2.34447 0.0546417 0
    endloop
  endfacet
  facet normal 0 -0 -1
    outer loop
      vertex 0.00883484 4.82834 0
      vertex 3.00975 7.79126 0
      vertex 0.00219727 4.51784 0
    endloop
  endfacet
  facet normal 0 0 -1
    outer loop
      vertex 0.0553436 2.31479 0
      vertex 2.34447 0.0546417 0
      vertex 2.16638 0.0787201 0
    endloop
  endfacet
  facet normal 0 0 -1
    outer loop
      vertex 3.00975 7.79126 0
      vertex 0.00883484 4.82834 0
      vertex 2.7576 7.78033 0
    endloop
  endfacet
  facet normal 0 0 -1
    outer loop
      vertex 0.0797272 2.13896 0
      vertex 2.16638 0.0787201 0
      vertex 2.00185 0.107208 0
    endloop
  endfacet
  facet normal 0 -0 -1
    outer loop
      vertex 0.0199127 5.07729 0
      vertex 2.7576 7.78033 0
      vertex 0.00883484 4.82834 0
    endloop
  endfacet
  facet normal 0 0 -1
    outer loop
      vertex 0.108582 1.9765 0
      vertex 2.00185 0.107208 0
      vertex 1.84859 0.140106 0
    endloop
  endfacet
  facet normal 0 0 -1
    outer loop
      vertex 2.7576 7.78033 0
      vertex 0.0199127 5.07729 0
      vertex 2.53958 7.76503 0
    endloop
  endfacet
  facet normal 0 0 -1
    outer loop
      vertex 0.141907 1.82518 0
      vertex 1.84859 0.140106 0
      vertex 1.70503 0.17746 0
    endloop
  endfacet
  facet normal 0 -0 -1
    outer loop
      vertex 0.0354004 5.29254 0
      vertex 2.53958 7.76503 0
      vertex 0.0199127 5.07729 0
    endloop
  endfacet
  facet normal 0 0 -1
    outer loop
      vertex 0.141907 1.82518 0
      vertex 1.70503 0.17746 0
      vertex 1.57005 0.219269 0
    endloop
  endfacet
  facet normal 0 0 -1
    outer loop
      vertex 2.53958 7.76503 0
      vertex 0.0354004 5.29254 0
      vertex 2.34447 7.74535 0
    endloop
  endfacet
  facet normal 0 0 -1
    outer loop
      vertex 0.141907 1.82518 0
      vertex 1.57005 0.219269 0
      vertex 1.44279 0.265579 0
    endloop
  endfacet
  facet normal 0 -0 -1
    outer loop
      vertex 0.0553436 5.4852 0
      vertex 2.34447 7.74535 0
      vertex 0.0354004 5.29254 0
    endloop
  endfacet
  facet normal 0 0 -1
    outer loop
      vertex 0.141907 1.82518 0
      vertex 1.44279 0.265579 0
      vertex 1.32263 0.316406 0
    endloop
  endfacet
  facet normal 0 0 -1
    outer loop
      vertex 2.34447 7.74535 0
      vertex 0.0553436 5.4852 0
      vertex 2.16638 7.72127 0
    endloop
  endfacet
  facet normal 0 0 -1
    outer loop
      vertex 0.141907 1.82518 0
      vertex 1.32263 0.316406 0
      vertex 1.20905 0.371796 0
    endloop
  endfacet
  facet normal 0 -0 -1
    outer loop
      vertex 0.0797272 5.66103 0
      vertex 2.16638 7.72127 0
      vertex 0.0553436 5.4852 0
    endloop
  endfacet
  facet normal 0 0 -1
    outer loop
      vertex 0.141907 1.82518 0
      vertex 1.20905 0.371796 0
      vertex 1.10165 0.431808 0
    endloop
  endfacet
  facet normal 0 0 -1
    outer loop
      vertex 2.16638 7.72127 0
      vertex 0.0797272 5.66103 0
      vertex 2.00185 7.69278 0
    endloop
  endfacet
  facet normal 0 0 -1
    outer loop
      vertex 0.141907 1.82518 0
      vertex 1.10165 0.431808 0
      vertex 1.00014 0.496475 0
    endloop
  endfacet
  facet normal 0 -0 -1
    outer loop
      vertex 0.108582 5.82349 0
      vertex 2.00185 7.69278 0
      vertex 0.0797272 5.66103 0
    endloop
  endfacet
  facet normal 0 0 -1
    outer loop
      vertex 0.141907 1.82518 0
      vertex 1.00014 0.496475 0
      vertex 0.904236 0.565887 0
    endloop
  endfacet
  facet normal 0 0 -1
    outer loop
      vertex 2.00185 7.69278 0
      vertex 0.108582 5.82349 0
      vertex 1.84859 7.65987 0
    endloop
  endfacet
  facet normal 0 0 -1
    outer loop
      vertex 0.141907 1.82518 0
      vertex 0.904236 0.565887 0
      vertex 0.813736 0.640121 0
    endloop
  endfacet
  facet normal 0 -0 -1
    outer loop
      vertex 0.141907 5.97479 0
      vertex 1.84859 7.65987 0
      vertex 0.108582 5.82349 0
    endloop
  endfacet
  facet normal 0 0 -1
    outer loop
      vertex 0.141907 1.82518 0
      vertex 0.813736 0.640121 0
      vertex 0.728485 0.719269 0
    endloop
  endfacet
  facet normal 0 0 -1
    outer loop
      vertex 1.84859 7.65987 0
      vertex 0.141907 5.97479 0
      vertex 1.70503 7.62253 0
    endloop
  endfacet
  facet normal 0 0 -1
    outer loop
      vertex 0.141907 1.82518 0
      vertex 0.728485 0.719269 0
      vertex 0.648331 0.803436 0
    endloop
  endfacet
  facet normal 0 0 -1
    outer loop
      vertex 1.70503 7.62253 0
      vertex 0.141907 5.97479 0
      vertex 1.57005 7.58072 0
    endloop
  endfacet
  facet normal 0 0 -1
    outer loop
      vertex 0.141907 1.82518 0
      vertex 0.648331 0.803436 0
      vertex 0.573151 0.892792 0
    endloop
  endfacet
  facet normal 0 0 -1
    outer loop
      vertex 1.57005 7.58072 0
      vertex 0.141907 5.97479 0
      vertex 1.44279 7.53441 0
    endloop
  endfacet
  facet normal 0 0 -1
    outer loop
      vertex 0.141907 1.82518 0
      vertex 0.573151 0.892792 0
      vertex 0.502838 0.987473 0
    endloop
  endfacet
  facet normal 0 0 -1
    outer loop
      vertex 1.44279 7.53441 0
      vertex 0.141907 5.97479 0
      vertex 1.32263 7.48358 0
    endloop
  endfacet
  facet normal 0 0 -1
    outer loop
      vertex 0.141907 1.82518 0
      vertex 0.502838 0.987473 0
      vertex 0.437347 1.08771 0
    endloop
  endfacet
  facet normal 0 0 -1
    outer loop
      vertex 1.32263 7.48358 0
      vertex 0.141907 5.97479 0
      vertex 1.20905 7.42819 0
    endloop
  endfacet
  facet normal 0 0 -1
    outer loop
      vertex 0.141907 1.82518 0
      vertex 0.437347 1.08771 0
      vertex 0.376572 1.19374 0
    endloop
  endfacet
  facet normal 0 0 -1
    outer loop
      vertex 1.20905 7.42819 0
      vertex 0.141907 5.97479 0
      vertex 1.10165 7.36818 0
    endloop
  endfacet
  facet normal 0 0 -1
    outer loop
      vertex 0.141907 1.82518 0
      vertex 0.376572 1.19374 0
      vertex 0.320465 1.30588 0
    endloop
  endfacet
  facet normal 0 0 -1
    outer loop
      vertex 1.10165 7.36818 0
      vertex 0.141907 5.97479 0
      vertex 1.00014 7.3035 0
    endloop
  endfacet
  facet normal 0 0 -1
    outer loop
      vertex 0.141907 1.82518 0
      vertex 0.320465 1.30588 0
      vertex 0.268982 1.42453 0
    endloop
  endfacet
  facet normal 0 0 -1
    outer loop
      vertex 1.00014 7.3035 0
      vertex 0.141907 5.97479 0
      vertex 0.904236 7.2341 0
    endloop
  endfacet
  facet normal 0 0 -1
    outer loop
      vertex 0.179733 1.68346 0
      vertex 0.268982 1.42453 0
      vertex 0.222092 1.55017 0
    endloop
  endfacet
  facet normal 0 0 -1
    outer loop
      vertex 0.904236 7.2341 0
      vertex 0.141907 5.97479 0
      vertex 0.813736 7.15987 0
    endloop
  endfacet
  facet normal 0 0 -1
    outer loop
      vertex 0.141907 1.82518 0
      vertex 0.268982 1.42453 0
      vertex 0.179733 1.68346 0
    endloop
  endfacet
  facet normal 0 0 -1
    outer loop
      vertex 0.813736 7.15987 0
      vertex 0.141907 5.97479 0
      vertex 0.728485 7.08072 0
    endloop
  endfacet
  facet normal 0 0 -1
    outer loop
      vertex 1.84859 0.140106 0
      vertex 0.141907 1.82518 0
      vertex 0.108582 1.9765 0
    endloop
  endfacet
  facet normal 0 0 -1
    outer loop
      vertex 0.728485 7.08072 0
      vertex 0.141907 5.97479 0
      vertex 0.648331 6.99655 0
    endloop
  endfacet
  facet normal 0 0 -1
    outer loop
      vertex 2.00185 0.107208 0
      vertex 0.108582 1.9765 0
      vertex 0.0797272 2.13896 0
    endloop
  endfacet
  facet normal 0 0 -1
    outer loop
      vertex 0.648331 6.99655 0
      vertex 0.141907 5.97479 0
      vertex 0.573151 6.9072 0
    endloop
  endfacet
  facet normal 0 0 -1
    outer loop
      vertex 2.16638 0.0787201 0
      vertex 0.0797272 2.13896 0
      vertex 0.0553436 2.31479 0
    endloop
  endfacet
  facet normal 0 0 -1
    outer loop
      vertex 0.573151 6.9072 0
      vertex 0.141907 5.97479 0
      vertex 0.502838 6.81252 0
    endloop
  endfacet
  facet normal 0 0 -1
    outer loop
      vertex 2.34447 0.0546417 0
      vertex 0.0553436 2.31479 0
      vertex 0.0354004 2.50745 0
    endloop
  endfacet
  facet normal 0 0 -1
    outer loop
      vertex 0.502838 6.81252 0
      vertex 0.141907 5.97479 0
      vertex 0.437347 6.71228 0
    endloop
  endfacet
  facet normal 0 0 -1
    outer loop
      vertex 2.53958 0.0349579 0
      vertex 0.0354004 2.50745 0
      vertex 0.0199127 2.72269 0
    endloop
  endfacet
  facet normal 0 0 -1
    outer loop
      vertex 0.268982 6.37546 0
      vertex 0.179733 6.11653 0
      vertex 0.222092 6.24982 0
    endloop
  endfacet
  facet normal 0 0 -1
    outer loop
      vertex 2.7576 0.0196533 0
      vertex 0.0199127 2.72269 0
      vertex 0.00883484 2.97165 0
    endloop
  endfacet
  facet normal 0 0 -1
    outer loop
      vertex 0.437347 6.71228 0
      vertex 0.141907 5.97479 0
      vertex 0.376572 6.60625 0
    endloop
  endfacet
  facet normal 0 0 -1
    outer loop
      vertex 3.00975 0.00872803 0
      vertex 0.00883484 2.97165 0
      vertex 0.00219727 3.28215 0
    endloop
  endfacet
  facet normal 0 0 -1
    outer loop
      vertex 3.32423 0.00218201 0
      vertex 0.00219727 3.28215 0
      vertex 0 3.89999 0
    endloop
  endfacet
  facet normal 0 0 -1
    outer loop
      vertex 0.376572 6.60625 0
      vertex 0.141907 5.97479 0
      vertex 0.320465 6.49409 0
    endloop
  endfacet
  facet normal 0 0 -1
    outer loop
      vertex 0.268982 6.37546 0
      vertex 0.141907 5.97479 0
      vertex 0.179733 6.11653 0
    endloop
  endfacet
  facet normal 0 0 -1
    outer loop
      vertex 0.320465 6.49409 0
      vertex 0.141907 5.97479 0
      vertex 0.268982 6.37546 0
    endloop
  endfacet
  facet normal 0.765194 -0.643799 0
    outer loop
      vertex 7.25166 0.803436 0
      vertex 7.32684 0.892792 3.81169
      vertex 7.25166 0.803436 3.82372
    endloop
  endfacet
  facet normal 0.765194 -0.643799 0
    outer loop
      vertex 7.32684 0.892792 3.81169
      vertex 7.25166 0.803436 0
      vertex 7.32684 0.892792 0
    endloop
  endfacet
  facet normal 0.984594 -0.174859 -1.74987e-05
    outer loop
      vertex 7.7914 1.9765 3.40489
      vertex 7.82025 2.13896 3.28869
      vertex 7.79999 2.02487 3.39
    endloop
  endfacet
  facet normal 0.984596 -0.174847 0
    outer loop
      vertex 7.82025 2.13896 3.28869
      vertex 7.7914 1.9765 3.40489
      vertex 7.7914 1.9765 0
    endloop
  endfacet
  facet normal 0.984596 -0.174847 0
    outer loop
      vertex 7.82025 2.13896 3.28869
      vertex 7.7914 1.9765 0
      vertex 7.82025 2.13896 0
    endloop
  endfacet
  facet normal 0.966187 -0.257841 0
    outer loop
      vertex 7.72025 1.68346 0
      vertex 7.75807 1.82518 3.46266
      vertex 7.72025 1.68346 3.52822
    endloop
  endfacet
  facet normal 0.966187 -0.257841 0
    outer loop
      vertex 7.75807 1.82518 3.46266
      vertex 7.72025 1.68346 0
      vertex 7.75807 1.82518 0
    endloop
  endfacet
  facet normal 0.802884 -0.596136 0
    outer loop
      vertex 7.32684 0.892792 0
      vertex 7.39714 0.987473 3.80044
      vertex 7.32684 0.892792 3.81169
    endloop
  endfacet
  facet normal 0.802884 -0.596136 0
    outer loop
      vertex 7.39714 0.987473 3.80044
      vertex 7.32684 0.892792 0
      vertex 7.39714 0.987473 0
    endloop
  endfacet
  facet normal -0 0 1
    outer loop
      vertex 5.96696 1.31291 3.89999
      vertex 6 0.129075 3.89999
      vertex 6 1.32836 3.89999
    endloop
  endfacet
  facet normal -0 0 1
    outer loop
      vertex 5.88945 1.28175 3.89999
      vertex 6 0.129075 3.89999
      vertex 5.96696 1.31291 3.89999
    endloop
  endfacet
  facet normal -0 0 1
    outer loop
      vertex 5.80675 1.25343 3.89999
      vertex 6 0.129075 3.89999
      vertex 5.88945 1.28175 3.89999
    endloop
  endfacet
  facet normal -0 0 1
    outer loop
      vertex 5.71829 1.22789 3.89999
      vertex 6 0.129075 3.89999
      vertex 5.80675 1.25343 3.89999
    endloop
  endfacet
  facet normal 0 0 1
    outer loop
      vertex 6 0.129075 3.89999
      vertex 5.71829 1.22789 3.89999
      vertex 5.89813 0.107208 3.89999
    endloop
  endfacet
  facet normal -0 0 1
    outer loop
      vertex 5.62335 1.20512 3.89999
      vertex 5.89813 0.107208 3.89999
      vertex 5.71829 1.22789 3.89999
    endloop
  endfacet
  facet normal 0 0 1
    outer loop
      vertex 5.89813 0.107208 3.89999
      vertex 5.62335 1.20512 3.89999
      vertex 5.73361 0.0787201 3.89999
    endloop
  endfacet
  facet normal -0 0 1
    outer loop
      vertex 5.5209 1.18509 3.89999
      vertex 5.73361 0.0787201 3.89999
      vertex 5.62335 1.20512 3.89999
    endloop
  endfacet
  facet normal 0 0 1
    outer loop
      vertex 5.73361 0.0787201 3.89999
      vertex 5.5209 1.18509 3.89999
      vertex 5.55553 0.0546417 3.89999
    endloop
  endfacet
  facet normal -0 0 1
    outer loop
      vertex 5.40956 1.16777 3.89999
      vertex 5.55553 0.0546417 3.89999
      vertex 5.5209 1.18509 3.89999
    endloop
  endfacet
  facet normal -0 0 1
    outer loop
      vertex 5.28729 1.15314 3.89999
      vertex 5.55553 0.0546417 3.89999
      vertex 5.40956 1.16777 3.89999
    endloop
  endfacet
  facet normal 0 0 1
    outer loop
      vertex 5.55553 0.0546417 3.89999
      vertex 5.28729 1.15314 3.89999
      vertex 5.3604 0.0349579 3.89999
    endloop
  endfacet
  facet normal -0 0 1
    outer loop
      vertex 5.15096 1.14119 3.89999
      vertex 5.3604 0.0349579 3.89999
      vertex 5.28729 1.15314 3.89999
    endloop
  endfacet
  facet normal 0 0 1
    outer loop
      vertex 5.15096 1.14119 3.89999
      vertex 5.14238 0.0196533 3.89999
      vertex 5.3604 0.0349579 3.89999
    endloop
  endfacet
  facet normal -0 0 1
    outer loop
      vertex 4.99519 1.13191 3.89999
      vertex 5.14238 0.0196533 3.89999
      vertex 5.15096 1.14119 3.89999
    endloop
  endfacet
  facet normal 0 0 1
    outer loop
      vertex 4.99519 1.13191 3.89999
      vertex 4.89024 0.00872803 3.89999
      vertex 5.14238 0.0196533 3.89999
    endloop
  endfacet
  facet normal -0 0 1
    outer loop
      vertex 4.80957 1.12529 3.89999
      vertex 4.89024 0.00872803 3.89999
      vertex 4.99519 1.13191 3.89999
    endloop
  endfacet
  facet normal 0 0 1
    outer loop
      vertex 4.80957 1.12529 3.89999
      vertex 4.57576 0.00218201 3.89999
      vertex 4.89024 0.00872803 3.89999
    endloop
  endfacet
  facet normal -0 0 1
    outer loop
      vertex 4.56686 1.12132 3.89999
      vertex 4.57576 0.00218201 3.89999
      vertex 4.80957 1.12529 3.89999
    endloop
  endfacet
  facet normal -0 0 1
    outer loop
      vertex 3.98 1.12 3.89999
      vertex 4.57576 0.00218201 3.89999
      vertex 4.56686 1.12132 3.89999
    endloop
  endfacet
  facet normal 0 0 1
    outer loop
      vertex 3.98 1.12 3.89999
      vertex 3.95 0 3.89999
      vertex 4.57576 0.00218201 3.89999
    endloop
  endfacet
  facet normal 0 0 1
    outer loop
      vertex 3.39311 1.12132 3.89999
      vertex 3.95 0 3.89999
      vertex 3.98 1.12 3.89999
    endloop
  endfacet
  facet normal 0 0 1
    outer loop
      vertex 3.39311 1.12132 3.89999
      vertex 3.32423 0.00218201 3.89999
      vertex 3.95 0 3.89999
    endloop
  endfacet
  facet normal 0 0 1
    outer loop
      vertex 3.15042 1.12529 3.89999
      vertex 3.32423 0.00218201 3.89999
      vertex 3.39311 1.12132 3.89999
    endloop
  endfacet
  facet normal 0 0 1
    outer loop
      vertex 3.15042 1.12529 3.89999
      vertex 3.00975 0.00872803 3.89999
      vertex 3.32423 0.00218201 3.89999
    endloop
  endfacet
  facet normal 0 0 1
    outer loop
      vertex 2.96478 1.13191 3.89999
      vertex 3.00975 0.00872803 3.89999
      vertex 3.15042 1.12529 3.89999
    endloop
  endfacet
  facet normal 0 0 1
    outer loop
      vertex 2.7576 0.0196533 3.89999
      vertex 2.96478 1.13191 3.89999
      vertex 2.80904 1.14119 3.89999
    endloop
  endfacet
  facet normal 0 0 1
    outer loop
      vertex 2.96478 1.13191 3.89999
      vertex 2.7576 0.0196533 3.89999
      vertex 3.00975 0.00872803 3.89999
    endloop
  endfacet
  facet normal 0 0 1
    outer loop
      vertex 2.6727 1.15314 3.89999
      vertex 2.7576 0.0196533 3.89999
      vertex 2.80904 1.14119 3.89999
    endloop
  endfacet
  facet normal 0 0 1
    outer loop
      vertex 2.53958 0.0349579 3.89999
      vertex 2.6727 1.15314 3.89999
      vertex 2.55043 1.16777 3.89999
    endloop
  endfacet
  facet normal 0 0 1
    outer loop
      vertex 2.6727 1.15314 3.89999
      vertex 2.53958 0.0349579 3.89999
      vertex 2.7576 0.0196533 3.89999
    endloop
  endfacet
  facet normal 0 0 1
    outer loop
      vertex 2.34447 0.0546417 3.89999
      vertex 2.55043 1.16777 3.89999
      vertex 2.43909 1.18509 3.89999
    endloop
  endfacet
  facet normal 0 0 1
    outer loop
      vertex 2.55043 1.16777 3.89999
      vertex 2.34447 0.0546417 3.89999
      vertex 2.53958 0.0349579 3.89999
    endloop
  endfacet
  facet normal 0 0 1
    outer loop
      vertex 2.16638 0.0787201 3.89999
      vertex 2.43909 1.18509 3.89999
      vertex 2.33664 1.20512 3.89999
    endloop
  endfacet
  facet normal 0 0 1
    outer loop
      vertex 2.00185 0.107208 3.89999
      vertex 2.33664 1.20512 3.89999
      vertex 2.24168 1.22789 3.89999
    endloop
  endfacet
  facet normal 0 0 1
    outer loop
      vertex 2.43909 1.18509 3.89999
      vertex 2.16638 0.0787201 3.89999
      vertex 2.34447 0.0546417 3.89999
    endloop
  endfacet
  facet normal 0 0 1
    outer loop
      vertex 2 0.107605 3.89999
      vertex 2.24168 1.22789 3.89999
      vertex 2.15324 1.25343 3.89999
    endloop
  endfacet
  facet normal 0 0 1
    outer loop
      vertex 2 0.107605 3.89999
      vertex 2.15324 1.25343 3.89999
      vertex 2.07054 1.28175 3.89999
    endloop
  endfacet
  facet normal 0 0 1
    outer loop
      vertex 2.33664 1.20512 3.89999
      vertex 2.00185 0.107208 3.89999
      vertex 2.16638 0.0787201 3.89999
    endloop
  endfacet
  facet normal 0 0 1
    outer loop
      vertex 2 0.107605 3.89999
      vertex 2.07054 1.28175 3.89999
      vertex 2 1.31011 3.89999
    endloop
  endfacet
  facet normal 0 0 1
    outer loop
      vertex 2.24168 1.22789 3.89999
      vertex 2 0.107605 3.89999
      vertex 2.00185 0.107208 3.89999
    endloop
  endfacet
  facet normal 0 0 1
    outer loop
      vertex 6 7.6709 3.89999
      vertex 5.96696 6.48708 3.89999
      vertex 6 6.47163 3.89999
    endloop
  endfacet
  facet normal 0 0 1
    outer loop
      vertex 5.71829 6.5721 3.89999
      vertex 6 7.6709 3.89999
      vertex 5.89813 7.69278 3.89999
    endloop
  endfacet
  facet normal 0 0 1
    outer loop
      vertex 6 7.6709 3.89999
      vertex 5.88945 6.51823 3.89999
      vertex 5.96696 6.48708 3.89999
    endloop
  endfacet
  facet normal 0 0 1
    outer loop
      vertex 6 7.6709 3.89999
      vertex 5.80675 6.54655 3.89999
      vertex 5.88945 6.51823 3.89999
    endloop
  endfacet
  facet normal 0 0 1
    outer loop
      vertex 5.62335 6.59486 3.89999
      vertex 5.89813 7.69278 3.89999
      vertex 5.73361 7.72127 3.89999
    endloop
  endfacet
  facet normal 0 0 1
    outer loop
      vertex 6 7.6709 3.89999
      vertex 5.71829 6.5721 3.89999
      vertex 5.80675 6.54655 3.89999
    endloop
  endfacet
  facet normal 0 0 1
    outer loop
      vertex 5.89813 7.69278 3.89999
      vertex 5.62335 6.59486 3.89999
      vertex 5.71829 6.5721 3.89999
    endloop
  endfacet
  facet normal 0 0 1
    outer loop
      vertex 5.5209 6.6149 3.89999
      vertex 5.73361 7.72127 3.89999
      vertex 5.55553 7.74535 3.89999
    endloop
  endfacet
  facet normal 0 0 1
    outer loop
      vertex 5.73361 7.72127 3.89999
      vertex 5.5209 6.6149 3.89999
      vertex 5.62335 6.59486 3.89999
    endloop
  endfacet
  facet normal 0 0 1
    outer loop
      vertex 5.55553 7.74535 3.89999
      vertex 5.40956 6.63222 3.89999
      vertex 5.5209 6.6149 3.89999
    endloop
  endfacet
  facet normal 0 0 1
    outer loop
      vertex 5.28729 6.64685 3.89999
      vertex 5.55553 7.74535 3.89999
      vertex 5.3604 7.76503 3.89999
    endloop
  endfacet
  facet normal 0 0 1
    outer loop
      vertex 5.55553 7.74535 3.89999
      vertex 5.28729 6.64685 3.89999
      vertex 5.40956 6.63222 3.89999
    endloop
  endfacet
  facet normal 0 0 1
    outer loop
      vertex 5.3604 7.76503 3.89999
      vertex 5.15096 6.6588 3.89999
      vertex 5.28729 6.64685 3.89999
    endloop
  endfacet
  facet normal 0 0 1
    outer loop
      vertex 5.14238 7.78033 3.89999
      vertex 5.15096 6.6588 3.89999
      vertex 5.3604 7.76503 3.89999
    endloop
  endfacet
  facet normal 0 0 1
    outer loop
      vertex 5.14238 7.78033 3.89999
      vertex 4.99519 6.66808 3.89999
      vertex 5.15096 6.6588 3.89999
    endloop
  endfacet
  facet normal 0 0 1
    outer loop
      vertex 4.89024 7.79126 3.89999
      vertex 4.99519 6.66808 3.89999
      vertex 5.14238 7.78033 3.89999
    endloop
  endfacet
  facet normal 0 0 1
    outer loop
      vertex 4.89024 7.79126 3.89999
      vertex 4.80957 6.6747 3.89999
      vertex 4.99519 6.66808 3.89999
    endloop
  endfacet
  facet normal 0 0 1
    outer loop
      vertex 4.57576 7.79781 3.89999
      vertex 4.80957 6.6747 3.89999
      vertex 4.89024 7.79126 3.89999
    endloop
  endfacet
  facet normal 0 0 1
    outer loop
      vertex 4.57576 7.79781 3.89999
      vertex 4.56686 6.67867 3.89999
      vertex 4.80957 6.6747 3.89999
    endloop
  endfacet
  facet normal 0 0 1
    outer loop
      vertex 4.57576 7.79781 3.89999
      vertex 3.98 6.67999 3.89999
      vertex 4.56686 6.67867 3.89999
    endloop
  endfacet
  facet normal 0 0 1
    outer loop
      vertex 3.95 7.79999 3.89999
      vertex 3.98 6.67999 3.89999
      vertex 4.57576 7.79781 3.89999
    endloop
  endfacet
  facet normal 0 0 1
    outer loop
      vertex 3.95 7.79999 3.89999
      vertex 3.39311 6.67867 3.89999
      vertex 3.98 6.67999 3.89999
    endloop
  endfacet
  facet normal -0 0 1
    outer loop
      vertex 3.32423 7.79781 3.89999
      vertex 3.39311 6.67867 3.89999
      vertex 3.95 7.79999 3.89999
    endloop
  endfacet
  facet normal 0 0 1
    outer loop
      vertex 3.32423 7.79781 3.89999
      vertex 3.15042 6.6747 3.89999
      vertex 3.39311 6.67867 3.89999
    endloop
  endfacet
  facet normal -0 0 1
    outer loop
      vertex 3.00975 7.79126 3.89999
      vertex 3.15042 6.6747 3.89999
      vertex 3.32423 7.79781 3.89999
    endloop
  endfacet
  facet normal 0 0 1
    outer loop
      vertex 3.00975 7.79126 3.89999
      vertex 2.96478 6.66808 3.89999
      vertex 3.15042 6.6747 3.89999
    endloop
  endfacet
  facet normal -0 0 1
    outer loop
      vertex 2.7576 7.78033 3.89999
      vertex 2.96478 6.66808 3.89999
      vertex 3.00975 7.79126 3.89999
    endloop
  endfacet
  facet normal 0 0 1
    outer loop
      vertex 2.96478 6.66808 3.89999
      vertex 2.7576 7.78033 3.89999
      vertex 2.80904 6.6588 3.89999
    endloop
  endfacet
  facet normal 0 0 1
    outer loop
      vertex 2.7576 7.78033 3.89999
      vertex 2.6727 6.64685 3.89999
      vertex 2.80904 6.6588 3.89999
    endloop
  endfacet
  facet normal -0 0 1
    outer loop
      vertex 2.53958 7.76503 3.89999
      vertex 2.6727 6.64685 3.89999
      vertex 2.7576 7.78033 3.89999
    endloop
  endfacet
  facet normal 0 0 1
    outer loop
      vertex 2.6727 6.64685 3.89999
      vertex 2.53958 7.76503 3.89999
      vertex 2.55043 6.63222 3.89999
    endloop
  endfacet
  facet normal -0 0 1
    outer loop
      vertex 2.34447 7.74535 3.89999
      vertex 2.55043 6.63222 3.89999
      vertex 2.53958 7.76503 3.89999
    endloop
  endfacet
  facet normal 0 0 1
    outer loop
      vertex 2.55043 6.63222 3.89999
      vertex 2.34447 7.74535 3.89999
      vertex 2.43909 6.6149 3.89999
    endloop
  endfacet
  facet normal -0 0 1
    outer loop
      vertex 2.16638 7.72127 3.89999
      vertex 2.43909 6.6149 3.89999
      vertex 2.34447 7.74535 3.89999
    endloop
  endfacet
  facet normal 0 0 1
    outer loop
      vertex 2.43909 6.6149 3.89999
      vertex 2.16638 7.72127 3.89999
      vertex 2.33664 6.59486 3.89999
    endloop
  endfacet
  facet normal -0 0 1
    outer loop
      vertex 2.00185 7.69278 3.89999
      vertex 2.33664 6.59486 3.89999
      vertex 2.16638 7.72127 3.89999
    endloop
  endfacet
  facet normal 0 0 1
    outer loop
      vertex 2.33664 6.59486 3.89999
      vertex 2.00185 7.69278 3.89999
      vertex 2.24168 6.5721 3.89999
    endloop
  endfacet
  facet normal -0 0 1
    outer loop
      vertex 2 7.69238 3.89999
      vertex 2.24168 6.5721 3.89999
      vertex 2.00185 7.69278 3.89999
    endloop
  endfacet
  facet normal 0 0 1
    outer loop
      vertex 2.24168 6.5721 3.89999
      vertex 2 7.69238 3.89999
      vertex 2.15324 6.54655 3.89999
    endloop
  endfacet
  facet normal 0 0 1
    outer loop
      vertex 2.15324 6.54655 3.89999
      vertex 2 7.69238 3.89999
      vertex 2.07054 6.51823 3.89999
    endloop
  endfacet
  facet normal 0 0 1
    outer loop
      vertex 2.07054 6.51823 3.89999
      vertex 2 7.69238 3.89999
      vertex 2 6.48988 3.89999
    endloop
  endfacet
  facet normal 0 0 1
    outer loop
      vertex 5.82201 6.31026 3.89999
      vertex 6 6.21471 3.89999
      vertex 5.95288 6.24413 3.89999
    endloop
  endfacet
  facet normal 0 0 1
    outer loop
      vertex 5.06552 6.47025 3.89999
      vertex 6 6.21471 3.89999
      vertex 5.19193 6.45911 3.89999
    endloop
  endfacet
  facet normal 0 0 1
    outer loop
      vertex 5.82201 6.31026 3.89999
      vertex 5.95288 6.24413 3.89999
      vertex 5.88948 6.27855 3.89999
    endloop
  endfacet
  facet normal 0 0 1
    outer loop
      vertex 6 6.21471 3.89999
      vertex 5.06552 6.47025 3.89999
      vertex 6 1.58527 3.89999
    endloop
  endfacet
  facet normal 0 0 1
    outer loop
      vertex 6 6.21471 3.89999
      vertex 5.82201 6.31026 3.89999
      vertex 5.75014 6.33929 3.89999
    endloop
  endfacet
  facet normal 0 -0 1
    outer loop
      vertex 5.30527 1.35451 3.89999
      vertex 6 1.58527 3.89999
      vertex 5.19193 1.34087 3.89999
    endloop
  endfacet
  facet normal 0 0 1
    outer loop
      vertex 6 6.21471 3.89999
      vertex 5.75014 6.33929 3.89999
      vertex 5.67348 6.36568 3.89999
    endloop
  endfacet
  facet normal 0 0 1
    outer loop
      vertex 6 6.21471 3.89999
      vertex 5.30527 6.44548 3.89999
      vertex 5.19193 6.45911 3.89999
    endloop
  endfacet
  facet normal 0 0 1
    outer loop
      vertex 5.59148 6.38947 3.89999
      vertex 6 6.21471 3.89999
      vertex 5.67348 6.36568 3.89999
    endloop
  endfacet
  facet normal 0 0 1
    outer loop
      vertex 6 6.21471 3.89999
      vertex 5.40849 6.42935 3.89999
      vertex 5.30527 6.44548 3.89999
    endloop
  endfacet
  facet normal 0 0 1
    outer loop
      vertex 6 6.21471 3.89999
      vertex 5.59148 6.38947 3.89999
      vertex 5.50346 6.41068 3.89999
    endloop
  endfacet
  facet normal 0 0 1
    outer loop
      vertex 6 6.21471 3.89999
      vertex 5.50346 6.41068 3.89999
      vertex 5.40849 6.42935 3.89999
    endloop
  endfacet
  facet normal 0 -0 1
    outer loop
      vertex 5.40849 1.37064 3.89999
      vertex 6 1.58527 3.89999
      vertex 5.30527 1.35451 3.89999
    endloop
  endfacet
  facet normal 0 0 1
    outer loop
      vertex 6 1.58527 3.89999
      vertex 5.59148 1.41052 3.89999
      vertex 5.67348 1.43431 3.89999
    endloop
  endfacet
  facet normal 0 -0 1
    outer loop
      vertex 5.82201 1.48973 3.89999
      vertex 6 1.58527 3.89999
      vertex 5.75014 1.46069 3.89999
    endloop
  endfacet
  facet normal 0 -0 1
    outer loop
      vertex 5.75014 1.46069 3.89999
      vertex 6 1.58527 3.89999
      vertex 5.67348 1.43431 3.89999
    endloop
  endfacet
  facet normal 0 0 1
    outer loop
      vertex 5.95288 1.55586 3.89999
      vertex 5.82201 1.48973 3.89999
      vertex 5.88948 1.52144 3.89999
    endloop
  endfacet
  facet normal 0 0 1
    outer loop
      vertex 6 1.58527 3.89999
      vertex 5.82201 1.48973 3.89999
      vertex 5.95288 1.55586 3.89999
    endloop
  endfacet
  facet normal 0 -0 1
    outer loop
      vertex 5.50346 1.3893 3.89999
      vertex 6 1.58527 3.89999
      vertex 5.40849 1.37064 3.89999
    endloop
  endfacet
  facet normal 0 -0 1
    outer loop
      vertex 5.59148 1.41052 3.89999
      vertex 6 1.58527 3.89999
      vertex 5.50346 1.3893 3.89999
    endloop
  endfacet
  facet normal 0 0 1
    outer loop
      vertex 5.06552 1.32974 3.89999
      vertex 6 1.58527 3.89999
      vertex 5.06552 6.47025 3.89999
    endloop
  endfacet
  facet normal 0 0 1
    outer loop
      vertex 6 1.58527 3.89999
      vertex 5.06552 1.32974 3.89999
      vertex 5.19193 1.34087 3.89999
    endloop
  endfacet
  facet normal 0 0 1
    outer loop
      vertex 4.92114 6.4789 3.89999
      vertex 5.06552 1.32974 3.89999
      vertex 5.06552 6.47025 3.89999
    endloop
  endfacet
  facet normal 0 0 1
    outer loop
      vertex 4.92114 6.4789 3.89999
      vertex 4.92114 1.32109 3.89999
      vertex 5.06552 1.32974 3.89999
    endloop
  endfacet
  facet normal 0 0 1
    outer loop
      vertex 4.74904 6.48506 3.89999
      vertex 4.92114 1.32109 3.89999
      vertex 4.92114 6.4789 3.89999
    endloop
  endfacet
  facet normal 0 0 1
    outer loop
      vertex 4.74904 6.48506 3.89999
      vertex 4.74904 1.31493 3.89999
      vertex 4.92114 1.32109 3.89999
    endloop
  endfacet
  facet normal 0 0 1
    outer loop
      vertex 4.52405 6.48875 3.89999
      vertex 4.74904 1.31493 3.89999
      vertex 4.74904 6.48506 3.89999
    endloop
  endfacet
  facet normal 0 0 1
    outer loop
      vertex 4.52405 6.48875 3.89999
      vertex 4.52405 1.31122 3.89999
      vertex 4.74904 1.31493 3.89999
    endloop
  endfacet
  facet normal 0 0 1
    outer loop
      vertex 3.98 6.48999 3.89999
      vertex 4.52405 1.31122 3.89999
      vertex 4.52405 6.48875 3.89999
    endloop
  endfacet
  facet normal 0 0 1
    outer loop
      vertex 3.98 6.48999 3.89999
      vertex 3.98 1.31 3.89999
      vertex 4.52405 1.31122 3.89999
    endloop
  endfacet
  facet normal -0 0 1
    outer loop
      vertex 3.43593 6.48875 3.89999
      vertex 3.98 1.31 3.89999
      vertex 3.98 6.48999 3.89999
    endloop
  endfacet
  facet normal 0 0 1
    outer loop
      vertex 3.43593 6.48875 3.89999
      vertex 3.43593 1.31122 3.89999
      vertex 3.98 1.31 3.89999
    endloop
  endfacet
  facet normal -0 0 1
    outer loop
      vertex 3.21094 6.48506 3.89999
      vertex 3.43593 1.31122 3.89999
      vertex 3.43593 6.48875 3.89999
    endloop
  endfacet
  facet normal 0 0 1
    outer loop
      vertex 3.21094 6.48506 3.89999
      vertex 3.21094 1.31493 3.89999
      vertex 3.43593 1.31122 3.89999
    endloop
  endfacet
  facet normal -0 0 1
    outer loop
      vertex 3.03885 6.4789 3.89999
      vertex 3.21094 1.31493 3.89999
      vertex 3.21094 6.48506 3.89999
    endloop
  endfacet
  facet normal 0 0 1
    outer loop
      vertex 3.03885 6.4789 3.89999
      vertex 3.03885 1.32109 3.89999
      vertex 3.21094 1.31493 3.89999
    endloop
  endfacet
  facet normal -0 0 1
    outer loop
      vertex 2.89445 6.47025 3.89999
      vertex 3.03885 1.32109 3.89999
      vertex 3.03885 6.4789 3.89999
    endloop
  endfacet
  facet normal 0 0 1
    outer loop
      vertex 2.89445 6.47025 3.89999
      vertex 2.89445 1.32974 3.89999
      vertex 3.03885 1.32109 3.89999
    endloop
  endfacet
  facet normal 0 0 1
    outer loop
      vertex 2 6.2397 3.89999
      vertex 2.89445 6.47025 3.89999
      vertex 2.76807 6.45911 3.89999
    endloop
  endfacet
  facet normal 0 0 1
    outer loop
      vertex 2.89445 6.47025 3.89999
      vertex 2 6.2397 3.89999
      vertex 2.89445 1.32974 3.89999
    endloop
  endfacet
  facet normal 0 0 1
    outer loop
      vertex 2 6.2397 3.89999
      vertex 2.76807 6.45911 3.89999
      vertex 2.65472 6.44548 3.89999
    endloop
  endfacet
  facet normal -0 0 1
    outer loop
      vertex 2 1.56029 3.89999
      vertex 2.89445 1.32974 3.89999
      vertex 2 6.2397 3.89999
    endloop
  endfacet
  facet normal 0 0 1
    outer loop
      vertex 2 6.2397 3.89999
      vertex 2.65472 6.44548 3.89999
      vertex 2.5515 6.42935 3.89999
    endloop
  endfacet
  facet normal 0 0 1
    outer loop
      vertex 2.89445 1.32974 3.89999
      vertex 2 1.56029 3.89999
      vertex 2.76807 1.34087 3.89999
    endloop
  endfacet
  facet normal 0 0 1
    outer loop
      vertex 2 6.2397 3.89999
      vertex 2.5515 6.42935 3.89999
      vertex 2.45653 6.41068 3.89999
    endloop
  endfacet
  facet normal 0 0 1
    outer loop
      vertex 2.76807 1.34087 3.89999
      vertex 2 1.56029 3.89999
      vertex 2.65472 1.35451 3.89999
    endloop
  endfacet
  facet normal 0 0 1
    outer loop
      vertex 2 6.2397 3.89999
      vertex 2.45653 6.41068 3.89999
      vertex 2.3685 6.38947 3.89999
    endloop
  endfacet
  facet normal 0 0 1
    outer loop
      vertex 2.65472 1.35451 3.89999
      vertex 2 1.56029 3.89999
      vertex 2.5515 1.37064 3.89999
    endloop
  endfacet
  facet normal 0 0 1
    outer loop
      vertex 2 6.2397 3.89999
      vertex 2.3685 6.38947 3.89999
      vertex 2.2865 6.36568 3.89999
    endloop
  endfacet
  facet normal 0 0 1
    outer loop
      vertex 2.5515 1.37064 3.89999
      vertex 2 1.56029 3.89999
      vertex 2.45653 1.3893 3.89999
    endloop
  endfacet
  facet normal 0 0 1
    outer loop
      vertex 2 6.2397 3.89999
      vertex 2.2865 6.36568 3.89999
      vertex 2.20984 6.33929 3.89999
    endloop
  endfacet
  facet normal 0 0 1
    outer loop
      vertex 2.45653 1.3893 3.89999
      vertex 2 1.56029 3.89999
      vertex 2.3685 1.41052 3.89999
    endloop
  endfacet
  facet normal 0 0 1
    outer loop
      vertex 2 6.2397 3.89999
      vertex 2.20984 6.33929 3.89999
      vertex 2.13799 6.31026 3.89999
    endloop
  endfacet
  facet normal 0 0 1
    outer loop
      vertex 2.3685 1.41052 3.89999
      vertex 2 1.56029 3.89999
      vertex 2.2865 1.43431 3.89999
    endloop
  endfacet
  facet normal 0 0 1
    outer loop
      vertex 2 6.2397 3.89999
      vertex 2.13799 6.31026 3.89999
      vertex 2.07051 6.27855 3.89999
    endloop
  endfacet
  facet normal 0 0 1
    outer loop
      vertex 2.2865 1.43431 3.89999
      vertex 2 1.56029 3.89999
      vertex 2.20984 1.46069 3.89999
    endloop
  endfacet
  facet normal 0 0 1
    outer loop
      vertex 2 6.2397 3.89999
      vertex 2.07051 6.27855 3.89999
      vertex 2.0071 6.24413 3.89999
    endloop
  endfacet
  facet normal 0 0 1
    outer loop
      vertex 2.20984 1.46069 3.89999
      vertex 2 1.56029 3.89999
      vertex 2.13799 1.48973 3.89999
    endloop
  endfacet
  facet normal 0 0 1
    outer loop
      vertex 2.13799 1.48973 3.89999
      vertex 2 1.56029 3.89999
      vertex 2.07051 1.52144 3.89999
    endloop
  endfacet
  facet normal 0 0 1
    outer loop
      vertex 2.07051 1.52144 3.89999
      vertex 2 1.56029 3.89999
      vertex 2.0071 1.55586 3.89999
    endloop
  endfacet
  facet normal 0.980609 0.000112422 0.195976
    outer loop
      vertex 7.79999 5.77512 3.39
      vertex 7.84465 5.4852 3.1667
      vertex 7.82025 5.66103 3.28869
    endloop
  endfacet
  facet normal 0.980596 6.1959e-05 0.196039
    outer loop
      vertex 7.79999 5.77512 3.39
      vertex 7.86458 5.29254 3.06707
      vertex 7.84465 5.4852 3.1667
    endloop
  endfacet
  facet normal 0.98057 -2.91948e-05 0.19617
    outer loop
      vertex 7.79999 5.77512 3.39
      vertex 7.88008 5.07729 2.98956
      vertex 7.86458 5.29254 3.06707
    endloop
  endfacet
  facet normal 0.980575 -1.46302e-05 0.196145
    outer loop
      vertex 7.79999 5.77512 3.39
      vertex 7.89114 4.82834 2.93425
      vertex 7.88008 5.07729 2.98956
    endloop
  endfacet
  facet normal 0.980584 8.11907e-06 0.1961
    outer loop
      vertex 7.79999 5.77512 3.39
      vertex 7.89778 4.51784 2.90106
      vertex 7.89114 4.82834 2.93425
    endloop
  endfacet
  facet normal 0.980578 -3.40259e-06 0.196128
    outer loop
      vertex 7.79999 5.77512 3.39
      vertex 7.89999 3.89999 2.89
      vertex 7.89778 4.51784 2.90106
    endloop
  endfacet
  facet normal 0.980581 -0 0.196116
    outer loop
      vertex 7.79999 2.02487 3.39
      vertex 7.89999 3.89999 2.89
      vertex 7.79999 5.77512 3.39
    endloop
  endfacet
  facet normal 0.980578 3.40264e-06 0.196128
    outer loop
      vertex 7.89999 3.89999 2.89
      vertex 7.79999 2.02487 3.39
      vertex 7.89778 3.28215 2.90106
    endloop
  endfacet
  facet normal 0.980584 -8.11907e-06 0.1961
    outer loop
      vertex 7.89778 3.28215 2.90106
      vertex 7.79999 2.02487 3.39
      vertex 7.89114 2.97165 2.93425
    endloop
  endfacet
  facet normal 0.980575 1.46291e-05 0.196145
    outer loop
      vertex 7.89114 2.97165 2.93425
      vertex 7.79999 2.02487 3.39
      vertex 7.88008 2.72269 2.98956
    endloop
  endfacet
  facet normal 0.98057 2.91978e-05 0.19617
    outer loop
      vertex 7.88008 2.72269 2.98956
      vertex 7.79999 2.02487 3.39
      vertex 7.86458 2.50745 3.06707
    endloop
  endfacet
  facet normal 0.980596 -6.1959e-05 0.196039
    outer loop
      vertex 7.86458 2.50745 3.06707
      vertex 7.79999 2.02487 3.39
      vertex 7.84465 2.31479 3.1667
    endloop
  endfacet
  facet normal 0.980609 -0.000112422 0.195976
    outer loop
      vertex 7.84465 2.31479 3.1667
      vertex 7.79999 2.02487 3.39
      vertex 7.82025 2.13896 3.28869
    endloop
  endfacet
  facet normal 0.866078 -0.000112251 0.499909
    outer loop
      vertex 7.64999 6.32457 3.64999
      vertex 7.72025 6.11653 3.52822
      vertex 7.6779 6.24982 3.60162
    endloop
  endfacet
  facet normal 0.866001 -0.000216274 0.500043
    outer loop
      vertex 7.64999 6.32457 3.64999
      vertex 7.75807 5.97479 3.46266
      vertex 7.72025 6.11653 3.52822
    endloop
  endfacet
  facet normal 0.866163 -1.58362e-05 0.499762
    outer loop
      vertex 7.79999 5.77512 3.39
      vertex 7.75807 5.97479 3.46266
      vertex 7.64999 6.32457 3.64999
    endloop
  endfacet
  facet normal 0.866107 -6.30212e-05 0.499859
    outer loop
      vertex 7.75807 5.97479 3.46266
      vertex 7.79999 5.77512 3.39
      vertex 7.7914 5.82349 3.40489
    endloop
  endfacet
  facet normal 0.866177 0 0.499737
    outer loop
      vertex 7.64999 6.32457 3.64999
      vertex 7.79999 2.02487 3.39
      vertex 7.79999 5.77512 3.39
    endloop
  endfacet
  facet normal 0.866177 -0 0.499737
    outer loop
      vertex 7.64999 1.47542 3.64999
      vertex 7.79999 2.02487 3.39
      vertex 7.64999 6.32457 3.64999
    endloop
  endfacet
  facet normal 0.866163 1.58293e-05 0.499762
    outer loop
      vertex 7.75807 1.82518 3.46266
      vertex 7.79999 2.02487 3.39
      vertex 7.64999 1.47542 3.64999
    endloop
  endfacet
  facet normal 0.866107 6.30559e-05 0.499859
    outer loop
      vertex 7.79999 2.02487 3.39
      vertex 7.75807 1.82518 3.46266
      vertex 7.7914 1.9765 3.40489
    endloop
  endfacet
  facet normal 0.866001 0.00021642 0.500043
    outer loop
      vertex 7.75807 1.82518 3.46266
      vertex 7.64999 1.47542 3.64999
      vertex 7.72025 1.68346 3.52822
    endloop
  endfacet
  facet normal 0.866078 0.000112251 0.499909
    outer loop
      vertex 7.72025 1.68346 3.52822
      vertex 7.64999 1.47542 3.64999
      vertex 7.6779 1.55017 3.60162
    endloop
  endfacet
  facet normal -0.963568 9.88479e-05 0.267463
    outer loop
      vertex 0.0553436 5.4852 3.08926
      vertex 0.0999908 5.77512 3.25
      vertex 0.0797272 5.66103 3.17704
    endloop
  endfacet
  facet normal -0.963503 -4.22904e-05 0.267699
    outer loop
      vertex 0.0354004 5.29254 3.01745
      vertex 0.0999908 5.77512 3.25
      vertex 0.0553436 5.4852 3.08926
    endloop
  endfacet
  facet normal -0.963528 4.32614e-06 0.267609
    outer loop
      vertex 0.0199127 5.07729 2.96169
      vertex 0.0999908 5.77512 3.25
      vertex 0.0354004 5.29254 3.01745
    endloop
  endfacet
  facet normal -0.96353 7.52463e-06 0.267602
    outer loop
      vertex 0.00883484 4.82834 2.92181
      vertex 0.0999908 5.77512 3.25
      vertex 0.0199127 5.07729 2.96169
    endloop
  endfacet
  facet normal -0.963522 -2.95767e-06 0.26763
    outer loop
      vertex 0.00219727 4.51784 2.89791
      vertex 0.0999908 5.77512 3.25
      vertex 0.00883484 4.82834 2.92181
    endloop
  endfacet
  facet normal -0.963525 4.17596e-07 0.267619
    outer loop
      vertex 0 3.89999 2.89
      vertex 0.0999908 5.77512 3.25
      vertex 0.00219727 4.51784 2.89791
    endloop
  endfacet
  facet normal -0.963525 -4.17603e-07 0.267619
    outer loop
      vertex 0.0999908 2.02487 3.25
      vertex 0 3.89999 2.89
      vertex 0.00219727 3.28215 2.89791
    endloop
  endfacet
  facet normal -0.963522 2.95767e-06 0.26763
    outer loop
      vertex 0.0999908 2.02487 3.25
      vertex 0.00219727 3.28215 2.89791
      vertex 0.00883484 2.97165 2.92181
    endloop
  endfacet
  facet normal -0.96353 -7.52407e-06 0.267602
    outer loop
      vertex 0.0999908 2.02487 3.25
      vertex 0.00883484 2.97165 2.92181
      vertex 0.0199127 2.72269 2.96169
    endloop
  endfacet
  facet normal -0.963528 -4.32658e-06 0.267609
    outer loop
      vertex 0.0999908 2.02487 3.25
      vertex 0.0199127 2.72269 2.96169
      vertex 0.0354004 2.50745 3.01745
    endloop
  endfacet
  facet normal -0.963503 4.22904e-05 0.267699
    outer loop
      vertex 0.0999908 2.02487 3.25
      vertex 0.0354004 2.50745 3.01745
      vertex 0.0553436 2.31479 3.08926
    endloop
  endfacet
  facet normal -0.963568 -9.88479e-05 0.267463
    outer loop
      vertex 0.0999908 2.02487 3.25
      vertex 0.0553436 2.31479 3.08926
      vertex 0.0797272 2.13896 3.17704
    endloop
  endfacet
  facet normal -0.963524 0 0.267621
    outer loop
      vertex 0 3.89999 2.89
      vertex 0.0999908 2.02487 3.25
      vertex 0.0999908 5.77512 3.25
    endloop
  endfacet
  facet normal -0.0199419 0 0.999801
    outer loop
      vertex 1.84859 7.65987 3.89697
      vertex 2 6.48988 3.89999
      vertex 2 7.69238 3.89999
    endloop
  endfacet
  facet normal -0.0200535 -1.44519e-05 0.999799
    outer loop
      vertex 1.70503 7.62253 3.89409
      vertex 2 6.48988 3.89999
      vertex 1.84859 7.65987 3.89697
    endloop
  endfacet
  facet normal -0.0199989 -2.23902e-07 0.9998
    outer loop
      vertex 1.57005 7.58072 3.89139
      vertex 2 6.48988 3.89999
      vertex 1.70503 7.62253 3.89409
    endloop
  endfacet
  facet normal -0.0200706 -2.84943e-05 0.999799
    outer loop
      vertex 2 6.48988 3.89999
      vertex 1.57005 7.58072 3.89139
      vertex 1.99303 6.48708 3.89985
    endloop
  endfacet
  facet normal -0.0199287 2.64032e-05 0.999801
    outer loop
      vertex 1.99303 6.48708 3.89985
      vertex 1.57005 7.58072 3.89139
      vertex 1.92024 6.45305 3.8984
    endloop
  endfacet
  facet normal -0.0199611 1.63374e-05 0.999801
    outer loop
      vertex 1.44279 7.53441 3.88885
      vertex 1.92024 6.45305 3.8984
      vertex 1.57005 7.58072 3.89139
    endloop
  endfacet
  facet normal -0.020044 -2.02709e-05 0.999799
    outer loop
      vertex 1.32263 7.48358 3.88644
      vertex 1.92024 6.45305 3.8984
      vertex 1.44279 7.53441 3.88885
    endloop
  endfacet
  facet normal -0.0200214 -7.14621e-06 0.9998
    outer loop
      vertex 1.92024 6.45305 3.8984
      vertex 1.32263 7.48358 3.88644
      vertex 1.85184 6.41609 3.89703
    endloop
  endfacet
  facet normal -0.0199868 9.99744e-06 0.9998
    outer loop
      vertex 1.20905 7.42819 3.88417
      vertex 1.85184 6.41609 3.89703
      vertex 1.32263 7.48358 3.88644
    endloop
  endfacet
  facet normal -0.0200424 -2.53493e-05 0.999799
    outer loop
      vertex 1.85184 6.41609 3.89703
      vertex 1.20905 7.42819 3.88417
      vertex 1.78754 6.37614 3.89574
    endloop
  endfacet
  facet normal -0.0200103 -7.68606e-06 0.9998
    outer loop
      vertex 1.10165 7.36818 3.88202
      vertex 1.78754 6.37614 3.89574
      vertex 1.20905 7.42819 3.88417
    endloop
  endfacet
  facet normal -0.0200104 -7.71438e-06 0.9998
    outer loop
      vertex 1.78754 6.37614 3.89574
      vertex 1.10165 7.36818 3.88202
      vertex 1.7271 6.33316 3.89453
    endloop
  endfacet
  facet normal -0.019995 1.55687e-06 0.9998
    outer loop
      vertex 1.00014 7.3035 3.87999
      vertex 1.7271 6.33316 3.89453
      vertex 1.10165 7.36818 3.88202
    endloop
  endfacet
  facet normal -0.00697166 0.00976033 0.999928
    outer loop
      vertex 1 7.3034 3.87999
      vertex 1.7271 6.33316 3.89453
      vertex 1.00014 7.3035 3.87999
    endloop
  endfacet
  facet normal -0.0199359 4.30148e-05 0.999801
    outer loop
      vertex 1.7271 6.33316 3.89453
      vertex 1 7.3034 3.87999
      vertex 1.67033 6.28703 3.8934
    endloop
  endfacet
  facet normal -0.0200562 -3.63545e-05 0.999799
    outer loop
      vertex 1.67033 6.28703 3.8934
      vertex 1 7.3034 3.87999
      vertex 1.61708 6.23769 3.89233
    endloop
  endfacet
  facet normal -0.0198956 5.66656e-05 0.999802
    outer loop
      vertex 1.61708 6.23769 3.89233
      vertex 1 7.3034 3.87999
      vertex 1.56718 6.185 3.89134
    endloop
  endfacet
  facet normal -0.0201041 -4.91131e-05 0.999798
    outer loop
      vertex 1.56718 6.185 3.89134
      vertex 1 7.3034 3.87999
      vertex 1.52057 6.12883 3.8904
    endloop
  endfacet
  facet normal -0.0200064 -5.80704e-06 0.9998
    outer loop
      vertex 1.52057 6.12883 3.8904
      vertex 1 7.3034 3.87999
      vertex 1.47711 6.06903 3.88953
    endloop
  endfacet
  facet normal -0.0198835 4.1734e-05 0.999802
    outer loop
      vertex 1.47711 6.06903 3.88953
      vertex 1 7.3034 3.87999
      vertex 1.43675 6.00542 3.88873
    endloop
  endfacet
  facet normal -0.0200435 -1.21517e-05 0.999799
    outer loop
      vertex 1.43675 6.00542 3.88873
      vertex 1 7.3034 3.87999
      vertex 1.39938 5.93776 3.88798
    endloop
  endfacet
  facet normal -0.0200379 -1.05111e-05 0.999799
    outer loop
      vertex 1.39938 5.93776 3.88798
      vertex 1 7.3034 3.87999
      vertex 1.36499 5.86575 3.88729
    endloop
  endfacet
  facet normal -0.0199403 1.2272e-05 0.999801
    outer loop
      vertex 1.3335 5.78906 3.88666
      vertex 1 7.3034 3.87999
      vertex 1.30487 5.70724 3.88609
    endloop
  endfacet
  facet normal -0.0200839 -1.51747e-05 0.999798
    outer loop
      vertex 1.30487 5.70724 3.88609
      vertex 1 7.3034 3.87999
      vertex 1.27905 5.61974 3.88557
    endloop
  endfacet
  facet normal -0.0199894 5.04864e-07 0.9998
    outer loop
      vertex 1.27905 5.61974 3.88557
      vertex 1 7.3034 3.87999
      vertex 1.25604 5.5258 3.88511
    endloop
  endfacet
  facet normal -0.0198513 2.04008e-05 0.999803
    outer loop
      vertex 1.25604 5.5258 3.88511
      vertex 1 7.3034 3.87999
      vertex 1.23579 5.42445 3.88471
    endloop
  endfacet
  facet normal -0.0199975 2.04978e-06 0.9998
    outer loop
      vertex 1.23579 5.42445 3.88471
      vertex 1 7.3034 3.87999
      vertex 1.21828 5.3143 3.88436
    endloop
  endfacet
  facet normal -0.0201551 -1.52537e-05 0.999797
    outer loop
      vertex 1.21828 5.3143 3.88436
      vertex 1 7.3034 3.87999
      vertex 1.20349 5.19333 3.88406
    endloop
  endfacet
  facet normal -0.0199407 5.42856e-06 0.999801
    outer loop
      vertex 1.20349 5.19333 3.88406
      vertex 1 7.3034 3.87999
      vertex 1.19142 5.05846 3.88382
    endloop
  endfacet
  facet normal -0.0201074 -8.78859e-06 0.999798
    outer loop
      vertex 1.19142 5.05846 3.88382
      vertex 1 7.3034 3.87999
      vertex 1.18204 4.90436 3.88363
    endloop
  endfacet
  facet normal -0.0200008 9.12998e-07 0.9998
    outer loop
      vertex 1.17534 4.7207 3.8835
      vertex 1 7.3034 3.87999
      vertex 1.17133 4.48061 3.88342
    endloop
  endfacet
  facet normal -0.0197993 1.45971e-05 0.999804
    outer loop
      vertex 1.18204 4.90436 3.88363
      vertex 1 7.3034 3.87999
      vertex 1.17534 4.7207 3.8835
    endloop
  endfacet
  facet normal -0.0200706 2.84942e-05 0.999799
    outer loop
      vertex 1.57005 0.219269 3.89139
      vertex 2 1.31011 3.89999
      vertex 1.99303 1.31291 3.89985
    endloop
  endfacet
  facet normal -0.0199287 -2.64032e-05 0.999801
    outer loop
      vertex 1.57005 0.219269 3.89139
      vertex 1.99303 1.31291 3.89985
      vertex 1.92024 1.34694 3.8984
    endloop
  endfacet
  facet normal -0.0200214 7.14619e-06 0.9998
    outer loop
      vertex 1.32263 0.316406 3.88644
      vertex 1.92024 1.34694 3.8984
      vertex 1.85184 1.3839 3.89703
    endloop
  endfacet
  facet normal -0.0199419 0 0.999801
    outer loop
      vertex 2 1.31011 3.89999
      vertex 1.84859 0.140106 3.89697
      vertex 2 0.107605 3.89999
    endloop
  endfacet
  facet normal -0.0200424 2.53528e-05 0.999799
    outer loop
      vertex 1.20905 0.371796 3.88417
      vertex 1.85184 1.3839 3.89703
      vertex 1.78754 1.42383 3.89574
    endloop
  endfacet
  facet normal -0.0200104 7.71329e-06 0.9998
    outer loop
      vertex 1.10165 0.431808 3.88202
      vertex 1.78754 1.42383 3.89574
      vertex 1.7271 1.46683 3.89453
    endloop
  endfacet
  facet normal -0.0200535 1.44515e-05 0.999799
    outer loop
      vertex 2 1.31011 3.89999
      vertex 1.70503 0.17746 3.89409
      vertex 1.84859 0.140106 3.89697
    endloop
  endfacet
  facet normal -0.0199359 -4.30179e-05 0.999801
    outer loop
      vertex 1 0.496575 3.87999
      vertex 1.7271 1.46683 3.89453
      vertex 1.67033 1.51295 3.8934
    endloop
  endfacet
  facet normal -0.0200562 3.63516e-05 0.999799
    outer loop
      vertex 1 0.496575 3.87999
      vertex 1.67033 1.51295 3.8934
      vertex 1.61708 1.5623 3.89233
    endloop
  endfacet
  facet normal -0.0199989 2.23902e-07 0.9998
    outer loop
      vertex 2 1.31011 3.89999
      vertex 1.57005 0.219269 3.89139
      vertex 1.70503 0.17746 3.89409
    endloop
  endfacet
  facet normal -0.0198956 -5.66651e-05 0.999802
    outer loop
      vertex 1 0.496575 3.87999
      vertex 1.61708 1.5623 3.89233
      vertex 1.56718 1.61499 3.89134
    endloop
  endfacet
  facet normal -0.0201041 4.91127e-05 0.999798
    outer loop
      vertex 1 0.496575 3.87999
      vertex 1.56718 1.61499 3.89134
      vertex 1.52057 1.67116 3.8904
    endloop
  endfacet
  facet normal -0.0200064 5.80773e-06 0.9998
    outer loop
      vertex 1 0.496575 3.87999
      vertex 1.52057 1.67116 3.8904
      vertex 1.47711 1.73094 3.88953
    endloop
  endfacet
  facet normal -0.0199611 -1.63374e-05 0.999801
    outer loop
      vertex 1.92024 1.34694 3.8984
      vertex 1.44279 0.265579 3.88885
      vertex 1.57005 0.219269 3.89139
    endloop
  endfacet
  facet normal -0.0198835 -4.17292e-05 0.999802
    outer loop
      vertex 1 0.496575 3.87999
      vertex 1.47711 1.73094 3.88953
      vertex 1.43675 1.79457 3.88873
    endloop
  endfacet
  facet normal -0.0200435 1.21516e-05 0.999799
    outer loop
      vertex 1 0.496575 3.87999
      vertex 1.43675 1.79457 3.88873
      vertex 1.39938 1.86223 3.88798
    endloop
  endfacet
  facet normal -0.0200379 1.05116e-05 0.999799
    outer loop
      vertex 1 0.496575 3.87999
      vertex 1.39938 1.86223 3.88798
      vertex 1.36499 1.93423 3.88729
    endloop
  endfacet
  facet normal -0.0200001 9.10193e-07 0.9998
    outer loop
      vertex 1 0.496575 3.87999
      vertex 1.36499 1.93423 3.88729
      vertex 1.3335 2.01093 3.88666
    endloop
  endfacet
  facet normal -0.020044 2.02711e-05 0.999799
    outer loop
      vertex 1.92024 1.34694 3.8984
      vertex 1.32263 0.316406 3.88644
      vertex 1.44279 0.265579 3.88885
    endloop
  endfacet
  facet normal -0.0199403 -1.22725e-05 0.999801
    outer loop
      vertex 1 0.496575 3.87999
      vertex 1.3335 2.01093 3.88666
      vertex 1.30487 2.09274 3.88609
    endloop
  endfacet
  facet normal -0.0200839 1.5174e-05 0.999798
    outer loop
      vertex 1 0.496575 3.87999
      vertex 1.30487 2.09274 3.88609
      vertex 1.27905 2.18025 3.88557
    endloop
  endfacet
  facet normal -0.0199894 -5.04862e-07 0.9998
    outer loop
      vertex 1 0.496575 3.87999
      vertex 1.27905 2.18025 3.88557
      vertex 1.25604 2.27419 3.88511
    endloop
  endfacet
  facet normal -0.0198513 -2.04016e-05 0.999803
    outer loop
      vertex 1 0.496575 3.87999
      vertex 1.25604 2.27419 3.88511
      vertex 1.23579 2.37553 3.88471
    endloop
  endfacet
  facet normal -0.0199975 -2.04969e-06 0.9998
    outer loop
      vertex 1 0.496575 3.87999
      vertex 1.23579 2.37553 3.88471
      vertex 1.21828 2.48569 3.88436
    endloop
  endfacet
  facet normal -0.0199868 -9.99741e-06 0.9998
    outer loop
      vertex 1.85184 1.3839 3.89703
      vertex 1.20905 0.371796 3.88417
      vertex 1.32263 0.316406 3.88644
    endloop
  endfacet
  facet normal -0.0201551 1.52549e-05 0.999797
    outer loop
      vertex 1 0.496575 3.87999
      vertex 1.21828 2.48569 3.88436
      vertex 1.20349 2.60664 3.88406
    endloop
  endfacet
  facet normal -0.0199407 -5.42815e-06 0.999801
    outer loop
      vertex 1 0.496575 3.87999
      vertex 1.20349 2.60664 3.88406
      vertex 1.19142 2.74153 3.88382
    endloop
  endfacet
  facet normal -0.0201074 8.78856e-06 0.999798
    outer loop
      vertex 1 0.496575 3.87999
      vertex 1.19142 2.74153 3.88382
      vertex 1.18204 2.89563 3.88363
    endloop
  endfacet
  facet normal -0.0197993 -1.45981e-05 0.999804
    outer loop
      vertex 1 0.496575 3.87999
      vertex 1.18204 2.89563 3.88363
      vertex 1.17534 3.07927 3.8835
    endloop
  endfacet
  facet normal -0.0200008 -9.12938e-07 0.9998
    outer loop
      vertex 1 0.496575 3.87999
      vertex 1.17534 3.07927 3.8835
      vertex 1.17133 3.31938 3.88342
    endloop
  endfacet
  facet normal -0.020108 -5.59791e-06 0.999798
    outer loop
      vertex 1.17133 4.48061 3.88342
      vertex 1 7.3034 3.87999
      vertex 1.17 3.89999 3.88339
    endloop
  endfacet
  facet normal -0.019996 0 0.9998
    outer loop
      vertex 1 0.496575 3.87999
      vertex 1.17 3.89999 3.88339
      vertex 1 7.3034 3.87999
    endloop
  endfacet
  facet normal -0.020108 5.598e-06 0.999798
    outer loop
      vertex 1.17 3.89999 3.88339
      vertex 1 0.496575 3.87999
      vertex 1.17133 3.31938 3.88342
    endloop
  endfacet
  facet normal -0.0200001 -9.1024e-07 0.9998
    outer loop
      vertex 1.36499 5.86575 3.88729
      vertex 1 7.3034 3.87999
      vertex 1.3335 5.78906 3.88666
    endloop
  endfacet
  facet normal -0.00697159 -0.00976023 0.999928
    outer loop
      vertex 1.7271 1.46683 3.89453
      vertex 1 0.496575 3.87999
      vertex 1.00014 0.496475 3.87999
    endloop
  endfacet
  facet normal -0.0200103 7.68609e-06 0.9998
    outer loop
      vertex 1.78754 1.42383 3.89574
      vertex 1.10165 0.431808 3.88202
      vertex 1.20905 0.371796 3.88417
    endloop
  endfacet
  facet normal -0.019995 -1.55696e-06 0.9998
    outer loop
      vertex 1.7271 1.46683 3.89453
      vertex 1.00014 0.496475 3.87999
      vertex 1.10165 0.431808 3.88202
    endloop
  endfacet
  facet normal -0.0199852 -1.12724e-05 0.9998
    outer loop
      vertex 1.52657 5.65996 3.89052
      vertex 2 6.2397 3.89999
      vertex 1.94749 6.20691 3.89894
    endloop
  endfacet
  facet normal -0.019996 0 0.9998
    outer loop
      vertex 2 6.2397 3.89999
      vertex 1.375 3.89999 3.88749
      vertex 2 1.56029 3.89999
    endloop
  endfacet
  facet normal -0.0199676 -2.48066e-05 0.999801
    outer loop
      vertex 1.52657 5.65996 3.89052
      vertex 1.94749 6.20691 3.89894
      vertex 1.89146 6.16687 3.89782
    endloop
  endfacet
  facet normal -0.0199597 9.69453e-06 0.999801
    outer loop
      vertex 1.37624 3.35907 3.88752
      vertex 2 1.56029 3.89999
      vertex 1.375 3.89999 3.88749
    endloop
  endfacet
  facet normal -0.0198768 -9.01954e-05 0.999802
    outer loop
      vertex 1.52657 5.65996 3.89052
      vertex 1.89146 6.16687 3.89782
      vertex 1.83884 6.12389 3.89677
    endloop
  endfacet
  facet normal -0.0200468 -2.05112e-05 0.999799
    outer loop
      vertex 1.37996 3.13538 3.88759
      vertex 2 1.56029 3.89999
      vertex 1.37624 3.35907 3.88752
    endloop
  endfacet
  facet normal -0.0201014 6.10705e-05 0.999798
    outer loop
      vertex 1.52657 5.65996 3.89052
      vertex 1.83884 6.12389 3.89677
      vertex 1.78946 6.07791 3.89578
    endloop
  endfacet
  facet normal -0.0200567 -2.43974e-05 0.999799
    outer loop
      vertex 1.38615 2.96426 3.88771
      vertex 2 1.56029 3.89999
      vertex 1.37996 3.13538 3.88759
    endloop
  endfacet
  facet normal -0.0196541 -0.00022038 0.999807
    outer loop
      vertex 1.52657 5.65996 3.89052
      vertex 1.78946 6.07791 3.89578
      vertex 1.74321 6.02882 3.89486
    endloop
  endfacet
  facet normal -0.0198908 4.817e-05 0.999802
    outer loop
      vertex 1.39485 2.82071 3.88789
      vertex 2 1.56029 3.89999
      vertex 1.38615 2.96426 3.88771
    endloop
  endfacet
  facet normal -0.0203786 0.000205308 0.999792
    outer loop
      vertex 1.52657 5.65996 3.89052
      vertex 1.74321 6.02882 3.89486
      vertex 1.7 5.9765 3.89399
    endloop
  endfacet
  facet normal -0.0200713 -3.85342e-05 0.999799
    outer loop
      vertex 1.40605 2.69504 3.88811
      vertex 2 1.56029 3.89999
      vertex 1.39485 2.82071 3.88789
    endloop
  endfacet
  facet normal -0.0193773 -0.000343543 0.999812
    outer loop
      vertex 1.52657 5.65996 3.89052
      vertex 1.7 5.9765 3.89399
      vertex 1.65971 5.92079 3.89319
    endloop
  endfacet
  facet normal -0.0198658 6.90711e-05 0.999803
    outer loop
      vertex 1.41975 2.58235 3.88839
      vertex 2 1.56029 3.89999
      vertex 1.40605 2.69504 3.88811
    endloop
  endfacet
  facet normal -0.0199632 -4.43587e-05 0.999801
    outer loop
      vertex 1.52657 5.65996 3.89052
      vertex 1.65971 5.92079 3.89319
      vertex 1.62228 5.86153 3.89244
    endloop
  endfacet
  facet normal -0.0200982 -6.29401e-05 0.999798
    outer loop
      vertex 1.43599 2.47972 3.88871
      vertex 2 1.56029 3.89999
      vertex 1.41975 2.58235 3.88839
    endloop
  endfacet
  facet normal -0.0190349 -0.000489892 0.999819
    outer loop
      vertex 1.55577 5.7314 3.89111
      vertex 1.62228 5.86153 3.89244
      vertex 1.58766 5.79848 3.89175
    endloop
  endfacet
  facet normal -0.0198781 7.21657e-05 0.999802
    outer loop
      vertex 1.45476 2.3853 3.88909
      vertex 2 1.56029 3.89999
      vertex 1.43599 2.47972 3.88871
    endloop
  endfacet
  facet normal -0.019161 -0.000425381 0.999816
    outer loop
      vertex 1.52657 5.65996 3.89052
      vertex 1.62228 5.86153 3.89244
      vertex 1.55577 5.7314 3.89111
    endloop
  endfacet
  facet normal -0.0201682 -0.000119695 0.999797
    outer loop
      vertex 1.4761 2.29778 3.88951
      vertex 2 1.56029 3.89999
      vertex 1.45476 2.3853 3.88909
    endloop
  endfacet
  facet normal -0.0200235 2.008e-05 0.9998
    outer loop
      vertex 2 6.2397 3.89999
      vertex 1.52657 5.65996 3.89052
      vertex 1.50003 5.58372 3.88999
    endloop
  endfacet
  facet normal -0.0199613 2.73527e-05 0.999801
    outer loop
      vertex 1.50003 2.21626 3.88999
      vertex 2 1.56029 3.89999
      vertex 1.4761 2.29778 3.88951
    endloop
  endfacet
  facet normal -0.0199613 -2.73529e-05 0.999801
    outer loop
      vertex 2 6.2397 3.89999
      vertex 1.50003 5.58372 3.88999
      vertex 1.4761 5.5022 3.88951
    endloop
  endfacet
  facet normal -0.0200235 -2.00846e-05 0.9998
    outer loop
      vertex 1.52657 2.14003 3.89052
      vertex 2 1.56029 3.89999
      vertex 1.50003 2.21626 3.88999
    endloop
  endfacet
  facet normal -0.0201683 0.000119717 0.999797
    outer loop
      vertex 2 6.2397 3.89999
      vertex 1.4761 5.5022 3.88951
      vertex 1.45476 5.41469 3.88909
    endloop
  endfacet
  facet normal -0.0199852 1.12653e-05 0.9998
    outer loop
      vertex 2 1.56029 3.89999
      vertex 1.52657 2.14003 3.89052
      vertex 1.94749 1.59306 3.89894
    endloop
  endfacet
  facet normal -0.0198781 -7.21657e-05 0.999802
    outer loop
      vertex 2 6.2397 3.89999
      vertex 1.45476 5.41469 3.88909
      vertex 1.43599 5.32027 3.88871
    endloop
  endfacet
  facet normal -0.0199676 2.48197e-05 0.999801
    outer loop
      vertex 1.94749 1.59306 3.89894
      vertex 1.52657 2.14003 3.89052
      vertex 1.89146 1.63312 3.89782
    endloop
  endfacet
  facet normal -0.0200982 6.29401e-05 0.999798
    outer loop
      vertex 2 6.2397 3.89999
      vertex 1.43599 5.32027 3.88871
      vertex 1.41975 5.21764 3.88839
    endloop
  endfacet
  facet normal -0.0198768 9.01654e-05 0.999802
    outer loop
      vertex 1.89146 1.63312 3.89782
      vertex 1.52657 2.14003 3.89052
      vertex 1.83884 1.67609 3.89677
    endloop
  endfacet
  facet normal -0.0198658 -6.90555e-05 0.999803
    outer loop
      vertex 2 6.2397 3.89999
      vertex 1.41975 5.21764 3.88839
      vertex 1.40605 5.10493 3.88811
    endloop
  endfacet
  facet normal -0.0201014 -6.10892e-05 0.999798
    outer loop
      vertex 1.83884 1.67609 3.89677
      vertex 1.52657 2.14003 3.89052
      vertex 1.78946 1.72208 3.89578
    endloop
  endfacet
  facet normal -0.0200713 3.85417e-05 0.999799
    outer loop
      vertex 2 6.2397 3.89999
      vertex 1.40605 5.10493 3.88811
      vertex 1.39485 4.97928 3.88789
    endloop
  endfacet
  facet normal -0.0196543 0.00022029 0.999807
    outer loop
      vertex 1.78946 1.72208 3.89578
      vertex 1.52657 2.14003 3.89052
      vertex 1.74321 1.77116 3.89486
    endloop
  endfacet
  facet normal -0.0198908 -4.81661e-05 0.999802
    outer loop
      vertex 2 6.2397 3.89999
      vertex 1.39485 4.97928 3.88789
      vertex 1.38615 4.83572 3.88771
    endloop
  endfacet
  facet normal -0.0190349 0.000489892 0.999819
    outer loop
      vertex 1.62228 1.93846 3.89244
      vertex 1.55577 2.06859 3.89111
      vertex 1.58766 2.00151 3.89175
    endloop
  endfacet
  facet normal -0.0200567 2.4399e-05 0.999799
    outer loop
      vertex 2 6.2397 3.89999
      vertex 1.38615 4.83572 3.88771
      vertex 1.37996 4.66461 3.88759
    endloop
  endfacet
  facet normal -0.0203788 -0.000205385 0.999792
    outer loop
      vertex 1.74321 1.77116 3.89486
      vertex 1.52657 2.14003 3.89052
      vertex 1.7 1.82349 3.89399
    endloop
  endfacet
  facet normal -0.0200468 2.05112e-05 0.999799
    outer loop
      vertex 2 6.2397 3.89999
      vertex 1.37996 4.66461 3.88759
      vertex 1.37624 4.44092 3.88752
    endloop
  endfacet
  facet normal -0.0199597 -9.69435e-06 0.999801
    outer loop
      vertex 2 6.2397 3.89999
      vertex 1.37624 4.44092 3.88752
      vertex 1.375 3.89999 3.88749
    endloop
  endfacet
  facet normal -0.019161 0.000425381 0.999816
    outer loop
      vertex 1.62228 1.93846 3.89244
      vertex 1.52657 2.14003 3.89052
      vertex 1.55577 2.06859 3.89111
    endloop
  endfacet
  facet normal -0.0193773 0.000343543 0.999812
    outer loop
      vertex 1.7 1.82349 3.89399
      vertex 1.52657 2.14003 3.89052
      vertex 1.65971 1.8792 3.89319
    endloop
  endfacet
  facet normal -0.0199632 4.43587e-05 0.999801
    outer loop
      vertex 1.65971 1.8792 3.89319
      vertex 1.52657 2.14003 3.89052
      vertex 1.62228 1.93846 3.89244
    endloop
  endfacet
  facet normal 0.513979 -0.000363546 0.857803
    outer loop
      vertex 7.39999 6.80815 3.79999
      vertex 7.64999 6.32457 3.64999
      vertex 7.631 6.37546 3.66139
    endloop
  endfacet
  facet normal 0.514496 0 0.857493
    outer loop
      vertex 7.64999 6.32457 3.64999
      vertex 7.39999 6.80815 3.79999
      vertex 7.64999 1.47542 3.64999
    endloop
  endfacet
  facet normal 0.514515 2.55867e-05 0.857482
    outer loop
      vertex 7.39999 6.80815 3.79999
      vertex 7.631 6.37546 3.66139
      vertex 7.57953 6.49409 3.69227
    endloop
  endfacet
  facet normal 0.514496 -0 0.857493
    outer loop
      vertex 7.39999 0.991839 3.79999
      vertex 7.64999 1.47542 3.64999
      vertex 7.39999 6.80815 3.79999
    endloop
  endfacet
  facet normal 0.514855 0.000290656 0.857277
    outer loop
      vertex 7.39999 6.80815 3.79999
      vertex 7.57953 6.49409 3.69227
      vertex 7.52342 6.60625 3.72593
    endloop
  endfacet
  facet normal 0.513979 0.000363548 0.857803
    outer loop
      vertex 7.64999 1.47542 3.64999
      vertex 7.39999 0.991839 3.79999
      vertex 7.631 1.42453 3.66139
    endloop
  endfacet
  facet normal 0.513413 -0.000908592 0.858141
    outer loop
      vertex 7.39999 6.80815 3.79999
      vertex 7.52342 6.60625 3.72593
      vertex 7.46265 6.71228 3.7624
    endloop
  endfacet
  facet normal 0.514515 -2.55639e-05 0.857482
    outer loop
      vertex 7.631 1.42453 3.66139
      vertex 7.39999 0.991839 3.79999
      vertex 7.57953 1.30588 3.69227
    endloop
  endfacet
  facet normal 0.514856 -0.000290947 0.857277
    outer loop
      vertex 7.57953 1.30588 3.69227
      vertex 7.39999 0.991839 3.79999
      vertex 7.52342 1.19374 3.72593
    endloop
  endfacet
  facet normal 0.513412 0.00090866 0.858141
    outer loop
      vertex 7.52342 1.19374 3.72593
      vertex 7.39999 0.991839 3.79999
      vertex 7.46265 1.08771 3.7624
    endloop
  endfacet
  facet normal -0.936254 -0.000175207 0.351325
    outer loop
      vertex 0.179733 6.11653 3.46263
      vertex 0.25 6.3246 3.64999
      vertex 0.222092 6.24982 3.57558
    endloop
  endfacet
  facet normal -0.936315 -8.44798e-06 0.351162
    outer loop
      vertex 0.141907 5.97479 3.36177
      vertex 0.25 6.3246 3.64999
      vertex 0.179733 6.11653 3.46263
    endloop
  endfacet
  facet normal -0.936282 -6.94641e-05 0.35125
    outer loop
      vertex 0.0999908 5.77512 3.25
      vertex 0.141907 5.97479 3.36177
      vertex 0.108582 5.82349 3.27291
    endloop
  endfacet
  facet normal -0.936308 -2.37213e-05 0.351179
    outer loop
      vertex 0.141907 5.97479 3.36177
      vertex 0.0999908 5.77512 3.25
      vertex 0.25 6.3246 3.64999
    endloop
  endfacet
  facet normal -0.936319 0 0.35115
    outer loop
      vertex 0.0999908 2.02487 3.25
      vertex 0.25 6.3246 3.64999
      vertex 0.0999908 5.77512 3.25
    endloop
  endfacet
  facet normal -0.936282 6.95023e-05 0.35125
    outer loop
      vertex 0.141907 1.82518 3.36177
      vertex 0.0999908 2.02487 3.25
      vertex 0.108582 1.9765 3.27291
    endloop
  endfacet
  facet normal -0.936309 2.37111e-05 0.351179
    outer loop
      vertex 0.0999908 2.02487 3.25
      vertex 0.141907 1.82518 3.36177
      vertex 0.25 1.47539 3.64999
    endloop
  endfacet
  facet normal -0.936315 8.45366e-06 0.351162
    outer loop
      vertex 0.25 1.47539 3.64999
      vertex 0.141907 1.82518 3.36177
      vertex 0.179733 1.68346 3.46263
    endloop
  endfacet
  facet normal -0.936254 0.000175207 0.351325
    outer loop
      vertex 0.25 1.47539 3.64999
      vertex 0.179733 1.68346 3.46263
      vertex 0.222092 1.55017 3.57558
    endloop
  endfacet
  facet normal -0.936319 0 0.35115
    outer loop
      vertex 0.0999908 2.02487 3.25
      vertex 0.25 1.47539 3.64999
      vertex 0.25 6.3246 3.64999
    endloop
  endfacet
  facet normal 0.172784 0.011266 0.984895
    outer loop
      vertex 7.32684 6.9072 3.81169
      vertex 7.39999 6.80815 3.79999
      vertex 7.39714 6.81252 3.80044
    endloop
  endfacet
  facet normal 0.157991 0 0.987441
    outer loop
      vertex 7.39999 6.80815 3.79999
      vertex 6.89999 7.3034 3.87999
      vertex 7.39999 0.991839 3.79999
    endloop
  endfacet
  facet normal 0.158134 0.000148512 0.987418
    outer loop
      vertex 7.39999 6.80815 3.79999
      vertex 7.32684 6.9072 3.81169
      vertex 6.89999 7.3034 3.87999
    endloop
  endfacet
  facet normal 0.157991 -0 0.987441
    outer loop
      vertex 6.89999 0.496575 3.87999
      vertex 7.39999 0.991839 3.79999
      vertex 6.89999 7.3034 3.87999
    endloop
  endfacet
  facet normal 0.157977 -2.50031e-05 0.987443
    outer loop
      vertex 6.89999 7.3034 3.87999
      vertex 7.32684 6.9072 3.81169
      vertex 7.25166 6.99655 3.82372
    endloop
  endfacet
  facet normal 0.158134 -0.00014854 0.987418
    outer loop
      vertex 7.32684 0.892792 3.81169
      vertex 7.39999 0.991839 3.79999
      vertex 6.89999 0.496575 3.87999
    endloop
  endfacet
  facet normal 0.15787 -0.000150136 0.98746
    outer loop
      vertex 6.89999 7.3034 3.87999
      vertex 7.25166 6.99655 3.82372
      vertex 7.17149 7.08072 3.83655
    endloop
  endfacet
  facet normal 0.172897 -0.011352 0.984874
    outer loop
      vertex 7.39999 0.991839 3.79999
      vertex 7.32684 0.892792 3.81169
      vertex 7.39714 0.987473 3.80044
    endloop
  endfacet
  facet normal 0.157991 -1.09376e-14 0.987441
    outer loop
      vertex 6.89999 7.3034 3.87999
      vertex 7.17149 7.08072 3.83655
      vertex 7.08624 7.15987 3.85019
    endloop
  endfacet
  facet normal 0.157977 2.49993e-05 0.987443
    outer loop
      vertex 7.32684 0.892792 3.81169
      vertex 6.89999 0.496575 3.87999
      vertex 7.25166 0.803436 3.82372
    endloop
  endfacet
  facet normal 0.157463 -0.000701722 0.987525
    outer loop
      vertex 6.89999 7.3034 3.87999
      vertex 7.08624 7.15987 3.85019
      vertex 6.99576 7.2341 3.86467
    endloop
  endfacet
  facet normal 0.15787 0.000150195 0.98746
    outer loop
      vertex 7.25166 0.803436 3.82372
      vertex 6.89999 0.496575 3.87999
      vertex 7.17149 0.719269 3.83655
    endloop
  endfacet
  facet normal 0.157991 1.11162e-14 0.987441
    outer loop
      vertex 7.17149 0.719269 3.83655
      vertex 6.89999 0.496575 3.87999
      vertex 7.08624 0.640121 3.85019
    endloop
  endfacet
  facet normal 0.157463 0.000702311 0.987525
    outer loop
      vertex 7.08624 0.640121 3.85019
      vertex 6.89999 0.496575 3.87999
      vertex 6.99576 0.565887 3.86467
    endloop
  endfacet
  facet normal 0.00768961 0.0099965 0.99992
    outer loop
      vertex 6.23288 6.33316 3.89482
      vertex 6.89999 7.3034 3.87999
      vertex 6.89986 7.3035 3.87999
    endloop
  endfacet
  facet normal 0.0221788 0 0.999754
    outer loop
      vertex 6.89999 7.3034 3.87999
      vertex 6.78865 4.48061 3.88246
      vertex 6.89999 0.496575 3.87999
    endloop
  endfacet
  facet normal 0.0222453 -1.69284e-05 0.999753
    outer loop
      vertex 6.17244 6.37614 3.89616
      vertex 6.89986 7.3035 3.87999
      vertex 6.79834 7.36818 3.88225
    endloop
  endfacet
  facet normal 0.0221605 -5.12456e-07 0.999754
    outer loop
      vertex 6.78999 3.89999 3.88243
      vertex 6.89999 0.496575 3.87999
      vertex 6.78865 4.48061 3.88246
    endloop
  endfacet
  facet normal 0.022256 3.04497e-06 0.999752
    outer loop
      vertex 6.78464 3.07927 3.88255
      vertex 6.89999 0.496575 3.87999
      vertex 6.78865 3.31938 3.88246
    endloop
  endfacet
  facet normal 0.0221901 4.44155e-07 0.999754
    outer loop
      vertex 6.78865 3.31938 3.88246
      vertex 6.89999 0.496575 3.87999
      vertex 6.78999 3.89999 3.88243
    endloop
  endfacet
  facet normal 0.022256 -3.04516e-06 0.999752
    outer loop
      vertex 6.89999 7.3034 3.87999
      vertex 6.78464 4.7207 3.88255
      vertex 6.78865 4.48061 3.88246
    endloop
  endfacet
  facet normal 0.0222903 -4.57724e-06 0.999752
    outer loop
      vertex 6.89999 7.3034 3.87999
      vertex 6.77795 4.90436 3.8827
      vertex 6.78464 4.7207 3.88255
    endloop
  endfacet
  facet normal 0.0222996 -5.04845e-06 0.999751
    outer loop
      vertex 6.89999 7.3034 3.87999
      vertex 6.76857 5.05846 3.88291
      vertex 6.77795 4.90436 3.8827
    endloop
  endfacet
  facet normal 0.0222821 -4.02433e-06 0.999752
    outer loop
      vertex 6.89999 7.3034 3.87999
      vertex 6.75648 5.19333 3.88318
      vertex 6.76857 5.05846 3.88291
    endloop
  endfacet
  facet normal 0.0222865 -4.32667e-06 0.999752
    outer loop
      vertex 6.89999 7.3034 3.87999
      vertex 6.7417 5.3143 3.88351
      vertex 6.75648 5.19333 3.88318
    endloop
  endfacet
  facet normal 0.0222642 -2.54699e-06 0.999752
    outer loop
      vertex 6.89999 7.3034 3.87999
      vertex 6.7242 5.42445 3.8839
      vertex 6.7417 5.3143 3.88351
    endloop
  endfacet
  facet normal 0.0222232 1.2885e-06 0.999753
    outer loop
      vertex 6.89999 7.3034 3.87999
      vertex 6.70395 5.5258 3.88435
      vertex 6.7242 5.42445 3.8839
    endloop
  endfacet
  facet normal 0.0222417 -1.46124e-05 0.999753
    outer loop
      vertex 6.17244 6.37614 3.89616
      vertex 6.79834 7.36818 3.88225
      vertex 6.69095 7.42819 3.88464
    endloop
  endfacet
  facet normal 0.0221692 7.24961e-06 0.999754
    outer loop
      vertex 6.89999 7.3034 3.87999
      vertex 6.68092 5.61974 3.88486
      vertex 6.70395 5.5258 3.88435
    endloop
  endfacet
  facet normal 0.0221296 1.23933e-05 0.999755
    outer loop
      vertex 6.89999 7.3034 3.87999
      vertex 6.65512 5.70724 3.88543
      vertex 6.68092 5.61974 3.88486
    endloop
  endfacet
  facet normal 0.0223011 -1.39161e-05 0.999751
    outer loop
      vertex 6.89999 7.3034 3.87999
      vertex 6.62648 5.78906 3.88607
      vertex 6.65512 5.70724 3.88543
    endloop
  endfacet
  facet normal 0.0222239 3.20331e-08 0.999753
    outer loop
      vertex 6.89999 7.3034 3.87999
      vertex 6.59499 5.86575 3.88677
      vertex 6.62648 5.78906 3.88607
    endloop
  endfacet
  facet normal 0.0221872 1.56794e-05 0.999754
    outer loop
      vertex 6.10814 6.41609 3.89759
      vertex 6.69095 7.42819 3.88464
      vertex 6.57736 7.48358 3.88716
    endloop
  endfacet
  facet normal 0.0221296 2.0046e-05 0.999755
    outer loop
      vertex 6.89999 7.3034 3.87999
      vertex 6.56059 5.93776 3.88753
      vertex 6.59499 5.86575 3.88677
    endloop
  endfacet
  facet normal 0.0222147 -1.12179e-06 0.999753
    outer loop
      vertex 6.89999 7.3034 3.87999
      vertex 6.52324 6.00542 3.88836
      vertex 6.56059 5.93776 3.88753
    endloop
  endfacet
  facet normal 0.0222602 -1.43253e-05 0.999752
    outer loop
      vertex 6.89999 7.3034 3.87999
      vertex 6.48286 6.06903 3.88926
      vertex 6.52324 6.00542 3.88836
    endloop
  endfacet
  facet normal 0.0222132 4.84283e-06 0.999753
    outer loop
      vertex 6.03975 6.45305 3.89911
      vertex 6.57736 7.48358 3.88716
      vertex 6.45718 7.53441 3.88983
    endloop
  endfacet
  facet normal 0.0222903 -2.45251e-05 0.999752
    outer loop
      vertex 6.89999 7.3034 3.87999
      vertex 6.43942 6.12883 3.89023
      vertex 6.48286 6.06903 3.88926
    endloop
  endfacet
  facet normal 0.0221297 3.84837e-05 0.999755
    outer loop
      vertex 6.89999 7.3034 3.87999
      vertex 6.39279 6.185 3.89126
      vertex 6.43942 6.12883 3.89023
    endloop
  endfacet
  facet normal 0.0222371 -1.02314e-05 0.999753
    outer loop
      vertex 6.89999 7.3034 3.87999
      vertex 6.34291 6.23769 3.89237
      vertex 6.39279 6.185 3.89126
    endloop
  endfacet
  facet normal 0.0222335 -6.7822e-06 0.999753
    outer loop
      vertex 6 6.47163 3.89999
      vertex 6.45718 7.53441 3.88983
      vertex 6.32994 7.58072 3.89266
    endloop
  endfacet
  facet normal 0.0223013 -4.37973e-05 0.999751
    outer loop
      vertex 6.89999 7.3034 3.87999
      vertex 6.28966 6.28703 3.89356
      vertex 6.34291 6.23769 3.89237
    endloop
  endfacet
  facet normal 0.0221995 1.73348e-05 0.999754
    outer loop
      vertex 6.89999 7.3034 3.87999
      vertex 6.23288 6.33316 3.89482
      vertex 6.28966 6.28703 3.89356
    endloop
  endfacet
  facet normal 0.0222177 -2.09904e-06 0.999753
    outer loop
      vertex 6 6.47163 3.89999
      vertex 6.32994 7.58072 3.89266
      vertex 6.19495 7.62253 3.89566
    endloop
  endfacet
  facet normal 0.0221862 2.94496e-05 0.999754
    outer loop
      vertex 6.89986 7.3035 3.87999
      vertex 6.17244 6.37614 3.89616
      vertex 6.23288 6.33316 3.89482
    endloop
  endfacet
  facet normal 0.0222289 -8.29683e-06 0.999753
    outer loop
      vertex 6.69095 7.42819 3.88464
      vertex 6.10814 6.41609 3.89759
      vertex 6.17244 6.37614 3.89616
    endloop
  endfacet
  facet normal 0.0222148 -1.59784e-06 0.999753
    outer loop
      vertex 6 6.47163 3.89999
      vertex 6.19495 7.62253 3.89566
      vertex 6.05139 7.65987 3.89885
    endloop
  endfacet
  facet normal 0.0222205 1.03242e-06 0.999753
    outer loop
      vertex 6.57736 7.48358 3.88716
      vertex 6.03975 6.45305 3.89911
      vertex 6.10814 6.41609 3.89759
    endloop
  endfacet
  facet normal 0.0221778 -0 0.999754
    outer loop
      vertex 6 6.47163 3.89999
      vertex 6.05139 7.65987 3.89885
      vertex 6 7.6709 3.89999
    endloop
  endfacet
  facet normal 0.0221471 3.03749e-05 0.999755
    outer loop
      vertex 6.45718 7.53441 3.88983
      vertex 6 6.47163 3.89999
      vertex 6.03975 6.45305 3.89911
    endloop
  endfacet
  facet normal 0.0222903 4.57751e-06 0.999752
    outer loop
      vertex 6.77795 2.89563 3.8827
      vertex 6.89999 0.496575 3.87999
      vertex 6.78464 3.07927 3.88255
    endloop
  endfacet
  facet normal 0.0222996 5.04843e-06 0.999751
    outer loop
      vertex 6.76857 2.74153 3.88291
      vertex 6.89999 0.496575 3.87999
      vertex 6.77795 2.89563 3.8827
    endloop
  endfacet
  facet normal 0.0222821 4.02407e-06 0.999752
    outer loop
      vertex 6.75648 2.60664 3.88318
      vertex 6.89999 0.496575 3.87999
      vertex 6.76857 2.74153 3.88291
    endloop
  endfacet
  facet normal 0.0222865 4.32693e-06 0.999752
    outer loop
      vertex 6.7417 2.48569 3.88351
      vertex 6.89999 0.496575 3.87999
      vertex 6.75648 2.60664 3.88318
    endloop
  endfacet
  facet normal 0.0222642 2.5469e-06 0.999752
    outer loop
      vertex 6.7242 2.37553 3.8839
      vertex 6.89999 0.496575 3.87999
      vertex 6.7417 2.48569 3.88351
    endloop
  endfacet
  facet normal 0.0222232 -1.28854e-06 0.999753
    outer loop
      vertex 6.70395 2.27419 3.88435
      vertex 6.89999 0.496575 3.87999
      vertex 6.7242 2.37553 3.8839
    endloop
  endfacet
  facet normal 0.0221692 -7.24957e-06 0.999754
    outer loop
      vertex 6.68092 2.18025 3.88486
      vertex 6.89999 0.496575 3.87999
      vertex 6.70395 2.27419 3.88435
    endloop
  endfacet
  facet normal 0.0221296 -1.23928e-05 0.999755
    outer loop
      vertex 6.65512 2.09274 3.88543
      vertex 6.89999 0.496575 3.87999
      vertex 6.68092 2.18025 3.88486
    endloop
  endfacet
  facet normal 0.0223011 1.39166e-05 0.999751
    outer loop
      vertex 6.62648 2.01093 3.88607
      vertex 6.89999 0.496575 3.87999
      vertex 6.65512 2.09274 3.88543
    endloop
  endfacet
  facet normal 0.0222239 -3.20316e-08 0.999753
    outer loop
      vertex 6.59499 1.93423 3.88677
      vertex 6.89999 0.496575 3.87999
      vertex 6.62648 2.01093 3.88607
    endloop
  endfacet
  facet normal 0.0221296 -2.00468e-05 0.999755
    outer loop
      vertex 6.56059 1.86223 3.88753
      vertex 6.89999 0.496575 3.87999
      vertex 6.59499 1.93423 3.88677
    endloop
  endfacet
  facet normal 0.0222147 1.12178e-06 0.999753
    outer loop
      vertex 6.52324 1.79457 3.88836
      vertex 6.89999 0.496575 3.87999
      vertex 6.56059 1.86223 3.88753
    endloop
  endfacet
  facet normal 0.0222602 1.43238e-05 0.999752
    outer loop
      vertex 6.48286 1.73094 3.88926
      vertex 6.89999 0.496575 3.87999
      vertex 6.52324 1.79457 3.88836
    endloop
  endfacet
  facet normal 0.0222903 2.45277e-05 0.999752
    outer loop
      vertex 6.43942 1.67116 3.89023
      vertex 6.89999 0.496575 3.87999
      vertex 6.48286 1.73094 3.88926
    endloop
  endfacet
  facet normal 0.0221297 -3.84833e-05 0.999755
    outer loop
      vertex 6.39279 1.61499 3.89126
      vertex 6.89999 0.496575 3.87999
      vertex 6.43942 1.67116 3.89023
    endloop
  endfacet
  facet normal 0.0222371 1.02313e-05 0.999753
    outer loop
      vertex 6.34291 1.5623 3.89237
      vertex 6.89999 0.496575 3.87999
      vertex 6.39279 1.61499 3.89126
    endloop
  endfacet
  facet normal 0.0223013 4.3794e-05 0.999751
    outer loop
      vertex 6.28966 1.51295 3.89356
      vertex 6.89999 0.496575 3.87999
      vertex 6.34291 1.5623 3.89237
    endloop
  endfacet
  facet normal 0.0221995 -1.73359e-05 0.999754
    outer loop
      vertex 6.23288 1.46683 3.89482
      vertex 6.89999 0.496575 3.87999
      vertex 6.28966 1.51295 3.89356
    endloop
  endfacet
  facet normal 0.00768954 -0.0099964 0.99992
    outer loop
      vertex 6.89999 0.496575 3.87999
      vertex 6.23288 1.46683 3.89482
      vertex 6.89986 0.496475 3.87999
    endloop
  endfacet
  facet normal 0.0221862 -2.94448e-05 0.999754
    outer loop
      vertex 6.17244 1.42383 3.89616
      vertex 6.89986 0.496475 3.87999
      vertex 6.23288 1.46683 3.89482
    endloop
  endfacet
  facet normal 0.0222453 1.69296e-05 0.999753
    outer loop
      vertex 6.89986 0.496475 3.87999
      vertex 6.17244 1.42383 3.89616
      vertex 6.79834 0.431808 3.88225
    endloop
  endfacet
  facet normal 0.0222417 1.46125e-05 0.999753
    outer loop
      vertex 6.79834 0.431808 3.88225
      vertex 6.17244 1.42383 3.89616
      vertex 6.69095 0.371796 3.88464
    endloop
  endfacet
  facet normal 0.0222289 8.2979e-06 0.999753
    outer loop
      vertex 6.10814 1.3839 3.89759
      vertex 6.69095 0.371796 3.88464
      vertex 6.17244 1.42383 3.89616
    endloop
  endfacet
  facet normal 0.0221872 -1.56793e-05 0.999754
    outer loop
      vertex 6.69095 0.371796 3.88464
      vertex 6.10814 1.3839 3.89759
      vertex 6.57736 0.316406 3.88716
    endloop
  endfacet
  facet normal 0.0222205 -1.03242e-06 0.999753
    outer loop
      vertex 6.03975 1.34694 3.89911
      vertex 6.57736 0.316406 3.88716
      vertex 6.10814 1.3839 3.89759
    endloop
  endfacet
  facet normal 0.0222132 -4.84287e-06 0.999753
    outer loop
      vertex 6.57736 0.316406 3.88716
      vertex 6.03975 1.34694 3.89911
      vertex 6.45718 0.265579 3.88983
    endloop
  endfacet
  facet normal 0.0221471 -3.03749e-05 0.999755
    outer loop
      vertex 6 1.32836 3.89999
      vertex 6.45718 0.265579 3.88983
      vertex 6.03975 1.34694 3.89911
    endloop
  endfacet
  facet normal 0.0222335 6.7822e-06 0.999753
    outer loop
      vertex 6.45718 0.265579 3.88983
      vertex 6 1.32836 3.89999
      vertex 6.32994 0.219269 3.89266
    endloop
  endfacet
  facet normal 0.0222177 2.09904e-06 0.999753
    outer loop
      vertex 6.32994 0.219269 3.89266
      vertex 6 1.32836 3.89999
      vertex 6.19495 0.17746 3.89566
    endloop
  endfacet
  facet normal 0.0222148 1.59782e-06 0.999753
    outer loop
      vertex 6.19495 0.17746 3.89566
      vertex 6 1.32836 3.89999
      vertex 6.05139 0.140106 3.89885
    endloop
  endfacet
  facet normal 0.0221778 0 0.999754
    outer loop
      vertex 6.05139 0.140106 3.89885
      vertex 6 1.32836 3.89999
      vertex 6 0.129075 3.89999
    endloop
  endfacet
  facet normal 0.0221975 -4.97244e-06 0.999754
    outer loop
      vertex 6 6.21471 3.89999
      vertex 6.58499 3.89999 3.88699
      vertex 6.58376 4.44092 3.88702
    endloop
  endfacet
  facet normal 0.0222536 1.35271e-05 0.999752
    outer loop
      vertex 6 6.21471 3.89999
      vertex 6.58376 4.44092 3.88702
      vertex 6.58003 4.66461 3.8871
    endloop
  endfacet
  facet normal 0.0222171 -0 0.999753
    outer loop
      vertex 6 1.58527 3.89999
      vertex 6.58499 3.89999 3.88699
      vertex 6 6.21471 3.89999
    endloop
  endfacet
  facet normal 0.022183 -1.29098e-05 0.999754
    outer loop
      vertex 6 6.21471 3.89999
      vertex 6.58003 4.66461 3.8871
      vertex 6.57382 4.83572 3.88724
    endloop
  endfacet
  facet normal 0.0221975 4.97253e-06 0.999754
    outer loop
      vertex 6.58499 3.89999 3.88699
      vertex 6 1.58527 3.89999
      vertex 6.58376 3.35907 3.88702
    endloop
  endfacet
  facet normal 0.0222788 2.69781e-05 0.999752
    outer loop
      vertex 6 6.21471 3.89999
      vertex 6.57382 4.83572 3.88724
      vertex 6.56512 4.97928 3.88743
    endloop
  endfacet
  facet normal 0.0222536 -1.35271e-05 0.999752
    outer loop
      vertex 6.58376 3.35907 3.88702
      vertex 6 1.58527 3.89999
      vertex 6.58003 3.13538 3.8871
    endloop
  endfacet
  facet normal 0.0221871 -1.50185e-05 0.999754
    outer loop
      vertex 6 6.21471 3.89999
      vertex 6.56512 4.97928 3.88743
      vertex 6.55394 5.10493 3.88768
    endloop
  endfacet
  facet normal 0.022183 1.2909e-05 0.999754
    outer loop
      vertex 6.58003 3.13538 3.8871
      vertex 6 1.58527 3.89999
      vertex 6.57382 2.96426 3.88724
    endloop
  endfacet
  facet normal 0.0220972 -5.98942e-05 0.999756
    outer loop
      vertex 6 6.21471 3.89999
      vertex 6.55394 5.10493 3.88768
      vertex 6.54022 5.21764 3.88799
    endloop
  endfacet
  facet normal 0.0222788 -2.69803e-05 0.999752
    outer loop
      vertex 6.57382 2.96426 3.88724
      vertex 6 1.58527 3.89999
      vertex 6.56512 2.82071 3.88743
    endloop
  endfacet
  facet normal 0.0222152 4.09369e-06 0.999753
    outer loop
      vertex 6 6.21471 3.89999
      vertex 6.54022 5.21764 3.88799
      vertex 6.524 5.32027 3.88835
    endloop
  endfacet
  facet normal 0.0221871 1.50156e-05 0.999754
    outer loop
      vertex 6.56512 2.82071 3.88743
      vertex 6 1.58527 3.89999
      vertex 6.55394 2.69504 3.88768
    endloop
  endfacet
  facet normal 0.0224045 0.000115007 0.999749
    outer loop
      vertex 6 6.21471 3.89999
      vertex 6.524 5.32027 3.88835
      vertex 6.50522 5.41469 3.88876
    endloop
  endfacet
  facet normal 0.0220972 5.99081e-05 0.999756
    outer loop
      vertex 6.55394 2.69504 3.88768
      vertex 6 1.58527 3.89999
      vertex 6.54022 2.58235 3.88799
    endloop
  endfacet
  facet normal 0.0220494 -0.000109365 0.999757
    outer loop
      vertex 6 6.21471 3.89999
      vertex 6.50522 5.41469 3.88876
      vertex 6.48389 5.5022 3.88924
    endloop
  endfacet
  facet normal 0.0222152 -4.0937e-06 0.999753
    outer loop
      vertex 6.54022 2.58235 3.88799
      vertex 6 1.58527 3.89999
      vertex 6.524 2.47972 3.88835
    endloop
  endfacet
  facet normal 0.0222619 3.50774e-05 0.999752
    outer loop
      vertex 6 6.21471 3.89999
      vertex 6.48389 5.5022 3.88924
      vertex 6.45996 5.58372 3.88977
    endloop
  endfacet
  facet normal 0.0224045 -0.000115008 0.999749
    outer loop
      vertex 6.524 2.47972 3.88835
      vertex 6 1.58527 3.89999
      vertex 6.50522 2.3853 3.88876
    endloop
  endfacet
  facet normal 0.0222112 -1.93241e-06 0.999753
    outer loop
      vertex 6 6.21471 3.89999
      vertex 6.45996 5.58372 3.88977
      vertex 6.43341 5.65996 3.89036
    endloop
  endfacet
  facet normal 0.0220494 0.000109346 0.999757
    outer loop
      vertex 6.50522 2.3853 3.88876
      vertex 6 1.58527 3.89999
      vertex 6.48389 2.29778 3.88924
    endloop
  endfacet
  facet normal 0.0221602 -4.1751e-05 0.999754
    outer loop
      vertex 6 6.21471 3.89999
      vertex 6.43341 5.65996 3.89036
      vertex 6.40422 5.7314 3.89101
    endloop
  endfacet
  facet normal 0.0222619 -3.50774e-05 0.999752
    outer loop
      vertex 6.48389 2.29778 3.88924
      vertex 6 1.58527 3.89999
      vertex 6.45996 2.21626 3.88977
    endloop
  endfacet
  facet normal 0.0221464 -5.33097e-05 0.999755
    outer loop
      vertex 6 6.21471 3.89999
      vertex 6.40422 5.7314 3.89101
      vertex 6.37233 5.79848 3.89172
    endloop
  endfacet
  facet normal 0.0222112 1.9329e-06 0.999753
    outer loop
      vertex 6.45996 2.21626 3.88977
      vertex 6 1.58527 3.89999
      vertex 6.43341 2.14003 3.89036
    endloop
  endfacet
  facet normal 0.0221584 -4.26456e-05 0.999754
    outer loop
      vertex 6 6.21471 3.89999
      vertex 6.37233 5.79848 3.89172
      vertex 6.33771 5.86153 3.89249
    endloop
  endfacet
  facet normal 0.0221602 4.17519e-05 0.999754
    outer loop
      vertex 6.43341 2.14003 3.89036
      vertex 6 1.58527 3.89999
      vertex 6.40422 2.06859 3.89101
    endloop
  endfacet
  facet normal 0.0222684 6.26504e-05 0.999752
    outer loop
      vertex 6 6.21471 3.89999
      vertex 6.33771 5.86153 3.89249
      vertex 6.30028 5.92079 3.89332
    endloop
  endfacet
  facet normal 0.0221464 5.33111e-05 0.999755
    outer loop
      vertex 6.40422 2.06859 3.89101
      vertex 6 1.58527 3.89999
      vertex 6.37233 2.00151 3.89172
    endloop
  endfacet
  facet normal 0.0225044 0.000303838 0.999747
    outer loop
      vertex 6 6.21471 3.89999
      vertex 6.30028 5.92079 3.89332
      vertex 6.25999 5.9765 3.89421
    endloop
  endfacet
  facet normal 0.0221583 4.26473e-05 0.999754
    outer loop
      vertex 6.37233 2.00151 3.89172
      vertex 6 1.58527 3.89999
      vertex 6.33771 1.93846 3.89249
    endloop
  endfacet
  facet normal 0.0215676 -0.000719073 0.999767
    outer loop
      vertex 6 6.21471 3.89999
      vertex 6.25999 5.9765 3.89421
      vertex 6.21677 6.02882 3.89518
    endloop
  endfacet
  facet normal 0.0222684 -6.26538e-05 0.999752
    outer loop
      vertex 6.33771 1.93846 3.89249
      vertex 6 1.58527 3.89999
      vertex 6.30028 1.8792 3.89332
    endloop
  endfacet
  facet normal 0.0227323 0.000639718 0.999741
    outer loop
      vertex 6 6.21471 3.89999
      vertex 6.21677 6.02882 3.89518
      vertex 6.17053 6.07791 3.8962
    endloop
  endfacet
  facet normal 0.0225044 -0.000303863 0.999747
    outer loop
      vertex 6.30028 1.8792 3.89332
      vertex 6 1.58527 3.89999
      vertex 6.25999 1.82349 3.89421
    endloop
  endfacet
  facet normal 0.0218998 -0.00039851 0.99976
    outer loop
      vertex 6 6.21471 3.89999
      vertex 6.17053 6.07791 3.8962
      vertex 6.12115 6.12389 3.8973
    endloop
  endfacet
  facet normal 0.021568 0.000718602 0.999767
    outer loop
      vertex 6.25999 1.82349 3.89421
      vertex 6 1.58527 3.89999
      vertex 6.21677 1.77116 3.89518
    endloop
  endfacet
  facet normal 0.0218524 -0.000461721 0.999761
    outer loop
      vertex 6 6.21471 3.89999
      vertex 6.12115 6.12389 3.8973
      vertex 6.06853 6.16687 3.89847
    endloop
  endfacet
  facet normal 0.0227328 -0.000640396 0.999741
    outer loop
      vertex 6.21677 1.77116 3.89518
      vertex 6 1.58527 3.89999
      vertex 6.17053 1.72208 3.8962
    endloop
  endfacet
  facet normal 0.0167116 -0.00782806 0.99983
    outer loop
      vertex 6 6.21471 3.89999
      vertex 6.06853 6.16687 3.89847
      vertex 6.0125 6.20691 3.89972
    endloop
  endfacet
  facet normal 0.0219001 0.000398066 0.99976
    outer loop
      vertex 6.17053 1.72208 3.8962
      vertex 6 1.58527 3.89999
      vertex 6.12115 1.67609 3.8973
    endloop
  endfacet
  facet normal 0.0218515 0.000463031 0.999761
    outer loop
      vertex 6.12115 1.67609 3.8973
      vertex 6 1.58527 3.89999
      vertex 6.06853 1.63312 3.89847
    endloop
  endfacet
  facet normal 0.0167794 0.00772937 0.999829
    outer loop
      vertex 6.06853 1.63312 3.89847
      vertex 6 1.58527 3.89999
      vertex 6.0125 1.59306 3.89972
    endloop
  endfacet
  facet normal -0.514409 -6.10149e-05 0.857545
    outer loop
      vertex 0.25 6.3246 3.64999
      vertex 0.5 6.80817 3.79999
      vertex 0.437347 6.71228 3.7624
    endloop
  endfacet
  facet normal -0.514496 0 0.857493
    outer loop
      vertex 0.5 6.80817 3.79999
      vertex 0.25 6.3246 3.64999
      vertex 0.5 0.991816 3.79999
    endloop
  endfacet
  facet normal -0.514794 0.000191863 0.857314
    outer loop
      vertex 0.25 6.3246 3.64999
      vertex 0.437347 6.71228 3.7624
      vertex 0.376572 6.60625 3.72593
    endloop
  endfacet
  facet normal -0.514496 0 0.857493
    outer loop
      vertex 0.25 1.47539 3.64999
      vertex 0.5 0.991816 3.79999
      vertex 0.25 6.3246 3.64999
    endloop
  endfacet
  facet normal -0.514172 -0.000187992 0.857687
    outer loop
      vertex 0.25 6.3246 3.64999
      vertex 0.376572 6.60625 3.72593
      vertex 0.320465 6.49409 3.69227
    endloop
  endfacet
  facet normal -0.514409 6.10221e-05 0.857545
    outer loop
      vertex 0.5 0.991816 3.79999
      vertex 0.25 1.47539 3.64999
      vertex 0.437347 1.08771 3.7624
    endloop
  endfacet
  facet normal -0.51435 -8.74679e-05 0.85758
    outer loop
      vertex 0.25 6.3246 3.64999
      vertex 0.320465 6.49409 3.69227
      vertex 0.268982 6.37546 3.66138
    endloop
  endfacet
  facet normal -0.514794 -0.000191863 0.857314
    outer loop
      vertex 0.437347 1.08771 3.7624
      vertex 0.25 1.47539 3.64999
      vertex 0.376572 1.19374 3.72593
    endloop
  endfacet
  facet normal -0.514173 0.000187696 0.857687
    outer loop
      vertex 0.376572 1.19374 3.72593
      vertex 0.25 1.47539 3.64999
      vertex 0.320465 1.30588 3.69227
    endloop
  endfacet
  facet normal -0.51435 8.75586e-05 0.85758
    outer loop
      vertex 0.320465 1.30588 3.69227
      vertex 0.25 1.47539 3.64999
      vertex 0.268982 1.42453 3.66138
    endloop
  endfacet
  facet normal -0.157907 -8.65699e-05 0.987454
    outer loop
      vertex 0.5 6.80817 3.79999
      vertex 1 7.3034 3.87999
      vertex 0.904236 7.2341 3.86467
    endloop
  endfacet
  facet normal -0.157991 0 0.987441
    outer loop
      vertex 1 7.3034 3.87999
      vertex 0.5 6.80817 3.79999
      vertex 1 0.496575 3.87999
    endloop
  endfacet
  facet normal -0.157972 -2.3439e-05 0.987444
    outer loop
      vertex 0.5 6.80817 3.79999
      vertex 0.904236 7.2341 3.86467
      vertex 0.813736 7.15987 3.85019
    endloop
  endfacet
  facet normal -0.157991 0 0.987441
    outer loop
      vertex 0.5 0.991816 3.79999
      vertex 1 0.496575 3.87999
      vertex 0.5 6.80817 3.79999
    endloop
  endfacet
  facet normal -0.157947 -4.62343e-05 0.987448
    outer loop
      vertex 0.5 6.80817 3.79999
      vertex 0.813736 7.15987 3.85019
      vertex 0.728485 7.08072 3.83655
    endloop
  endfacet
  facet normal -0.157907 8.66034e-05 0.987454
    outer loop
      vertex 1 0.496575 3.87999
      vertex 0.5 0.991816 3.79999
      vertex 0.904236 0.565887 3.86467
    endloop
  endfacet
  facet normal -0.158454 0.000389868 0.987366
    outer loop
      vertex 0.5 6.80817 3.79999
      vertex 0.728485 7.08072 3.83655
      vertex 0.648331 6.99655 3.82372
    endloop
  endfacet
  facet normal -0.157972 2.34437e-05 0.987444
    outer loop
      vertex 0.904236 0.565887 3.86467
      vertex 0.5 0.991816 3.79999
      vertex 0.813736 0.640121 3.85019
    endloop
  endfacet
  facet normal -0.15851 0.00043504 0.987357
    outer loop
      vertex 0.5 6.80817 3.79999
      vertex 0.648331 6.99655 3.82372
      vertex 0.573151 6.9072 3.81169
    endloop
  endfacet
  facet normal -0.157947 4.62324e-05 0.987448
    outer loop
      vertex 0.813736 0.640121 3.85019
      vertex 0.5 0.991816 3.79999
      vertex 0.728485 0.719269 3.83655
    endloop
  endfacet
  facet normal -0.167961 0.00760419 0.985764
    outer loop
      vertex 0.5 6.80817 3.79999
      vertex 0.573151 6.9072 3.81169
      vertex 0.502838 6.81252 3.80044
    endloop
  endfacet
  facet normal -0.158454 -0.000389802 0.987366
    outer loop
      vertex 0.728485 0.719269 3.83655
      vertex 0.5 0.991816 3.79999
      vertex 0.648331 0.803436 3.82372
    endloop
  endfacet
  facet normal -0.15851 -0.000435467 0.987357
    outer loop
      vertex 0.648331 0.803436 3.82372
      vertex 0.5 0.991816 3.79999
      vertex 0.573151 0.892792 3.81169
    endloop
  endfacet
  facet normal -0.168095 -0.00770667 0.985741
    outer loop
      vertex 0.573151 0.892792 3.81169
      vertex 0.5 0.991816 3.79999
      vertex 0.502838 0.987473 3.80044
    endloop
  endfacet
  facet normal -0 0 1
    outer loop
      vertex 6.58376 4.44092 3.845
      vertex 6.78999 3.89999 3.845
      vertex 6.78865 4.48061 3.845
    endloop
  endfacet
  facet normal -0 0 1
    outer loop
      vertex 6.58003 4.66461 3.845
      vertex 6.78865 4.48061 3.845
      vertex 6.78464 4.7207 3.845
    endloop
  endfacet
  facet normal 0 0 1
    outer loop
      vertex 6.58376 3.35907 3.845
      vertex 6.78999 3.89999 3.845
      vertex 6.58499 3.89999 3.845
    endloop
  endfacet
  facet normal -0 0 1
    outer loop
      vertex 6.57382 4.83572 3.845
      vertex 6.78464 4.7207 3.845
      vertex 6.77795 4.90436 3.845
    endloop
  endfacet
  facet normal 0 0 1
    outer loop
      vertex 6.78999 3.89999 3.845
      vertex 6.58376 3.35907 3.845
      vertex 6.78865 3.31938 3.845
    endloop
  endfacet
  facet normal -0 0 1
    outer loop
      vertex 6.56512 4.97928 3.845
      vertex 6.77795 4.90436 3.845
      vertex 6.76857 5.05846 3.845
    endloop
  endfacet
  facet normal 0 0 1
    outer loop
      vertex 6.58003 3.13538 3.845
      vertex 6.78865 3.31938 3.845
      vertex 6.58376 3.35907 3.845
    endloop
  endfacet
  facet normal -0 0 1
    outer loop
      vertex 6.55394 5.10493 3.845
      vertex 6.76857 5.05846 3.845
      vertex 6.75648 5.19333 3.845
    endloop
  endfacet
  facet normal 0 0 1
    outer loop
      vertex 6.78865 3.31938 3.845
      vertex 6.58003 3.13538 3.845
      vertex 6.78464 3.07927 3.845
    endloop
  endfacet
  facet normal -0 0 1
    outer loop
      vertex 6.54022 5.21764 3.845
      vertex 6.75648 5.19333 3.845
      vertex 6.7417 5.3143 3.845
    endloop
  endfacet
  facet normal 0 0 1
    outer loop
      vertex 6.57382 2.96426 3.845
      vertex 6.78464 3.07927 3.845
      vertex 6.58003 3.13538 3.845
    endloop
  endfacet
  facet normal -0 0 1
    outer loop
      vertex 6.524 5.32027 3.845
      vertex 6.7417 5.3143 3.845
      vertex 6.7242 5.42445 3.845
    endloop
  endfacet
  facet normal 0 0 1
    outer loop
      vertex 6.78464 3.07927 3.845
      vertex 6.57382 2.96426 3.845
      vertex 6.77795 2.89563 3.845
    endloop
  endfacet
  facet normal 0 0 1
    outer loop
      vertex 6.50522 5.41469 3.845
      vertex 6.7242 5.42445 3.845
      vertex 6.70395 5.5258 3.845
    endloop
  endfacet
  facet normal 0 0 1
    outer loop
      vertex 6.56512 2.82071 3.845
      vertex 6.77795 2.89563 3.845
      vertex 6.57382 2.96426 3.845
    endloop
  endfacet
  facet normal 0 0 1
    outer loop
      vertex 6.48389 5.5022 3.845
      vertex 6.70395 5.5258 3.845
      vertex 6.68092 5.61974 3.845
    endloop
  endfacet
  facet normal 0 0 1
    outer loop
      vertex 6.77795 2.89563 3.845
      vertex 6.56512 2.82071 3.845
      vertex 6.76857 2.74153 3.845
    endloop
  endfacet
  facet normal 0 0 1
    outer loop
      vertex 6.45996 5.58372 3.845
      vertex 6.68092 5.61974 3.845
      vertex 6.65512 5.70724 3.845
    endloop
  endfacet
  facet normal 0 0 1
    outer loop
      vertex 6.55394 2.69504 3.845
      vertex 6.76857 2.74153 3.845
      vertex 6.56512 2.82071 3.845
    endloop
  endfacet
  facet normal 0 0 1
    outer loop
      vertex 6.43341 5.65996 3.845
      vertex 6.65512 5.70724 3.845
      vertex 6.62648 5.78906 3.845
    endloop
  endfacet
  facet normal 0 0 1
    outer loop
      vertex 6.76857 2.74153 3.845
      vertex 6.55394 2.69504 3.845
      vertex 6.75648 2.60664 3.845
    endloop
  endfacet
  facet normal 0 0 1
    outer loop
      vertex 6.40422 5.7314 3.845
      vertex 6.62648 5.78906 3.845
      vertex 6.59499 5.86575 3.845
    endloop
  endfacet
  facet normal 0 0 1
    outer loop
      vertex 6.54022 2.58235 3.845
      vertex 6.75648 2.60664 3.845
      vertex 6.55394 2.69504 3.845
    endloop
  endfacet
  facet normal 0 0 1
    outer loop
      vertex 6.75648 2.60664 3.845
      vertex 6.54022 2.58235 3.845
      vertex 6.7417 2.48569 3.845
    endloop
  endfacet
  facet normal 0 0 1
    outer loop
      vertex 6.78999 3.89999 3.845
      vertex 6.58376 4.44092 3.845
      vertex 6.58499 3.89999 3.845
    endloop
  endfacet
  facet normal 0 0 1
    outer loop
      vertex 6.78865 4.48061 3.845
      vertex 6.58003 4.66461 3.845
      vertex 6.58376 4.44092 3.845
    endloop
  endfacet
  facet normal 0 0 1
    outer loop
      vertex 6.78464 4.7207 3.845
      vertex 6.57382 4.83572 3.845
      vertex 6.58003 4.66461 3.845
    endloop
  endfacet
  facet normal 0 0 1
    outer loop
      vertex 6.77795 4.90436 3.845
      vertex 6.56512 4.97928 3.845
      vertex 6.57382 4.83572 3.845
    endloop
  endfacet
  facet normal 0 0 1
    outer loop
      vertex 6.37233 5.79848 3.845
      vertex 6.59499 5.86575 3.845
      vertex 6.56059 5.93776 3.845
    endloop
  endfacet
  facet normal 0 0 1
    outer loop
      vertex 6.76857 5.05846 3.845
      vertex 6.55394 5.10493 3.845
      vertex 6.56512 4.97928 3.845
    endloop
  endfacet
  facet normal 0 0 1
    outer loop
      vertex 6.75648 5.19333 3.845
      vertex 6.54022 5.21764 3.845
      vertex 6.55394 5.10493 3.845
    endloop
  endfacet
  facet normal 0 0 1
    outer loop
      vertex 6.7417 5.3143 3.845
      vertex 6.524 5.32027 3.845
      vertex 6.54022 5.21764 3.845
    endloop
  endfacet
  facet normal 0 0 1
    outer loop
      vertex 6.33771 5.86153 3.845
      vertex 6.56059 5.93776 3.845
      vertex 6.52324 6.00542 3.845
    endloop
  endfacet
  facet normal 0 0 1
    outer loop
      vertex 6.7242 5.42445 3.845
      vertex 6.50522 5.41469 3.845
      vertex 6.524 5.32027 3.845
    endloop
  endfacet
  facet normal 0 0 1
    outer loop
      vertex 6.70395 5.5258 3.845
      vertex 6.48389 5.5022 3.845
      vertex 6.50522 5.41469 3.845
    endloop
  endfacet
  facet normal 0 0 1
    outer loop
      vertex 6.30028 5.92079 3.845
      vertex 6.52324 6.00542 3.845
      vertex 6.48286 6.06903 3.845
    endloop
  endfacet
  facet normal 0 0 1
    outer loop
      vertex 6.68092 5.61974 3.845
      vertex 6.45996 5.58372 3.845
      vertex 6.48389 5.5022 3.845
    endloop
  endfacet
  facet normal 0 0 1
    outer loop
      vertex 6.25999 5.9765 3.845
      vertex 6.48286 6.06903 3.845
      vertex 6.43942 6.12883 3.845
    endloop
  endfacet
  facet normal 0 0 1
    outer loop
      vertex 6.65512 5.70724 3.845
      vertex 6.43341 5.65996 3.845
      vertex 6.45996 5.58372 3.845
    endloop
  endfacet
  facet normal 0 0 1
    outer loop
      vertex 6.62648 5.78906 3.845
      vertex 6.40422 5.7314 3.845
      vertex 6.43341 5.65996 3.845
    endloop
  endfacet
  facet normal 0 0 1
    outer loop
      vertex 6.21677 6.02882 3.845
      vertex 6.43942 6.12883 3.845
      vertex 6.39279 6.185 3.845
    endloop
  endfacet
  facet normal 0 0 1
    outer loop
      vertex 6.59499 5.86575 3.845
      vertex 6.37233 5.79848 3.845
      vertex 6.40422 5.7314 3.845
    endloop
  endfacet
  facet normal 0 0 1
    outer loop
      vertex 6.21677 6.02882 3.845
      vertex 6.39279 6.185 3.845
      vertex 6.34291 6.23769 3.845
    endloop
  endfacet
  facet normal 0 0 1
    outer loop
      vertex 6.56059 5.93776 3.845
      vertex 6.33771 5.86153 3.845
      vertex 6.37233 5.79848 3.845
    endloop
  endfacet
  facet normal 0 0 1
    outer loop
      vertex 6.52324 6.00542 3.845
      vertex 6.30028 5.92079 3.845
      vertex 6.33771 5.86153 3.845
    endloop
  endfacet
  facet normal 0 0 1
    outer loop
      vertex 6.17053 6.07791 3.845
      vertex 6.34291 6.23769 3.845
      vertex 6.28966 6.28703 3.845
    endloop
  endfacet
  facet normal 0 0 1
    outer loop
      vertex 6.48286 6.06903 3.845
      vertex 6.25999 5.9765 3.845
      vertex 6.30028 5.92079 3.845
    endloop
  endfacet
  facet normal 0 0 1
    outer loop
      vertex 6.12115 6.12389 3.845
      vertex 6.28966 6.28703 3.845
      vertex 6.23288 6.33316 3.845
    endloop
  endfacet
  facet normal 0 0 1
    outer loop
      vertex 6.43942 6.12883 3.845
      vertex 6.21677 6.02882 3.845
      vertex 6.25999 5.9765 3.845
    endloop
  endfacet
  facet normal 0 0 1
    outer loop
      vertex 6.06853 6.16687 3.845
      vertex 6.23288 6.33316 3.845
      vertex 6.17244 6.37614 3.845
    endloop
  endfacet
  facet normal 0 0 1
    outer loop
      vertex 6.34291 6.23769 3.845
      vertex 6.17053 6.07791 3.845
      vertex 6.21677 6.02882 3.845
    endloop
  endfacet
  facet normal 0 0 1
    outer loop
      vertex 6.28966 6.28703 3.845
      vertex 6.12115 6.12389 3.845
      vertex 6.17053 6.07791 3.845
    endloop
  endfacet
  facet normal 0 0 1
    outer loop
      vertex 6.0125 6.20691 3.845
      vertex 6.17244 6.37614 3.845
      vertex 6.10814 6.41609 3.845
    endloop
  endfacet
  facet normal 0 0 1
    outer loop
      vertex 6.23288 6.33316 3.845
      vertex 6.06853 6.16687 3.845
      vertex 6.12115 6.12389 3.845
    endloop
  endfacet
  facet normal 0 0 1
    outer loop
      vertex 5.95288 6.24413 3.845
      vertex 6.10814 6.41609 3.845
      vertex 6.03975 6.45305 3.845
    endloop
  endfacet
  facet normal 0 0 1
    outer loop
      vertex 6.17244 6.37614 3.845
      vertex 6.0125 6.20691 3.845
      vertex 6.06853 6.16687 3.845
    endloop
  endfacet
  facet normal 0 0 1
    outer loop
      vertex 5.88948 6.27855 3.845
      vertex 6.03975 6.45305 3.845
      vertex 5.96696 6.48708 3.845
    endloop
  endfacet
  facet normal 0 0 1
    outer loop
      vertex 6.10814 6.41609 3.845
      vertex 5.95288 6.24413 3.845
      vertex 6.0125 6.20691 3.845
    endloop
  endfacet
  facet normal 0 0 1
    outer loop
      vertex 6.03975 6.45305 3.845
      vertex 5.88948 6.27855 3.845
      vertex 5.95288 6.24413 3.845
    endloop
  endfacet
  facet normal 0 0 1
    outer loop
      vertex 5.82201 6.31026 3.845
      vertex 5.96696 6.48708 3.845
      vertex 5.88945 6.51823 3.845
    endloop
  endfacet
  facet normal 0 0 1
    outer loop
      vertex 5.96696 6.48708 3.845
      vertex 5.82201 6.31026 3.845
      vertex 5.88948 6.27855 3.845
    endloop
  endfacet
  facet normal 0 0 1
    outer loop
      vertex 5.75014 6.33929 3.845
      vertex 5.88945 6.51823 3.845
      vertex 5.80675 6.54655 3.845
    endloop
  endfacet
  facet normal 0 0 1
    outer loop
      vertex 5.88945 6.51823 3.845
      vertex 5.75014 6.33929 3.845
      vertex 5.82201 6.31026 3.845
    endloop
  endfacet
  facet normal 0 0 1
    outer loop
      vertex 5.67348 6.36568 3.845
      vertex 5.80675 6.54655 3.845
      vertex 5.71829 6.5721 3.845
    endloop
  endfacet
  facet normal 0 0 1
    outer loop
      vertex 5.80675 6.54655 3.845
      vertex 5.67348 6.36568 3.845
      vertex 5.75014 6.33929 3.845
    endloop
  endfacet
  facet normal 0 0 1
    outer loop
      vertex 5.59148 6.38947 3.845
      vertex 5.71829 6.5721 3.845
      vertex 5.62335 6.59486 3.845
    endloop
  endfacet
  facet normal 0 0 1
    outer loop
      vertex 5.71829 6.5721 3.845
      vertex 5.59148 6.38947 3.845
      vertex 5.67348 6.36568 3.845
    endloop
  endfacet
  facet normal 0 0 1
    outer loop
      vertex 5.50346 6.41068 3.845
      vertex 5.62335 6.59486 3.845
      vertex 5.5209 6.6149 3.845
    endloop
  endfacet
  facet normal 0 0 1
    outer loop
      vertex 5.62335 6.59486 3.845
      vertex 5.50346 6.41068 3.845
      vertex 5.59148 6.38947 3.845
    endloop
  endfacet
  facet normal 0 0 1
    outer loop
      vertex 5.40849 6.42935 3.845
      vertex 5.5209 6.6149 3.845
      vertex 5.40956 6.63222 3.845
    endloop
  endfacet
  facet normal 0 0 1
    outer loop
      vertex 5.5209 6.6149 3.845
      vertex 5.40849 6.42935 3.845
      vertex 5.50346 6.41068 3.845
    endloop
  endfacet
  facet normal 0 0 1
    outer loop
      vertex 5.40956 6.63222 3.845
      vertex 5.30527 6.44548 3.845
      vertex 5.40849 6.42935 3.845
    endloop
  endfacet
  facet normal 0 0 1
    outer loop
      vertex 5.28729 6.64685 3.845
      vertex 5.30527 6.44548 3.845
      vertex 5.40956 6.63222 3.845
    endloop
  endfacet
  facet normal 0 0 1
    outer loop
      vertex 5.28729 6.64685 3.845
      vertex 5.19193 6.45911 3.845
      vertex 5.30527 6.44548 3.845
    endloop
  endfacet
  facet normal 0 0 1
    outer loop
      vertex 5.15096 6.6588 3.845
      vertex 5.19193 6.45911 3.845
      vertex 5.28729 6.64685 3.845
    endloop
  endfacet
  facet normal 0 0 1
    outer loop
      vertex 5.15096 6.6588 3.845
      vertex 5.06552 6.47025 3.845
      vertex 5.19193 6.45911 3.845
    endloop
  endfacet
  facet normal 0 0 1
    outer loop
      vertex 4.99519 6.66808 3.845
      vertex 5.06552 6.47025 3.845
      vertex 5.15096 6.6588 3.845
    endloop
  endfacet
  facet normal 0 0 1
    outer loop
      vertex 4.99519 6.66808 3.845
      vertex 4.92114 6.4789 3.845
      vertex 5.06552 6.47025 3.845
    endloop
  endfacet
  facet normal 0 0 1
    outer loop
      vertex 4.80957 6.6747 3.845
      vertex 4.92114 6.4789 3.845
      vertex 4.99519 6.66808 3.845
    endloop
  endfacet
  facet normal 0 0 1
    outer loop
      vertex 4.80957 6.6747 3.845
      vertex 4.74904 6.48506 3.845
      vertex 4.92114 6.4789 3.845
    endloop
  endfacet
  facet normal 0 0 1
    outer loop
      vertex 4.56686 6.67867 3.845
      vertex 4.74904 6.48506 3.845
      vertex 4.80957 6.6747 3.845
    endloop
  endfacet
  facet normal 0 0 1
    outer loop
      vertex 4.56686 6.67867 3.845
      vertex 4.52405 6.48875 3.845
      vertex 4.74904 6.48506 3.845
    endloop
  endfacet
  facet normal 0 0 1
    outer loop
      vertex 3.98 6.67999 3.845
      vertex 4.52405 6.48875 3.845
      vertex 4.56686 6.67867 3.845
    endloop
  endfacet
  facet normal 0 0 1
    outer loop
      vertex 3.98 6.67999 3.845
      vertex 3.98 6.48999 3.845
      vertex 4.52405 6.48875 3.845
    endloop
  endfacet
  facet normal 0 0 1
    outer loop
      vertex 3.98 6.67999 3.845
      vertex 3.43593 6.48875 3.845
      vertex 3.98 6.48999 3.845
    endloop
  endfacet
  facet normal -0 0 1
    outer loop
      vertex 3.39311 6.67867 3.845
      vertex 3.43593 6.48875 3.845
      vertex 3.98 6.67999 3.845
    endloop
  endfacet
  facet normal 0 0 1
    outer loop
      vertex 3.39311 6.67867 3.845
      vertex 3.21094 6.48506 3.845
      vertex 3.43593 6.48875 3.845
    endloop
  endfacet
  facet normal -0 0 1
    outer loop
      vertex 3.15042 6.6747 3.845
      vertex 3.21094 6.48506 3.845
      vertex 3.39311 6.67867 3.845
    endloop
  endfacet
  facet normal 0 0 1
    outer loop
      vertex 3.15042 6.6747 3.845
      vertex 3.03885 6.4789 3.845
      vertex 3.21094 6.48506 3.845
    endloop
  endfacet
  facet normal -0 0 1
    outer loop
      vertex 2.96478 6.66808 3.845
      vertex 3.03885 6.4789 3.845
      vertex 3.15042 6.6747 3.845
    endloop
  endfacet
  facet normal 0 0 1
    outer loop
      vertex 2.96478 6.66808 3.845
      vertex 2.89445 6.47025 3.845
      vertex 3.03885 6.4789 3.845
    endloop
  endfacet
  facet normal -0 0 1
    outer loop
      vertex 2.80904 6.6588 3.845
      vertex 2.89445 6.47025 3.845
      vertex 2.96478 6.66808 3.845
    endloop
  endfacet
  facet normal 0 0 1
    outer loop
      vertex 2.80904 6.6588 3.845
      vertex 2.76807 6.45911 3.845
      vertex 2.89445 6.47025 3.845
    endloop
  endfacet
  facet normal -0 0 1
    outer loop
      vertex 2.6727 6.64685 3.845
      vertex 2.76807 6.45911 3.845
      vertex 2.80904 6.6588 3.845
    endloop
  endfacet
  facet normal 0 0 1
    outer loop
      vertex 2.6727 6.64685 3.845
      vertex 2.65472 6.44548 3.845
      vertex 2.76807 6.45911 3.845
    endloop
  endfacet
  facet normal -0 0 1
    outer loop
      vertex 2.55043 6.63222 3.845
      vertex 2.65472 6.44548 3.845
      vertex 2.6727 6.64685 3.845
    endloop
  endfacet
  facet normal 0 0 1
    outer loop
      vertex 2.65472 6.44548 3.845
      vertex 2.55043 6.63222 3.845
      vertex 2.5515 6.42935 3.845
    endloop
  endfacet
  facet normal -0 0 1
    outer loop
      vertex 2.43909 6.6149 3.845
      vertex 2.5515 6.42935 3.845
      vertex 2.55043 6.63222 3.845
    endloop
  endfacet
  facet normal 0 0 1
    outer loop
      vertex 2.5515 6.42935 3.845
      vertex 2.43909 6.6149 3.845
      vertex 2.45653 6.41068 3.845
    endloop
  endfacet
  facet normal -0 0 1
    outer loop
      vertex 2.33664 6.59486 3.845
      vertex 2.45653 6.41068 3.845
      vertex 2.43909 6.6149 3.845
    endloop
  endfacet
  facet normal 0 0 1
    outer loop
      vertex 2.45653 6.41068 3.845
      vertex 2.33664 6.59486 3.845
      vertex 2.3685 6.38947 3.845
    endloop
  endfacet
  facet normal -0 0 1
    outer loop
      vertex 2.24168 6.5721 3.845
      vertex 2.3685 6.38947 3.845
      vertex 2.33664 6.59486 3.845
    endloop
  endfacet
  facet normal 0 0 1
    outer loop
      vertex 2.3685 6.38947 3.845
      vertex 2.24168 6.5721 3.845
      vertex 2.2865 6.36568 3.845
    endloop
  endfacet
  facet normal -0 0 1
    outer loop
      vertex 2.15324 6.54655 3.845
      vertex 2.2865 6.36568 3.845
      vertex 2.24168 6.5721 3.845
    endloop
  endfacet
  facet normal 0 0 1
    outer loop
      vertex 2.2865 6.36568 3.845
      vertex 2.15324 6.54655 3.845
      vertex 2.20984 6.33929 3.845
    endloop
  endfacet
  facet normal -0 0 1
    outer loop
      vertex 2.07054 6.51823 3.845
      vertex 2.20984 6.33929 3.845
      vertex 2.15324 6.54655 3.845
    endloop
  endfacet
  facet normal 0 0 1
    outer loop
      vertex 2.20984 6.33929 3.845
      vertex 2.07054 6.51823 3.845
      vertex 2.13799 6.31026 3.845
    endloop
  endfacet
  facet normal -0 0 1
    outer loop
      vertex 1.99303 6.48708 3.845
      vertex 2.13799 6.31026 3.845
      vertex 2.07054 6.51823 3.845
    endloop
  endfacet
  facet normal 0 0 1
    outer loop
      vertex 2.13799 6.31026 3.845
      vertex 1.99303 6.48708 3.845
      vertex 2.07051 6.27855 3.845
    endloop
  endfacet
  facet normal -0 0 1
    outer loop
      vertex 1.92024 6.45305 3.845
      vertex 2.07051 6.27855 3.845
      vertex 1.99303 6.48708 3.845
    endloop
  endfacet
  facet normal 0 0 1
    outer loop
      vertex 2.07051 6.27855 3.845
      vertex 1.92024 6.45305 3.845
      vertex 2.0071 6.24413 3.845
    endloop
  endfacet
  facet normal -0 0 1
    outer loop
      vertex 1.85184 6.41609 3.845
      vertex 2.0071 6.24413 3.845
      vertex 1.92024 6.45305 3.845
    endloop
  endfacet
  facet normal 0 0 1
    outer loop
      vertex 2.0071 6.24413 3.845
      vertex 1.85184 6.41609 3.845
      vertex 1.94749 6.20691 3.845
    endloop
  endfacet
  facet normal -0 0 1
    outer loop
      vertex 1.78754 6.37614 3.845
      vertex 1.94749 6.20691 3.845
      vertex 1.85184 6.41609 3.845
    endloop
  endfacet
  facet normal 0 0 1
    outer loop
      vertex 1.94749 6.20691 3.845
      vertex 1.78754 6.37614 3.845
      vertex 1.89146 6.16687 3.845
    endloop
  endfacet
  facet normal -0 0 1
    outer loop
      vertex 1.7271 6.33316 3.845
      vertex 1.89146 6.16687 3.845
      vertex 1.78754 6.37614 3.845
    endloop
  endfacet
  facet normal 0 0 1
    outer loop
      vertex 1.89146 6.16687 3.845
      vertex 1.7271 6.33316 3.845
      vertex 1.83884 6.12389 3.845
    endloop
  endfacet
  facet normal -0 0 1
    outer loop
      vertex 1.67033 6.28703 3.845
      vertex 1.83884 6.12389 3.845
      vertex 1.7271 6.33316 3.845
    endloop
  endfacet
  facet normal 0 0 1
    outer loop
      vertex 1.83884 6.12389 3.845
      vertex 1.67033 6.28703 3.845
      vertex 1.78946 6.07791 3.845
    endloop
  endfacet
  facet normal -0 0 1
    outer loop
      vertex 1.61708 6.23769 3.845
      vertex 1.78946 6.07791 3.845
      vertex 1.67033 6.28703 3.845
    endloop
  endfacet
  facet normal 0 0 1
    outer loop
      vertex 1.78946 6.07791 3.845
      vertex 1.61708 6.23769 3.845
      vertex 1.74321 6.02882 3.845
    endloop
  endfacet
  facet normal -0 0 1
    outer loop
      vertex 1.56718 6.185 3.845
      vertex 1.74321 6.02882 3.845
      vertex 1.61708 6.23769 3.845
    endloop
  endfacet
  facet normal -0 0 1
    outer loop
      vertex 1.52057 6.12883 3.845
      vertex 1.74321 6.02882 3.845
      vertex 1.56718 6.185 3.845
    endloop
  endfacet
  facet normal 0 0 1
    outer loop
      vertex 1.74321 6.02882 3.845
      vertex 1.52057 6.12883 3.845
      vertex 1.7 5.9765 3.845
    endloop
  endfacet
  facet normal -0 0 1
    outer loop
      vertex 1.47711 6.06903 3.845
      vertex 1.7 5.9765 3.845
      vertex 1.52057 6.12883 3.845
    endloop
  endfacet
  facet normal 0 0 1
    outer loop
      vertex 1.7 5.9765 3.845
      vertex 1.47711 6.06903 3.845
      vertex 1.65971 5.92079 3.845
    endloop
  endfacet
  facet normal -0 0 1
    outer loop
      vertex 1.43675 6.00542 3.845
      vertex 1.65971 5.92079 3.845
      vertex 1.47711 6.06903 3.845
    endloop
  endfacet
  facet normal 0 0 1
    outer loop
      vertex 1.65971 5.92079 3.845
      vertex 1.43675 6.00542 3.845
      vertex 1.62228 5.86153 3.845
    endloop
  endfacet
  facet normal -0 0 1
    outer loop
      vertex 1.39938 5.93776 3.845
      vertex 1.62228 5.86153 3.845
      vertex 1.43675 6.00542 3.845
    endloop
  endfacet
  facet normal 0 0 1
    outer loop
      vertex 1.62228 5.86153 3.845
      vertex 1.39938 5.93776 3.845
      vertex 1.58766 5.79848 3.845
    endloop
  endfacet
  facet normal -0 0 1
    outer loop
      vertex 1.36499 5.86575 3.845
      vertex 1.58766 5.79848 3.845
      vertex 1.39938 5.93776 3.845
    endloop
  endfacet
  facet normal 0 0 1
    outer loop
      vertex 1.58766 5.79848 3.845
      vertex 1.36499 5.86575 3.845
      vertex 1.55577 5.7314 3.845
    endloop
  endfacet
  facet normal -0 0 1
    outer loop
      vertex 1.3335 5.78906 3.845
      vertex 1.55577 5.7314 3.845
      vertex 1.36499 5.86575 3.845
    endloop
  endfacet
  facet normal 0 0 1
    outer loop
      vertex 1.55577 5.7314 3.845
      vertex 1.3335 5.78906 3.845
      vertex 1.52657 5.65996 3.845
    endloop
  endfacet
  facet normal -0 0 1
    outer loop
      vertex 1.30487 5.70724 3.845
      vertex 1.52657 5.65996 3.845
      vertex 1.3335 5.78906 3.845
    endloop
  endfacet
  facet normal 0 0 1
    outer loop
      vertex 1.52657 5.65996 3.845
      vertex 1.30487 5.70724 3.845
      vertex 1.50003 5.58372 3.845
    endloop
  endfacet
  facet normal -0 0 1
    outer loop
      vertex 1.27905 5.61974 3.845
      vertex 1.50003 5.58372 3.845
      vertex 1.30487 5.70724 3.845
    endloop
  endfacet
  facet normal 0 0 1
    outer loop
      vertex 1.50003 5.58372 3.845
      vertex 1.27905 5.61974 3.845
      vertex 1.4761 5.5022 3.845
    endloop
  endfacet
  facet normal -0 0 1
    outer loop
      vertex 1.25604 5.5258 3.845
      vertex 1.4761 5.5022 3.845
      vertex 1.27905 5.61974 3.845
    endloop
  endfacet
  facet normal 0 0 1
    outer loop
      vertex 1.4761 5.5022 3.845
      vertex 1.25604 5.5258 3.845
      vertex 1.45476 5.41469 3.845
    endloop
  endfacet
  facet normal -0 0 1
    outer loop
      vertex 1.23579 5.42445 3.845
      vertex 1.45476 5.41469 3.845
      vertex 1.25604 5.5258 3.845
    endloop
  endfacet
  facet normal 0 0 1
    outer loop
      vertex 1.45476 5.41469 3.845
      vertex 1.23579 5.42445 3.845
      vertex 1.43599 5.32027 3.845
    endloop
  endfacet
  facet normal 0 0 1
    outer loop
      vertex 1.40605 5.10493 3.845
      vertex 1.19142 5.05846 3.845
      vertex 1.39485 4.97928 3.845
    endloop
  endfacet
  facet normal 0 0 1
    outer loop
      vertex 1.21828 5.3143 3.845
      vertex 1.43599 5.32027 3.845
      vertex 1.23579 5.42445 3.845
    endloop
  endfacet
  facet normal 0 0 1
    outer loop
      vertex 6.524 2.47972 3.845
      vertex 6.7417 2.48569 3.845
      vertex 6.54022 2.58235 3.845
    endloop
  endfacet
  facet normal 0 0 1
    outer loop
      vertex 6.7417 2.48569 3.845
      vertex 6.524 2.47972 3.845
      vertex 6.7242 2.37553 3.845
    endloop
  endfacet
  facet normal -0 0 1
    outer loop
      vertex 6.50522 2.3853 3.845
      vertex 6.7242 2.37553 3.845
      vertex 6.524 2.47972 3.845
    endloop
  endfacet
  facet normal 0 0 1
    outer loop
      vertex 6.7242 2.37553 3.845
      vertex 6.50522 2.3853 3.845
      vertex 6.70395 2.27419 3.845
    endloop
  endfacet
  facet normal -0 0 1
    outer loop
      vertex 6.48389 2.29778 3.845
      vertex 6.70395 2.27419 3.845
      vertex 6.50522 2.3853 3.845
    endloop
  endfacet
  facet normal 0 0 1
    outer loop
      vertex 6.70395 2.27419 3.845
      vertex 6.48389 2.29778 3.845
      vertex 6.68092 2.18025 3.845
    endloop
  endfacet
  facet normal -0 0 1
    outer loop
      vertex 6.45996 2.21626 3.845
      vertex 6.68092 2.18025 3.845
      vertex 6.48389 2.29778 3.845
    endloop
  endfacet
  facet normal 0 0 1
    outer loop
      vertex 6.68092 2.18025 3.845
      vertex 6.45996 2.21626 3.845
      vertex 6.65512 2.09274 3.845
    endloop
  endfacet
  facet normal -0 0 1
    outer loop
      vertex 6.43341 2.14003 3.845
      vertex 6.65512 2.09274 3.845
      vertex 6.45996 2.21626 3.845
    endloop
  endfacet
  facet normal 0 0 1
    outer loop
      vertex 6.65512 2.09274 3.845
      vertex 6.43341 2.14003 3.845
      vertex 6.62648 2.01093 3.845
    endloop
  endfacet
  facet normal -0 0 1
    outer loop
      vertex 6.40422 2.06859 3.845
      vertex 6.62648 2.01093 3.845
      vertex 6.43341 2.14003 3.845
    endloop
  endfacet
  facet normal 0 0 1
    outer loop
      vertex 6.62648 2.01093 3.845
      vertex 6.40422 2.06859 3.845
      vertex 6.59499 1.93423 3.845
    endloop
  endfacet
  facet normal -0 0 1
    outer loop
      vertex 6.37233 2.00151 3.845
      vertex 6.59499 1.93423 3.845
      vertex 6.40422 2.06859 3.845
    endloop
  endfacet
  facet normal 0 0 1
    outer loop
      vertex 6.59499 1.93423 3.845
      vertex 6.37233 2.00151 3.845
      vertex 6.56059 1.86223 3.845
    endloop
  endfacet
  facet normal -0 0 1
    outer loop
      vertex 6.33771 1.93846 3.845
      vertex 6.56059 1.86223 3.845
      vertex 6.37233 2.00151 3.845
    endloop
  endfacet
  facet normal 0 0 1
    outer loop
      vertex 6.56059 1.86223 3.845
      vertex 6.33771 1.93846 3.845
      vertex 6.52324 1.79457 3.845
    endloop
  endfacet
  facet normal -0 0 1
    outer loop
      vertex 6.30028 1.8792 3.845
      vertex 6.52324 1.79457 3.845
      vertex 6.33771 1.93846 3.845
    endloop
  endfacet
  facet normal 0 0 1
    outer loop
      vertex 6.52324 1.79457 3.845
      vertex 6.30028 1.8792 3.845
      vertex 6.48286 1.73094 3.845
    endloop
  endfacet
  facet normal -0 0 1
    outer loop
      vertex 6.25999 1.82349 3.845
      vertex 6.48286 1.73094 3.845
      vertex 6.30028 1.8792 3.845
    endloop
  endfacet
  facet normal 0 0 1
    outer loop
      vertex 6.48286 1.73094 3.845
      vertex 6.25999 1.82349 3.845
      vertex 6.43942 1.67116 3.845
    endloop
  endfacet
  facet normal -0 0 1
    outer loop
      vertex 6.21677 1.77116 3.845
      vertex 6.43942 1.67116 3.845
      vertex 6.25999 1.82349 3.845
    endloop
  endfacet
  facet normal 0 0 1
    outer loop
      vertex 6.43942 1.67116 3.845
      vertex 6.21677 1.77116 3.845
      vertex 6.39279 1.61499 3.845
    endloop
  endfacet
  facet normal 0 0 1
    outer loop
      vertex 6.39279 1.61499 3.845
      vertex 6.21677 1.77116 3.845
      vertex 6.34291 1.5623 3.845
    endloop
  endfacet
  facet normal -0 0 1
    outer loop
      vertex 6.17053 1.72208 3.845
      vertex 6.34291 1.5623 3.845
      vertex 6.21677 1.77116 3.845
    endloop
  endfacet
  facet normal 0 0 1
    outer loop
      vertex 6.34291 1.5623 3.845
      vertex 6.17053 1.72208 3.845
      vertex 6.28966 1.51295 3.845
    endloop
  endfacet
  facet normal -0 0 1
    outer loop
      vertex 6.12115 1.67609 3.845
      vertex 6.28966 1.51295 3.845
      vertex 6.17053 1.72208 3.845
    endloop
  endfacet
  facet normal 0 0 1
    outer loop
      vertex 6.28966 1.51295 3.845
      vertex 6.12115 1.67609 3.845
      vertex 6.23288 1.46683 3.845
    endloop
  endfacet
  facet normal -0 0 1
    outer loop
      vertex 6.06853 1.63312 3.845
      vertex 6.23288 1.46683 3.845
      vertex 6.12115 1.67609 3.845
    endloop
  endfacet
  facet normal 0 0 1
    outer loop
      vertex 6.23288 1.46683 3.845
      vertex 6.06853 1.63312 3.845
      vertex 6.17244 1.42383 3.845
    endloop
  endfacet
  facet normal -0 0 1
    outer loop
      vertex 6.0125 1.59306 3.845
      vertex 6.17244 1.42383 3.845
      vertex 6.06853 1.63312 3.845
    endloop
  endfacet
  facet normal 0 0 1
    outer loop
      vertex 6.17244 1.42383 3.845
      vertex 6.0125 1.59306 3.845
      vertex 6.10814 1.3839 3.845
    endloop
  endfacet
  facet normal -0 0 1
    outer loop
      vertex 5.95288 1.55586 3.845
      vertex 6.10814 1.3839 3.845
      vertex 6.0125 1.59306 3.845
    endloop
  endfacet
  facet normal 0 0 1
    outer loop
      vertex 6.10814 1.3839 3.845
      vertex 5.95288 1.55586 3.845
      vertex 6.03975 1.34694 3.845
    endloop
  endfacet
  facet normal -0 0 1
    outer loop
      vertex 5.88948 1.52144 3.845
      vertex 6.03975 1.34694 3.845
      vertex 5.95288 1.55586 3.845
    endloop
  endfacet
  facet normal 0 0 1
    outer loop
      vertex 6.03975 1.34694 3.845
      vertex 5.88948 1.52144 3.845
      vertex 5.96696 1.31291 3.845
    endloop
  endfacet
  facet normal -0 0 1
    outer loop
      vertex 5.82201 1.48973 3.845
      vertex 5.96696 1.31291 3.845
      vertex 5.88948 1.52144 3.845
    endloop
  endfacet
  facet normal 0 0 1
    outer loop
      vertex 5.96696 1.31291 3.845
      vertex 5.82201 1.48973 3.845
      vertex 5.88945 1.28175 3.845
    endloop
  endfacet
  facet normal -0 0 1
    outer loop
      vertex 5.75014 1.46069 3.845
      vertex 5.88945 1.28175 3.845
      vertex 5.82201 1.48973 3.845
    endloop
  endfacet
  facet normal 0 0 1
    outer loop
      vertex 5.88945 1.28175 3.845
      vertex 5.75014 1.46069 3.845
      vertex 5.80675 1.25343 3.845
    endloop
  endfacet
  facet normal -0 0 1
    outer loop
      vertex 5.67348 1.43431 3.845
      vertex 5.80675 1.25343 3.845
      vertex 5.75014 1.46069 3.845
    endloop
  endfacet
  facet normal 0 0 1
    outer loop
      vertex 5.80675 1.25343 3.845
      vertex 5.67348 1.43431 3.845
      vertex 5.71829 1.22789 3.845
    endloop
  endfacet
  facet normal -0 0 1
    outer loop
      vertex 5.59148 1.41052 3.845
      vertex 5.71829 1.22789 3.845
      vertex 5.67348 1.43431 3.845
    endloop
  endfacet
  facet normal 0 0 1
    outer loop
      vertex 5.71829 1.22789 3.845
      vertex 5.59148 1.41052 3.845
      vertex 5.62335 1.20512 3.845
    endloop
  endfacet
  facet normal -0 0 1
    outer loop
      vertex 5.50346 1.3893 3.845
      vertex 5.62335 1.20512 3.845
      vertex 5.59148 1.41052 3.845
    endloop
  endfacet
  facet normal 0 0 1
    outer loop
      vertex 5.62335 1.20512 3.845
      vertex 5.50346 1.3893 3.845
      vertex 5.5209 1.18509 3.845
    endloop
  endfacet
  facet normal -0 0 1
    outer loop
      vertex 5.40849 1.37064 3.845
      vertex 5.5209 1.18509 3.845
      vertex 5.50346 1.3893 3.845
    endloop
  endfacet
  facet normal 0 0 1
    outer loop
      vertex 5.5209 1.18509 3.845
      vertex 5.40849 1.37064 3.845
      vertex 5.40956 1.16777 3.845
    endloop
  endfacet
  facet normal -0 0 1
    outer loop
      vertex 5.30527 1.35451 3.845
      vertex 5.40956 1.16777 3.845
      vertex 5.40849 1.37064 3.845
    endloop
  endfacet
  facet normal 0 0 1
    outer loop
      vertex 5.30527 1.35451 3.845
      vertex 5.28729 1.15314 3.845
      vertex 5.40956 1.16777 3.845
    endloop
  endfacet
  facet normal -0 0 1
    outer loop
      vertex 5.19193 1.34087 3.845
      vertex 5.28729 1.15314 3.845
      vertex 5.30527 1.35451 3.845
    endloop
  endfacet
  facet normal 0 0 1
    outer loop
      vertex 5.19193 1.34087 3.845
      vertex 5.15096 1.14119 3.845
      vertex 5.28729 1.15314 3.845
    endloop
  endfacet
  facet normal -0 0 1
    outer loop
      vertex 5.06552 1.32974 3.845
      vertex 5.15096 1.14119 3.845
      vertex 5.19193 1.34087 3.845
    endloop
  endfacet
  facet normal 0 0 1
    outer loop
      vertex 5.06552 1.32974 3.845
      vertex 4.99519 1.13191 3.845
      vertex 5.15096 1.14119 3.845
    endloop
  endfacet
  facet normal -0 0 1
    outer loop
      vertex 4.92114 1.32109 3.845
      vertex 4.99519 1.13191 3.845
      vertex 5.06552 1.32974 3.845
    endloop
  endfacet
  facet normal 0 0 1
    outer loop
      vertex 4.92114 1.32109 3.845
      vertex 4.80957 1.12529 3.845
      vertex 4.99519 1.13191 3.845
    endloop
  endfacet
  facet normal -0 0 1
    outer loop
      vertex 4.74904 1.31493 3.845
      vertex 4.80957 1.12529 3.845
      vertex 4.92114 1.32109 3.845
    endloop
  endfacet
  facet normal 0 0 1
    outer loop
      vertex 4.74904 1.31493 3.845
      vertex 4.56686 1.12132 3.845
      vertex 4.80957 1.12529 3.845
    endloop
  endfacet
  facet normal -0 0 1
    outer loop
      vertex 4.52405 1.31122 3.845
      vertex 4.56686 1.12132 3.845
      vertex 4.74904 1.31493 3.845
    endloop
  endfacet
  facet normal 0 0 1
    outer loop
      vertex 3.98 1.12 3.845
      vertex 4.52405 1.31122 3.845
      vertex 3.98 1.31 3.845
    endloop
  endfacet
  facet normal 0 0 1
    outer loop
      vertex 4.52405 1.31122 3.845
      vertex 3.98 1.12 3.845
      vertex 4.56686 1.12132 3.845
    endloop
  endfacet
  facet normal 0 0 1
    outer loop
      vertex 3.43593 1.31122 3.845
      vertex 3.98 1.12 3.845
      vertex 3.98 1.31 3.845
    endloop
  endfacet
  facet normal 0 0 1
    outer loop
      vertex 3.43593 1.31122 3.845
      vertex 3.39311 1.12132 3.845
      vertex 3.98 1.12 3.845
    endloop
  endfacet
  facet normal 0 0 1
    outer loop
      vertex 3.21094 1.31493 3.845
      vertex 3.39311 1.12132 3.845
      vertex 3.43593 1.31122 3.845
    endloop
  endfacet
  facet normal 0 0 1
    outer loop
      vertex 3.21094 1.31493 3.845
      vertex 3.15042 1.12529 3.845
      vertex 3.39311 1.12132 3.845
    endloop
  endfacet
  facet normal 0 0 1
    outer loop
      vertex 3.03885 1.32109 3.845
      vertex 3.15042 1.12529 3.845
      vertex 3.21094 1.31493 3.845
    endloop
  endfacet
  facet normal 0 0 1
    outer loop
      vertex 3.03885 1.32109 3.845
      vertex 2.96478 1.13191 3.845
      vertex 3.15042 1.12529 3.845
    endloop
  endfacet
  facet normal 0 0 1
    outer loop
      vertex 2.89445 1.32974 3.845
      vertex 2.96478 1.13191 3.845
      vertex 3.03885 1.32109 3.845
    endloop
  endfacet
  facet normal 0 0 1
    outer loop
      vertex 2.89445 1.32974 3.845
      vertex 2.80904 1.14119 3.845
      vertex 2.96478 1.13191 3.845
    endloop
  endfacet
  facet normal 0 0 1
    outer loop
      vertex 2.76807 1.34087 3.845
      vertex 2.80904 1.14119 3.845
      vertex 2.89445 1.32974 3.845
    endloop
  endfacet
  facet normal 0 0 1
    outer loop
      vertex 2.76807 1.34087 3.845
      vertex 2.6727 1.15314 3.845
      vertex 2.80904 1.14119 3.845
    endloop
  endfacet
  facet normal 0 0 1
    outer loop
      vertex 2.65472 1.35451 3.845
      vertex 2.6727 1.15314 3.845
      vertex 2.76807 1.34087 3.845
    endloop
  endfacet
  facet normal 0 0 1
    outer loop
      vertex 2.55043 1.16777 3.845
      vertex 2.65472 1.35451 3.845
      vertex 2.5515 1.37064 3.845
    endloop
  endfacet
  facet normal 0 0 1
    outer loop
      vertex 2.65472 1.35451 3.845
      vertex 2.55043 1.16777 3.845
      vertex 2.6727 1.15314 3.845
    endloop
  endfacet
  facet normal 0 0 1
    outer loop
      vertex 2.43909 1.18509 3.845
      vertex 2.5515 1.37064 3.845
      vertex 2.45653 1.3893 3.845
    endloop
  endfacet
  facet normal 0 0 1
    outer loop
      vertex 2.5515 1.37064 3.845
      vertex 2.43909 1.18509 3.845
      vertex 2.55043 1.16777 3.845
    endloop
  endfacet
  facet normal 0 0 1
    outer loop
      vertex 2.33664 1.20512 3.845
      vertex 2.45653 1.3893 3.845
      vertex 2.3685 1.41052 3.845
    endloop
  endfacet
  facet normal 0 0 1
    outer loop
      vertex 2.45653 1.3893 3.845
      vertex 2.33664 1.20512 3.845
      vertex 2.43909 1.18509 3.845
    endloop
  endfacet
  facet normal 0 0 1
    outer loop
      vertex 2.24168 1.22789 3.845
      vertex 2.3685 1.41052 3.845
      vertex 2.2865 1.43431 3.845
    endloop
  endfacet
  facet normal 0 0 1
    outer loop
      vertex 2.3685 1.41052 3.845
      vertex 2.24168 1.22789 3.845
      vertex 2.33664 1.20512 3.845
    endloop
  endfacet
  facet normal 0 0 1
    outer loop
      vertex 2.15324 1.25343 3.845
      vertex 2.2865 1.43431 3.845
      vertex 2.20984 1.46069 3.845
    endloop
  endfacet
  facet normal 0 0 1
    outer loop
      vertex 2.2865 1.43431 3.845
      vertex 2.15324 1.25343 3.845
      vertex 2.24168 1.22789 3.845
    endloop
  endfacet
  facet normal 0 0 1
    outer loop
      vertex 2.07054 1.28175 3.845
      vertex 2.20984 1.46069 3.845
      vertex 2.13799 1.48973 3.845
    endloop
  endfacet
  facet normal 0 0 1
    outer loop
      vertex 2.20984 1.46069 3.845
      vertex 2.07054 1.28175 3.845
      vertex 2.15324 1.25343 3.845
    endloop
  endfacet
  facet normal 0 0 1
    outer loop
      vertex 1.99303 1.31291 3.845
      vertex 2.13799 1.48973 3.845
      vertex 2.07051 1.52144 3.845
    endloop
  endfacet
  facet normal 0 0 1
    outer loop
      vertex 1.92024 1.34694 3.845
      vertex 2.07051 1.52144 3.845
      vertex 2.0071 1.55586 3.845
    endloop
  endfacet
  facet normal 0 0 1
    outer loop
      vertex 2.13799 1.48973 3.845
      vertex 1.99303 1.31291 3.845
      vertex 2.07054 1.28175 3.845
    endloop
  endfacet
  facet normal 0 0 1
    outer loop
      vertex 1.85184 1.3839 3.845
      vertex 2.0071 1.55586 3.845
      vertex 1.94749 1.59306 3.845
    endloop
  endfacet
  facet normal 0 0 1
    outer loop
      vertex 2.07051 1.52144 3.845
      vertex 1.92024 1.34694 3.845
      vertex 1.99303 1.31291 3.845
    endloop
  endfacet
  facet normal 0 0 1
    outer loop
      vertex 1.78754 1.42383 3.845
      vertex 1.94749 1.59306 3.845
      vertex 1.89146 1.63312 3.845
    endloop
  endfacet
  facet normal 0 0 1
    outer loop
      vertex 2.0071 1.55586 3.845
      vertex 1.85184 1.3839 3.845
      vertex 1.92024 1.34694 3.845
    endloop
  endfacet
  facet normal 0 0 1
    outer loop
      vertex 1.7271 1.46683 3.845
      vertex 1.89146 1.63312 3.845
      vertex 1.83884 1.67609 3.845
    endloop
  endfacet
  facet normal 0 0 1
    outer loop
      vertex 1.67033 1.51295 3.845
      vertex 1.83884 1.67609 3.845
      vertex 1.78946 1.72208 3.845
    endloop
  endfacet
  facet normal 0 0 1
    outer loop
      vertex 1.94749 1.59306 3.845
      vertex 1.78754 1.42383 3.845
      vertex 1.85184 1.3839 3.845
    endloop
  endfacet
  facet normal 0 0 1
    outer loop
      vertex 1.61708 1.5623 3.845
      vertex 1.78946 1.72208 3.845
      vertex 1.74321 1.77116 3.845
    endloop
  endfacet
  facet normal 0 0 1
    outer loop
      vertex 1.89146 1.63312 3.845
      vertex 1.7271 1.46683 3.845
      vertex 1.78754 1.42383 3.845
    endloop
  endfacet
  facet normal 0 0 1
    outer loop
      vertex 1.52057 1.67116 3.845
      vertex 1.74321 1.77116 3.845
      vertex 1.7 1.82349 3.845
    endloop
  endfacet
  facet normal 0 0 1
    outer loop
      vertex 1.83884 1.67609 3.845
      vertex 1.67033 1.51295 3.845
      vertex 1.7271 1.46683 3.845
    endloop
  endfacet
  facet normal 0 0 1
    outer loop
      vertex 1.47711 1.73094 3.845
      vertex 1.7 1.82349 3.845
      vertex 1.65971 1.8792 3.845
    endloop
  endfacet
  facet normal 0 0 1
    outer loop
      vertex 1.43675 1.79457 3.845
      vertex 1.65971 1.8792 3.845
      vertex 1.62228 1.93846 3.845
    endloop
  endfacet
  facet normal 0 0 1
    outer loop
      vertex 1.78946 1.72208 3.845
      vertex 1.61708 1.5623 3.845
      vertex 1.67033 1.51295 3.845
    endloop
  endfacet
  facet normal 0 0 1
    outer loop
      vertex 1.39938 1.86223 3.845
      vertex 1.62228 1.93846 3.845
      vertex 1.58766 2.00151 3.845
    endloop
  endfacet
  facet normal 0 0 1
    outer loop
      vertex 1.74321 1.77116 3.845
      vertex 1.56718 1.61499 3.845
      vertex 1.61708 1.5623 3.845
    endloop
  endfacet
  facet normal 0 0 1
    outer loop
      vertex 1.36499 1.93423 3.845
      vertex 1.58766 2.00151 3.845
      vertex 1.55577 2.06859 3.845
    endloop
  endfacet
  facet normal 0 0 1
    outer loop
      vertex 1.3335 2.01093 3.845
      vertex 1.55577 2.06859 3.845
      vertex 1.52657 2.14003 3.845
    endloop
  endfacet
  facet normal 0 0 1
    outer loop
      vertex 1.74321 1.77116 3.845
      vertex 1.52057 1.67116 3.845
      vertex 1.56718 1.61499 3.845
    endloop
  endfacet
  facet normal 0 0 1
    outer loop
      vertex 1.30487 2.09274 3.845
      vertex 1.52657 2.14003 3.845
      vertex 1.50003 2.21626 3.845
    endloop
  endfacet
  facet normal 0 0 1
    outer loop
      vertex 1.7 1.82349 3.845
      vertex 1.47711 1.73094 3.845
      vertex 1.52057 1.67116 3.845
    endloop
  endfacet
  facet normal 0 0 1
    outer loop
      vertex 1.27905 2.18025 3.845
      vertex 1.50003 2.21626 3.845
      vertex 1.4761 2.29778 3.845
    endloop
  endfacet
  facet normal 0 0 1
    outer loop
      vertex 1.25604 2.27419 3.845
      vertex 1.4761 2.29778 3.845
      vertex 1.45476 2.3853 3.845
    endloop
  endfacet
  facet normal 0 0 1
    outer loop
      vertex 1.65971 1.8792 3.845
      vertex 1.43675 1.79457 3.845
      vertex 1.47711 1.73094 3.845
    endloop
  endfacet
  facet normal 0 0 1
    outer loop
      vertex 1.23579 2.37553 3.845
      vertex 1.45476 2.3853 3.845
      vertex 1.43599 2.47972 3.845
    endloop
  endfacet
  facet normal -0 0 1
    outer loop
      vertex 1.21828 2.48569 3.845
      vertex 1.43599 2.47972 3.845
      vertex 1.41975 2.58235 3.845
    endloop
  endfacet
  facet normal -0 0 1
    outer loop
      vertex 1.20349 2.60664 3.845
      vertex 1.41975 2.58235 3.845
      vertex 1.40605 2.69504 3.845
    endloop
  endfacet
  facet normal 0 0 1
    outer loop
      vertex 1.62228 1.93846 3.845
      vertex 1.39938 1.86223 3.845
      vertex 1.43675 1.79457 3.845
    endloop
  endfacet
  facet normal -0 0 1
    outer loop
      vertex 1.19142 2.74153 3.845
      vertex 1.40605 2.69504 3.845
      vertex 1.39485 2.82071 3.845
    endloop
  endfacet
  facet normal -0 0 1
    outer loop
      vertex 1.18204 2.89563 3.845
      vertex 1.39485 2.82071 3.845
      vertex 1.38615 2.96426 3.845
    endloop
  endfacet
  facet normal -0 0 1
    outer loop
      vertex 1.17534 3.07927 3.845
      vertex 1.38615 2.96426 3.845
      vertex 1.37996 3.13538 3.845
    endloop
  endfacet
  facet normal -0 0 1
    outer loop
      vertex 1.17133 3.31938 3.845
      vertex 1.37996 3.13538 3.845
      vertex 1.37624 3.35907 3.845
    endloop
  endfacet
  facet normal 0 0 1
    outer loop
      vertex 1.38615 4.83572 3.845
      vertex 1.17534 4.7207 3.845
      vertex 1.37996 4.66461 3.845
    endloop
  endfacet
  facet normal 0 0 1
    outer loop
      vertex 1.58766 2.00151 3.845
      vertex 1.36499 1.93423 3.845
      vertex 1.39938 1.86223 3.845
    endloop
  endfacet
  facet normal 0 0 1
    outer loop
      vertex 1.17 3.89999 3.845
      vertex 1.37624 4.44092 3.845
      vertex 1.17133 4.48061 3.845
    endloop
  endfacet
  facet normal 0 0 1
    outer loop
      vertex 1.43599 5.32027 3.845
      vertex 1.21828 5.3143 3.845
      vertex 1.41975 5.21764 3.845
    endloop
  endfacet
  facet normal 0 -0 1
    outer loop
      vertex 1.17133 3.31938 3.845
      vertex 1.37624 3.35907 3.845
      vertex 1.17 3.89999 3.845
    endloop
  endfacet
  facet normal 0 0 1
    outer loop
      vertex 1.20349 5.19333 3.845
      vertex 1.41975 5.21764 3.845
      vertex 1.21828 5.3143 3.845
    endloop
  endfacet
  facet normal 0 0 1
    outer loop
      vertex 1.37996 3.13538 3.845
      vertex 1.17133 3.31938 3.845
      vertex 1.17534 3.07927 3.845
    endloop
  endfacet
  facet normal 0 0 1
    outer loop
      vertex 1.41975 5.21764 3.845
      vertex 1.20349 5.19333 3.845
      vertex 1.40605 5.10493 3.845
    endloop
  endfacet
  facet normal 0 0 1
    outer loop
      vertex 1.38615 2.96426 3.845
      vertex 1.17534 3.07927 3.845
      vertex 1.18204 2.89563 3.845
    endloop
  endfacet
  facet normal 0 0 1
    outer loop
      vertex 1.19142 5.05846 3.845
      vertex 1.40605 5.10493 3.845
      vertex 1.20349 5.19333 3.845
    endloop
  endfacet
  facet normal 0 0 1
    outer loop
      vertex 1.39485 2.82071 3.845
      vertex 1.18204 2.89563 3.845
      vertex 1.19142 2.74153 3.845
    endloop
  endfacet
  facet normal 0 0 1
    outer loop
      vertex 1.18204 4.90436 3.845
      vertex 1.39485 4.97928 3.845
      vertex 1.19142 5.05846 3.845
    endloop
  endfacet
  facet normal 0 0 1
    outer loop
      vertex 1.40605 2.69504 3.845
      vertex 1.19142 2.74153 3.845
      vertex 1.20349 2.60664 3.845
    endloop
  endfacet
  facet normal 0 0 1
    outer loop
      vertex 1.39485 4.97928 3.845
      vertex 1.18204 4.90436 3.845
      vertex 1.38615 4.83572 3.845
    endloop
  endfacet
  facet normal 0 0 1
    outer loop
      vertex 1.41975 2.58235 3.845
      vertex 1.20349 2.60664 3.845
      vertex 1.21828 2.48569 3.845
    endloop
  endfacet
  facet normal 0 0 1
    outer loop
      vertex 1.17534 4.7207 3.845
      vertex 1.38615 4.83572 3.845
      vertex 1.18204 4.90436 3.845
    endloop
  endfacet
  facet normal 0 0 1
    outer loop
      vertex 1.43599 2.47972 3.845
      vertex 1.21828 2.48569 3.845
      vertex 1.23579 2.37553 3.845
    endloop
  endfacet
  facet normal 0 0 1
    outer loop
      vertex 1.17133 4.48061 3.845
      vertex 1.37996 4.66461 3.845
      vertex 1.17534 4.7207 3.845
    endloop
  endfacet
  facet normal 0 0 1
    outer loop
      vertex 1.45476 2.3853 3.845
      vertex 1.23579 2.37553 3.845
      vertex 1.25604 2.27419 3.845
    endloop
  endfacet
  facet normal 0 0 1
    outer loop
      vertex 1.37996 4.66461 3.845
      vertex 1.17133 4.48061 3.845
      vertex 1.37624 4.44092 3.845
    endloop
  endfacet
  facet normal 0 0 1
    outer loop
      vertex 1.50003 2.21626 3.845
      vertex 1.27905 2.18025 3.845
      vertex 1.30487 2.09274 3.845
    endloop
  endfacet
  facet normal 0 0 1
    outer loop
      vertex 1.37624 4.44092 3.845
      vertex 1.17 3.89999 3.845
      vertex 1.375 3.89999 3.845
    endloop
  endfacet
  facet normal 0 0 1
    outer loop
      vertex 1.375 3.89999 3.845
      vertex 1.17 3.89999 3.845
      vertex 1.37624 3.35907 3.845
    endloop
  endfacet
  facet normal 0 0 1
    outer loop
      vertex 1.55577 2.06859 3.845
      vertex 1.3335 2.01093 3.845
      vertex 1.36499 1.93423 3.845
    endloop
  endfacet
  facet normal 0 0 1
    outer loop
      vertex 1.4761 2.29778 3.845
      vertex 1.25604 2.27419 3.845
      vertex 1.27905 2.18025 3.845
    endloop
  endfacet
  facet normal 0 0 1
    outer loop
      vertex 1.52657 2.14003 3.845
      vertex 1.30487 2.09274 3.845
      vertex 1.3335 2.01093 3.845
    endloop
  endfacet
  facet normal -0.0163548 0.999866 0
    outer loop
      vertex 4.80957 1.12529 3.845
      vertex 4.56686 1.12132 3.89999
      vertex 4.80957 1.12529 3.89999
    endloop
  endfacet
  facet normal -0.0163548 0.999866 0
    outer loop
      vertex 4.56686 1.12132 3.89999
      vertex 4.80957 1.12529 3.845
      vertex 4.56686 1.12132 3.845
    endloop
  endfacet
  facet normal -0.0356416 0.999365 0
    outer loop
      vertex 4.99519 1.13191 3.845
      vertex 4.80957 1.12529 3.89999
      vertex 4.99519 1.13191 3.89999
    endloop
  endfacet
  facet normal -0.0356416 0.999365 0
    outer loop
      vertex 4.80957 1.12529 3.89999
      vertex 4.99519 1.13191 3.845
      vertex 4.80957 1.12529 3.845
    endloop
  endfacet
  facet normal -0.0594696 0.99823 0
    outer loop
      vertex 5.15096 1.14119 3.845
      vertex 4.99519 1.13191 3.89999
      vertex 5.15096 1.14119 3.89999
    endloop
  endfacet
  facet normal -0.0594696 0.99823 0
    outer loop
      vertex 4.99519 1.13191 3.89999
      vertex 5.15096 1.14119 3.845
      vertex 4.99519 1.13191 3.845
    endloop
  endfacet
  facet normal -0.0873201 0.99618 0
    outer loop
      vertex 5.28729 1.15314 3.845
      vertex 5.15096 1.14119 3.89999
      vertex 5.28729 1.15314 3.89999
    endloop
  endfacet
  facet normal -0.0873201 0.99618 0
    outer loop
      vertex 5.15096 1.14119 3.89999
      vertex 5.28729 1.15314 3.845
      vertex 5.15096 1.14119 3.845
    endloop
  endfacet
  facet normal -0.118806 0.992918 0
    outer loop
      vertex 5.40956 1.16777 3.845
      vertex 5.28729 1.15314 3.89999
      vertex 5.40956 1.16777 3.89999
    endloop
  endfacet
  facet normal -0.118806 0.992918 0
    outer loop
      vertex 5.28729 1.15314 3.89999
      vertex 5.40956 1.16777 3.845
      vertex 5.28729 1.15314 3.845
    endloop
  endfacet
  facet normal -0.153711 0.988116 0
    outer loop
      vertex 5.5209 1.18509 3.845
      vertex 5.40956 1.16777 3.89999
      vertex 5.5209 1.18509 3.89999
    endloop
  endfacet
  facet normal -0.153711 0.988116 0
    outer loop
      vertex 5.40956 1.16777 3.89999
      vertex 5.5209 1.18509 3.845
      vertex 5.40956 1.16777 3.845
    endloop
  endfacet
  facet normal -0.191877 0.981419 0
    outer loop
      vertex 5.62335 1.20512 3.845
      vertex 5.5209 1.18509 3.89999
      vertex 5.62335 1.20512 3.89999
    endloop
  endfacet
  facet normal -0.191877 0.981419 0
    outer loop
      vertex 5.5209 1.18509 3.89999
      vertex 5.62335 1.20512 3.845
      vertex 5.5209 1.18509 3.845
    endloop
  endfacet
  facet normal -0.233222 0.972424 0
    outer loop
      vertex 5.71829 1.22789 3.845
      vertex 5.62335 1.20512 3.89999
      vertex 5.71829 1.22789 3.89999
    endloop
  endfacet
  facet normal -0.233222 0.972424 0
    outer loop
      vertex 5.62335 1.20512 3.89999
      vertex 5.71829 1.22789 3.845
      vertex 5.62335 1.20512 3.845
    endloop
  endfacet
  facet normal -0.277388 0.960758 0
    outer loop
      vertex 5.80675 1.25343 3.845
      vertex 5.71829 1.22789 3.89999
      vertex 5.80675 1.25343 3.89999
    endloop
  endfacet
  facet normal -0.277388 0.960758 0
    outer loop
      vertex 5.71829 1.22789 3.89999
      vertex 5.80675 1.25343 3.845
      vertex 5.71829 1.22789 3.845
    endloop
  endfacet
  facet normal -0.323973 0.946066 0
    outer loop
      vertex 5.88945 1.28175 3.845
      vertex 5.80675 1.25343 3.89999
      vertex 5.88945 1.28175 3.89999
    endloop
  endfacet
  facet normal -0.323973 0.946066 0
    outer loop
      vertex 5.80675 1.25343 3.89999
      vertex 5.88945 1.28175 3.845
      vertex 5.80675 1.25343 3.845
    endloop
  endfacet
  facet normal -0.373 0.927831 0
    outer loop
      vertex 5.96696 1.31291 3.845
      vertex 5.88945 1.28175 3.89999
      vertex 5.96696 1.31291 3.89999
    endloop
  endfacet
  facet normal -0.373 0.927831 0
    outer loop
      vertex 5.88945 1.28175 3.89999
      vertex 5.96696 1.31291 3.845
      vertex 5.88945 1.28175 3.845
    endloop
  endfacet
  facet normal -0.423447 0.905921 0
    outer loop
      vertex 6.03975 1.34694 3.845
      vertex 6 1.32836 3.89999
      vertex 6.03975 1.34694 3.89911
    endloop
  endfacet
  facet normal -0.423512 0.90589 -5.75528e-05
    outer loop
      vertex 6 1.32836 3.89999
      vertex 6.03975 1.34694 3.845
      vertex 5.96696 1.31291 3.845
    endloop
  endfacet
  facet normal -0.423591 0.905854 0
    outer loop
      vertex 6 1.32836 3.89999
      vertex 5.96696 1.31291 3.845
      vertex 5.96696 1.31291 3.89999
    endloop
  endfacet
  facet normal -0.475442 0.879747 0
    outer loop
      vertex 6.03975 1.34694 3.845
      vertex 6.10814 1.3839 3.89759
      vertex 6.10814 1.3839 3.845
    endloop
  endfacet
  facet normal -0.475442 0.879747 0
    outer loop
      vertex 6.10814 1.3839 3.89759
      vertex 6.03975 1.34694 3.845
      vertex 6.03975 1.34694 3.89911
    endloop
  endfacet
  facet normal -0.52755 0.849524 0
    outer loop
      vertex 6.10814 1.3839 3.845
      vertex 6.17244 1.42383 3.89616
      vertex 6.17244 1.42383 3.845
    endloop
  endfacet
  facet normal -0.52755 0.849524 0
    outer loop
      vertex 6.17244 1.42383 3.89616
      vertex 6.10814 1.3839 3.845
      vertex 6.10814 1.3839 3.89759
    endloop
  endfacet
  facet normal -0.579707 0.814825 0
    outer loop
      vertex 6.17244 1.42383 3.845
      vertex 6.23288 1.46683 3.89482
      vertex 6.23288 1.46683 3.845
    endloop
  endfacet
  facet normal -0.579707 0.814825 0
    outer loop
      vertex 6.23288 1.46683 3.89482
      vertex 6.17244 1.42383 3.845
      vertex 6.17244 1.42383 3.89616
    endloop
  endfacet
  facet normal -0.630479 0.776206 0
    outer loop
      vertex 6.23288 1.46683 3.845
      vertex 6.28966 1.51295 3.89356
      vertex 6.28966 1.51295 3.845
    endloop
  endfacet
  facet normal -0.630479 0.776206 0
    outer loop
      vertex 6.28966 1.51295 3.89356
      vertex 6.23288 1.46683 3.845
      vertex 6.23288 1.46683 3.89482
    endloop
  endfacet
  facet normal -0.679738 0.733455 0
    outer loop
      vertex 6.28966 1.51295 3.845
      vertex 6.34291 1.5623 3.89237
      vertex 6.34291 1.5623 3.845
    endloop
  endfacet
  facet normal -0.679738 0.733455 0
    outer loop
      vertex 6.34291 1.5623 3.89237
      vertex 6.28966 1.51295 3.845
      vertex 6.28966 1.51295 3.89356
    endloop
  endfacet
  facet normal -0.726206 0.687477 0
    outer loop
      vertex 6.34291 1.5623 3.845
      vertex 6.39279 1.61499 3.89126
      vertex 6.39279 1.61499 3.845
    endloop
  endfacet
  facet normal -0.726206 0.687477 0
    outer loop
      vertex 6.39279 1.61499 3.89126
      vertex 6.34291 1.5623 3.845
      vertex 6.34291 1.5623 3.89237
    endloop
  endfacet
  facet normal -0.769421 0.638742 0
    outer loop
      vertex 6.39279 1.61499 3.845
      vertex 6.43942 1.67116 3.89023
      vertex 6.43942 1.67116 3.845
    endloop
  endfacet
  facet normal -0.769421 0.638742 0
    outer loop
      vertex 6.43942 1.67116 3.89023
      vertex 6.39279 1.61499 3.845
      vertex 6.39279 1.61499 3.89126
    endloop
  endfacet
  facet normal -0.80897 0.58785 0
    outer loop
      vertex 6.43942 1.67116 3.845
      vertex 6.48286 1.73094 3.88926
      vertex 6.48286 1.73094 3.845
    endloop
  endfacet
  facet normal -0.80897 0.58785 0
    outer loop
      vertex 6.48286 1.73094 3.88926
      vertex 6.43942 1.67116 3.845
      vertex 6.43942 1.67116 3.89023
    endloop
  endfacet
  facet normal -0.844333 0.535819 0
    outer loop
      vertex 6.48286 1.73094 3.845
      vertex 6.52324 1.79457 3.88836
      vertex 6.52324 1.79457 3.845
    endloop
  endfacet
  facet normal -0.844333 0.535819 0
    outer loop
      vertex 6.52324 1.79457 3.88836
      vertex 6.48286 1.73094 3.845
      vertex 6.48286 1.73094 3.88926
    endloop
  endfacet
  facet normal -0.875466 0.483279 0
    outer loop
      vertex 6.52324 1.79457 3.845
      vertex 6.56059 1.86223 3.88753
      vertex 6.56059 1.86223 3.845
    endloop
  endfacet
  facet normal -0.875466 0.483279 0
    outer loop
      vertex 6.56059 1.86223 3.88753
      vertex 6.52324 1.79457 3.845
      vertex 6.52324 1.79457 3.88836
    endloop
  endfacet
  facet normal -0.902304 0.431101 0
    outer loop
      vertex 6.56059 1.86223 3.845
      vertex 6.59499 1.93423 3.88677
      vertex 6.59499 1.93423 3.845
    endloop
  endfacet
  facet normal -0.902304 0.431101 0
    outer loop
      vertex 6.59499 1.93423 3.88677
      vertex 6.56059 1.86223 3.845
      vertex 6.56059 1.86223 3.88753
    endloop
  endfacet
  facet normal -0.92507 0.379797 0
    outer loop
      vertex 6.59499 1.93423 3.845
      vertex 6.62648 2.01093 3.88607
      vertex 6.62648 2.01093 3.845
    endloop
  endfacet
  facet normal -0.92507 0.379797 0
    outer loop
      vertex 6.62648 2.01093 3.88607
      vertex 6.59499 1.93423 3.845
      vertex 6.59499 1.93423 3.88677
    endloop
  endfacet
  facet normal -0.943835 0.330417 0
    outer loop
      vertex 6.62648 2.01093 3.845
      vertex 6.65512 2.09274 3.88543
      vertex 6.65512 2.09274 3.845
    endloop
  endfacet
  facet normal -0.943835 0.330417 0
    outer loop
      vertex 6.65512 2.09274 3.88543
      vertex 6.62648 2.01093 3.845
      vertex 6.62648 2.01093 3.88607
    endloop
  endfacet
  facet normal -0.959182 0.282789 0
    outer loop
      vertex 6.65512 2.09274 3.845
      vertex 6.68092 2.18025 3.88486
      vertex 6.68092 2.18025 3.845
    endloop
  endfacet
  facet normal -0.959182 0.282789 0
    outer loop
      vertex 6.68092 2.18025 3.88486
      vertex 6.65512 2.09274 3.845
      vertex 6.65512 2.09274 3.88543
    endloop
  endfacet
  facet normal -0.971239 0.238106 0
    outer loop
      vertex 6.68092 2.18025 3.845
      vertex 6.70395 2.27419 3.88435
      vertex 6.70395 2.27419 3.845
    endloop
  endfacet
  facet normal -0.971239 0.238106 0
    outer loop
      vertex 6.70395 2.27419 3.88435
      vertex 6.68092 2.18025 3.845
      vertex 6.68092 2.18025 3.88486
    endloop
  endfacet
  facet normal -0.980614 0.195949 0
    outer loop
      vertex 6.70395 2.27419 3.845
      vertex 6.7242 2.37553 3.8839
      vertex 6.7242 2.37553 3.845
    endloop
  endfacet
  facet normal -0.980614 0.195949 0
    outer loop
      vertex 6.7242 2.37553 3.8839
      vertex 6.70395 2.27419 3.845
      vertex 6.70395 2.27419 3.88435
    endloop
  endfacet
  facet normal -0.987616 0.156892 0
    outer loop
      vertex 6.7242 2.37553 3.845
      vertex 6.7417 2.48569 3.88351
      vertex 6.7417 2.48569 3.845
    endloop
  endfacet
  facet normal -0.987616 0.156892 0
    outer loop
      vertex 6.7417 2.48569 3.88351
      vertex 6.7242 2.37553 3.845
      vertex 6.7242 2.37553 3.8839
    endloop
  endfacet
  facet normal -0.992616 0.121297 0
    outer loop
      vertex 6.7417 2.48569 3.845
      vertex 6.75648 2.60664 3.88318
      vertex 6.75648 2.60664 3.845
    endloop
  endfacet
  facet normal -0.992616 0.121297 0
    outer loop
      vertex 6.75648 2.60664 3.88318
      vertex 6.7417 2.48569 3.845
      vertex 6.7417 2.48569 3.88351
    endloop
  endfacet
  facet normal -0.996007 0.0892707 0
    outer loop
      vertex 6.75648 2.60664 3.845
      vertex 6.76857 2.74153 3.88291
      vertex 6.76857 2.74153 3.845
    endloop
  endfacet
  facet normal -0.996007 0.0892707 0
    outer loop
      vertex 6.76857 2.74153 3.88291
      vertex 6.75648 2.60664 3.845
      vertex 6.75648 2.60664 3.88318
    endloop
  endfacet
  facet normal -0.998153 0.0607571 0
    outer loop
      vertex 6.76857 2.74153 3.845
      vertex 6.77795 2.89563 3.8827
      vertex 6.77795 2.89563 3.845
    endloop
  endfacet
  facet normal -0.998153 0.0607571 0
    outer loop
      vertex 6.77795 2.89563 3.8827
      vertex 6.76857 2.74153 3.845
      vertex 6.76857 2.74153 3.88291
    endloop
  endfacet
  facet normal -0.999337 0.0364058 0
    outer loop
      vertex 6.77795 2.89563 3.845
      vertex 6.78464 3.07927 3.88255
      vertex 6.78464 3.07927 3.845
    endloop
  endfacet
  facet normal -0.999337 0.0364058 0
    outer loop
      vertex 6.78464 3.07927 3.88255
      vertex 6.77795 2.89563 3.845
      vertex 6.77795 2.89563 3.8827
    endloop
  endfacet
  facet normal -0.999861 0.0166984 0
    outer loop
      vertex 6.78464 3.07927 3.845
      vertex 6.78865 3.31938 3.88246
      vertex 6.78865 3.31938 3.845
    endloop
  endfacet
  facet normal -0.999861 0.0166984 0
    outer loop
      vertex 6.78865 3.31938 3.88246
      vertex 6.78464 3.07927 3.845
      vertex 6.78464 3.07927 3.88255
    endloop
  endfacet
  facet normal -0.999997 0.00230791 0
    outer loop
      vertex 6.78865 3.31938 3.845
      vertex 6.78999 3.89999 3.88243
      vertex 6.78999 3.89999 3.845
    endloop
  endfacet
  facet normal -0.999997 0.00230791 0
    outer loop
      vertex 6.78999 3.89999 3.88243
      vertex 6.78865 3.31938 3.845
      vertex 6.78865 3.31938 3.88246
    endloop
  endfacet
  facet normal -0.999997 -0.00230787 0
    outer loop
      vertex 6.78999 3.89999 3.845
      vertex 6.78865 4.48061 3.88246
      vertex 6.78865 4.48061 3.845
    endloop
  endfacet
  facet normal -0.999997 -0.00230787 0
    outer loop
      vertex 6.78865 4.48061 3.88246
      vertex 6.78999 3.89999 3.845
      vertex 6.78999 3.89999 3.88243
    endloop
  endfacet
  facet normal -0.999861 -0.0166997 0
    outer loop
      vertex 6.78865 4.48061 3.845
      vertex 6.78464 4.7207 3.88255
      vertex 6.78464 4.7207 3.845
    endloop
  endfacet
  facet normal -0.999861 -0.0166997 0
    outer loop
      vertex 6.78464 4.7207 3.88255
      vertex 6.78865 4.48061 3.845
      vertex 6.78865 4.48061 3.88246
    endloop
  endfacet
  facet normal -0.999337 -0.0364019 0
    outer loop
      vertex 6.78464 4.7207 3.845
      vertex 6.77795 4.90436 3.8827
      vertex 6.77795 4.90436 3.845
    endloop
  endfacet
  facet normal -0.999337 -0.0364019 0
    outer loop
      vertex 6.77795 4.90436 3.8827
      vertex 6.78464 4.7207 3.845
      vertex 6.78464 4.7207 3.88255
    endloop
  endfacet
  facet normal -0.998153 -0.0607571 0
    outer loop
      vertex 6.77795 4.90436 3.845
      vertex 6.76857 5.05846 3.88291
      vertex 6.76857 5.05846 3.845
    endloop
  endfacet
  facet normal -0.998153 -0.0607571 0
    outer loop
      vertex 6.76857 5.05846 3.88291
      vertex 6.77795 4.90436 3.845
      vertex 6.77795 4.90436 3.8827
    endloop
  endfacet
  facet normal -0.996006 -0.0892839 0
    outer loop
      vertex 6.76857 5.05846 3.845
      vertex 6.75648 5.19333 3.88318
      vertex 6.75648 5.19333 3.845
    endloop
  endfacet
  facet normal -0.996006 -0.0892839 0
    outer loop
      vertex 6.75648 5.19333 3.88318
      vertex 6.76857 5.05846 3.845
      vertex 6.76857 5.05846 3.88291
    endloop
  endfacet
  facet normal -0.992619 -0.121277 0
    outer loop
      vertex 6.75648 5.19333 3.845
      vertex 6.7417 5.3143 3.88351
      vertex 6.7417 5.3143 3.845
    endloop
  endfacet
  facet normal -0.992619 -0.121277 0
    outer loop
      vertex 6.7417 5.3143 3.88351
      vertex 6.75648 5.19333 3.845
      vertex 6.75648 5.19333 3.88318
    endloop
  endfacet
  facet normal -0.987613 -0.156906 0
    outer loop
      vertex 6.7417 5.3143 3.845
      vertex 6.7242 5.42445 3.8839
      vertex 6.7242 5.42445 3.845
    endloop
  endfacet
  facet normal -0.987613 -0.156906 0
    outer loop
      vertex 6.7242 5.42445 3.8839
      vertex 6.7417 5.3143 3.845
      vertex 6.7417 5.3143 3.88351
    endloop
  endfacet
  facet normal -0.980618 -0.19593 0
    outer loop
      vertex 6.7242 5.42445 3.845
      vertex 6.70395 5.5258 3.88435
      vertex 6.70395 5.5258 3.845
    endloop
  endfacet
  facet normal -0.980618 -0.19593 0
    outer loop
      vertex 6.70395 5.5258 3.88435
      vertex 6.7242 5.42445 3.845
      vertex 6.7242 5.42445 3.8839
    endloop
  endfacet
  facet normal -0.971239 -0.238106 0
    outer loop
      vertex 6.70395 5.5258 3.845
      vertex 6.68092 5.61974 3.88486
      vertex 6.68092 5.61974 3.845
    endloop
  endfacet
  facet normal -0.971239 -0.238106 0
    outer loop
      vertex 6.68092 5.61974 3.88486
      vertex 6.70395 5.5258 3.845
      vertex 6.70395 5.5258 3.88435
    endloop
  endfacet
  facet normal -0.959173 -0.282819 0
    outer loop
      vertex 6.68092 5.61974 3.845
      vertex 6.65512 5.70724 3.88543
      vertex 6.65512 5.70724 3.845
    endloop
  endfacet
  facet normal -0.959173 -0.282819 0
    outer loop
      vertex 6.65512 5.70724 3.88543
      vertex 6.68092 5.61974 3.845
      vertex 6.68092 5.61974 3.88486
    endloop
  endfacet
  facet normal -0.943848 -0.330381 0
    outer loop
      vertex 6.65512 5.70724 3.845
      vertex 6.62648 5.78906 3.88607
      vertex 6.62648 5.78906 3.845
    endloop
  endfacet
  facet normal -0.943848 -0.330381 0
    outer loop
      vertex 6.62648 5.78906 3.88607
      vertex 6.65512 5.70724 3.845
      vertex 6.65512 5.70724 3.88543
    endloop
  endfacet
  facet normal -0.925052 -0.37984 0
    outer loop
      vertex 6.62648 5.78906 3.845
      vertex 6.59499 5.86575 3.88677
      vertex 6.59499 5.86575 3.845
    endloop
  endfacet
  facet normal -0.925052 -0.37984 0
    outer loop
      vertex 6.59499 5.86575 3.88677
      vertex 6.62648 5.78906 3.845
      vertex 6.62648 5.78906 3.88607
    endloop
  endfacet
  facet normal -0.902327 -0.431052 -0
    outer loop
      vertex 6.59499 5.86575 3.88677
      vertex 6.56059 5.93776 3.845
      vertex 6.59499 5.86575 3.845
    endloop
  endfacet
  facet normal -0.902327 -0.431052 0
    outer loop
      vertex 6.56059 5.93776 3.845
      vertex 6.59499 5.86575 3.88677
      vertex 6.56059 5.93776 3.88753
    endloop
  endfacet
  facet normal -0.875466 -0.483279 -0
    outer loop
      vertex 6.56059 5.93776 3.88753
      vertex 6.52324 6.00542 3.845
      vertex 6.56059 5.93776 3.845
    endloop
  endfacet
  facet normal -0.875466 -0.483279 0
    outer loop
      vertex 6.52324 6.00542 3.845
      vertex 6.56059 5.93776 3.88753
      vertex 6.52324 6.00542 3.88836
    endloop
  endfacet
  facet normal -0.844257 -0.535939 -0
    outer loop
      vertex 6.52324 6.00542 3.88836
      vertex 6.48286 6.06903 3.845
      vertex 6.52324 6.00542 3.845
    endloop
  endfacet
  facet normal -0.844257 -0.535939 0
    outer loop
      vertex 6.48286 6.06903 3.845
      vertex 6.52324 6.00542 3.88836
      vertex 6.48286 6.06903 3.88926
    endloop
  endfacet
  facet normal -0.809064 -0.587721 -0
    outer loop
      vertex 6.48286 6.06903 3.88926
      vertex 6.43942 6.12883 3.845
      vertex 6.48286 6.06903 3.845
    endloop
  endfacet
  facet normal -0.809064 -0.587721 0
    outer loop
      vertex 6.43942 6.12883 3.845
      vertex 6.48286 6.06903 3.88926
      vertex 6.43942 6.12883 3.89023
    endloop
  endfacet
  facet normal -0.769421 -0.638742 -0
    outer loop
      vertex 6.43942 6.12883 3.89023
      vertex 6.39279 6.185 3.845
      vertex 6.43942 6.12883 3.845
    endloop
  endfacet
  facet normal -0.769421 -0.638742 0
    outer loop
      vertex 6.39279 6.185 3.845
      vertex 6.43942 6.12883 3.89023
      vertex 6.39279 6.185 3.89126
    endloop
  endfacet
  facet normal -0.726206 -0.687477 -0
    outer loop
      vertex 6.39279 6.185 3.89126
      vertex 6.34291 6.23769 3.845
      vertex 6.39279 6.185 3.845
    endloop
  endfacet
  facet normal -0.726206 -0.687477 0
    outer loop
      vertex 6.34291 6.23769 3.845
      vertex 6.39279 6.185 3.89126
      vertex 6.34291 6.23769 3.89237
    endloop
  endfacet
  facet normal -0.679663 -0.733524 0
    outer loop
      vertex 6.28966 6.28703 3.845
      vertex 6.34291 6.23769 3.89237
      vertex 6.28966 6.28703 3.89356
    endloop
  endfacet
  facet normal -0.679663 -0.733524 -0
    outer loop
      vertex 6.34291 6.23769 3.89237
      vertex 6.28966 6.28703 3.845
      vertex 6.34291 6.23769 3.845
    endloop
  endfacet
  facet normal -0.630562 -0.776139 0
    outer loop
      vertex 6.23288 6.33316 3.845
      vertex 6.28966 6.28703 3.89356
      vertex 6.23288 6.33316 3.89482
    endloop
  endfacet
  facet normal -0.630562 -0.776139 -0
    outer loop
      vertex 6.28966 6.28703 3.89356
      vertex 6.23288 6.33316 3.845
      vertex 6.28966 6.28703 3.845
    endloop
  endfacet
  facet normal -0.579528 -0.814952 0
    outer loop
      vertex 6.17244 6.37614 3.845
      vertex 6.23288 6.33316 3.89482
      vertex 6.17244 6.37614 3.89616
    endloop
  endfacet
  facet normal -0.579528 -0.814952 -0
    outer loop
      vertex 6.23288 6.33316 3.89482
      vertex 6.17244 6.37614 3.845
      vertex 6.23288 6.33316 3.845
    endloop
  endfacet
  facet normal -0.527741 -0.849405 0
    outer loop
      vertex 6.10814 6.41609 3.845
      vertex 6.17244 6.37614 3.89616
      vertex 6.10814 6.41609 3.89759
    endloop
  endfacet
  facet normal -0.527741 -0.849405 -0
    outer loop
      vertex 6.17244 6.37614 3.89616
      vertex 6.10814 6.41609 3.845
      vertex 6.17244 6.37614 3.845
    endloop
  endfacet
  facet normal -0.475442 -0.879747 0
    outer loop
      vertex 6.03975 6.45305 3.845
      vertex 6.10814 6.41609 3.89759
      vertex 6.03975 6.45305 3.89911
    endloop
  endfacet
  facet normal -0.475442 -0.879747 -0
    outer loop
      vertex 6.10814 6.41609 3.89759
      vertex 6.03975 6.45305 3.845
      vertex 6.10814 6.41609 3.845
    endloop
  endfacet
  facet normal -0.423591 -0.905854 0
    outer loop
      vertex 5.96696 6.48708 3.845
      vertex 6 6.47163 3.89999
      vertex 5.96696 6.48708 3.89999
    endloop
  endfacet
  facet normal -0.423512 -0.90589 -5.75528e-05
    outer loop
      vertex 6.03975 6.45305 3.845
      vertex 6 6.47163 3.89999
      vertex 5.96696 6.48708 3.845
    endloop
  endfacet
  facet normal -0.423447 -0.905921 0
    outer loop
      vertex 6 6.47163 3.89999
      vertex 6.03975 6.45305 3.845
      vertex 6.03975 6.45305 3.89911
    endloop
  endfacet
  facet normal -0.372897 -0.927873 0
    outer loop
      vertex 5.88945 6.51823 3.845
      vertex 5.96696 6.48708 3.89999
      vertex 5.88945 6.51823 3.89999
    endloop
  endfacet
  facet normal -0.372897 -0.927873 -0
    outer loop
      vertex 5.96696 6.48708 3.89999
      vertex 5.88945 6.51823 3.845
      vertex 5.96696 6.48708 3.845
    endloop
  endfacet
  facet normal -0.323973 -0.946066 0
    outer loop
      vertex 5.80675 6.54655 3.845
      vertex 5.88945 6.51823 3.89999
      vertex 5.80675 6.54655 3.89999
    endloop
  endfacet
  facet normal -0.323973 -0.946066 -0
    outer loop
      vertex 5.88945 6.51823 3.89999
      vertex 5.80675 6.54655 3.845
      vertex 5.88945 6.51823 3.845
    endloop
  endfacet
  facet normal -0.277488 -0.960729 0
    outer loop
      vertex 5.71829 6.5721 3.845
      vertex 5.80675 6.54655 3.89999
      vertex 5.71829 6.5721 3.89999
    endloop
  endfacet
  facet normal -0.277488 -0.960729 -0
    outer loop
      vertex 5.80675 6.54655 3.89999
      vertex 5.71829 6.5721 3.845
      vertex 5.80675 6.54655 3.845
    endloop
  endfacet
  facet normal -0.233125 -0.972447 0
    outer loop
      vertex 5.62335 6.59486 3.845
      vertex 5.71829 6.5721 3.89999
      vertex 5.62335 6.59486 3.89999
    endloop
  endfacet
  facet normal -0.233125 -0.972447 -0
    outer loop
      vertex 5.71829 6.5721 3.89999
      vertex 5.62335 6.59486 3.845
      vertex 5.71829 6.5721 3.845
    endloop
  endfacet
  facet normal -0.191969 -0.981401 0
    outer loop
      vertex 5.5209 6.6149 3.845
      vertex 5.62335 6.59486 3.89999
      vertex 5.5209 6.6149 3.89999
    endloop
  endfacet
  facet normal -0.191969 -0.981401 -0
    outer loop
      vertex 5.62335 6.59486 3.89999
      vertex 5.5209 6.6149 3.845
      vertex 5.62335 6.59486 3.845
    endloop
  endfacet
  facet normal -0.153711 -0.988116 0
    outer loop
      vertex 5.40956 6.63222 3.845
      vertex 5.5209 6.6149 3.89999
      vertex 5.40956 6.63222 3.89999
    endloop
  endfacet
  facet normal -0.153711 -0.988116 -0
    outer loop
      vertex 5.5209 6.6149 3.89999
      vertex 5.40956 6.63222 3.845
      vertex 5.5209 6.6149 3.845
    endloop
  endfacet
  facet normal -0.118806 -0.992918 0
    outer loop
      vertex 5.28729 6.64685 3.845
      vertex 5.40956 6.63222 3.89999
      vertex 5.28729 6.64685 3.89999
    endloop
  endfacet
  facet normal -0.118806 -0.992918 -0
    outer loop
      vertex 5.40956 6.63222 3.89999
      vertex 5.28729 6.64685 3.845
      vertex 5.40956 6.63222 3.845
    endloop
  endfacet
  facet normal -0.0873201 -0.99618 0
    outer loop
      vertex 5.15096 6.6588 3.845
      vertex 5.28729 6.64685 3.89999
      vertex 5.15096 6.6588 3.89999
    endloop
  endfacet
  facet normal -0.0873201 -0.99618 -0
    outer loop
      vertex 5.28729 6.64685 3.89999
      vertex 5.15096 6.6588 3.845
      vertex 5.28729 6.64685 3.845
    endloop
  endfacet
  facet normal -0.0594696 -0.99823 0
    outer loop
      vertex 4.99519 6.66808 3.845
      vertex 5.15096 6.6588 3.89999
      vertex 4.99519 6.66808 3.89999
    endloop
  endfacet
  facet normal -0.0594696 -0.99823 -0
    outer loop
      vertex 5.15096 6.6588 3.89999
      vertex 4.99519 6.66808 3.845
      vertex 5.15096 6.6588 3.845
    endloop
  endfacet
  facet normal -0.0356416 -0.999365 0
    outer loop
      vertex 4.80957 6.6747 3.845
      vertex 4.99519 6.66808 3.89999
      vertex 4.80957 6.6747 3.89999
    endloop
  endfacet
  facet normal -0.0356416 -0.999365 -0
    outer loop
      vertex 4.99519 6.66808 3.89999
      vertex 4.80957 6.6747 3.845
      vertex 4.99519 6.66808 3.845
    endloop
  endfacet
  facet normal -0.0163548 -0.999866 0
    outer loop
      vertex 4.56686 6.67867 3.845
      vertex 4.80957 6.6747 3.89999
      vertex 4.56686 6.67867 3.89999
    endloop
  endfacet
  facet normal -0.0163548 -0.999866 -0
    outer loop
      vertex 4.80957 6.6747 3.89999
      vertex 4.56686 6.67867 3.845
      vertex 4.80957 6.6747 3.845
    endloop
  endfacet
  facet normal -0.00224925 -0.999997 0
    outer loop
      vertex 3.98 6.67999 3.845
      vertex 4.56686 6.67867 3.89999
      vertex 3.98 6.67999 3.89999
    endloop
  endfacet
  facet normal -0.00224925 -0.999997 -0
    outer loop
      vertex 4.56686 6.67867 3.89999
      vertex 3.98 6.67999 3.845
      vertex 4.56686 6.67867 3.845
    endloop
  endfacet
  facet normal 0.00224914 -0.999997 0
    outer loop
      vertex 3.39311 6.67867 3.845
      vertex 3.98 6.67999 3.89999
      vertex 3.39311 6.67867 3.89999
    endloop
  endfacet
  facet normal 0.00224914 -0.999997 0
    outer loop
      vertex 3.98 6.67999 3.89999
      vertex 3.39311 6.67867 3.845
      vertex 3.98 6.67999 3.845
    endloop
  endfacet
  facet normal 0.0163561 -0.999866 0
    outer loop
      vertex 3.15042 6.6747 3.845
      vertex 3.39311 6.67867 3.89999
      vertex 3.15042 6.6747 3.89999
    endloop
  endfacet
  facet normal 0.0163561 -0.999866 0
    outer loop
      vertex 3.39311 6.67867 3.89999
      vertex 3.15042 6.6747 3.845
      vertex 3.39311 6.67867 3.845
    endloop
  endfacet
  facet normal 0.0356378 -0.999365 0
    outer loop
      vertex 2.96478 6.66808 3.845
      vertex 3.15042 6.6747 3.89999
      vertex 2.96478 6.66808 3.89999
    endloop
  endfacet
  facet normal 0.0356378 -0.999365 0
    outer loop
      vertex 3.15042 6.6747 3.89999
      vertex 2.96478 6.66808 3.845
      vertex 3.15042 6.6747 3.845
    endloop
  endfacet
  facet normal 0.059481 -0.998229 0
    outer loop
      vertex 2.80904 6.6588 3.845
      vertex 2.96478 6.66808 3.89999
      vertex 2.80904 6.6588 3.89999
    endloop
  endfacet
  facet normal 0.059481 -0.998229 0
    outer loop
      vertex 2.96478 6.66808 3.89999
      vertex 2.80904 6.6588 3.845
      vertex 2.96478 6.66808 3.845
    endloop
  endfacet
  facet normal 0.0873138 -0.996181 0
    outer loop
      vertex 2.6727 6.64685 3.845
      vertex 2.80904 6.6588 3.89999
      vertex 2.6727 6.64685 3.89999
    endloop
  endfacet
  facet normal 0.0873138 -0.996181 0
    outer loop
      vertex 2.80904 6.6588 3.89999
      vertex 2.6727 6.64685 3.845
      vertex 2.80904 6.6588 3.845
    endloop
  endfacet
  facet normal 0.118806 -0.992918 0
    outer loop
      vertex 2.55043 6.63222 3.845
      vertex 2.6727 6.64685 3.89999
      vertex 2.55043 6.63222 3.89999
    endloop
  endfacet
  facet normal 0.118806 -0.992918 0
    outer loop
      vertex 2.6727 6.64685 3.89999
      vertex 2.55043 6.63222 3.845
      vertex 2.6727 6.64685 3.845
    endloop
  endfacet
  facet normal 0.153711 -0.988116 0
    outer loop
      vertex 2.43909 6.6149 3.845
      vertex 2.55043 6.63222 3.89999
      vertex 2.43909 6.6149 3.89999
    endloop
  endfacet
  facet normal 0.153711 -0.988116 0
    outer loop
      vertex 2.55043 6.63222 3.89999
      vertex 2.43909 6.6149 3.845
      vertex 2.55043 6.63222 3.845
    endloop
  endfacet
  facet normal 0.191969 -0.981401 0
    outer loop
      vertex 2.33664 6.59486 3.845
      vertex 2.43909 6.6149 3.89999
      vertex 2.33664 6.59486 3.89999
    endloop
  endfacet
  facet normal 0.191969 -0.981401 0
    outer loop
      vertex 2.43909 6.6149 3.89999
      vertex 2.33664 6.59486 3.845
      vertex 2.43909 6.6149 3.845
    endloop
  endfacet
  facet normal 0.233079 -0.972458 0
    outer loop
      vertex 2.24168 6.5721 3.845
      vertex 2.33664 6.59486 3.89999
      vertex 2.24168 6.5721 3.89999
    endloop
  endfacet
  facet normal 0.233079 -0.972458 0
    outer loop
      vertex 2.33664 6.59486 3.89999
      vertex 2.24168 6.5721 3.845
      vertex 2.33664 6.59486 3.845
    endloop
  endfacet
  facet normal 0.277546 -0.960712 0
    outer loop
      vertex 2.15324 6.54655 3.845
      vertex 2.24168 6.5721 3.89999
      vertex 2.15324 6.54655 3.89999
    endloop
  endfacet
  facet normal 0.277546 -0.960712 0
    outer loop
      vertex 2.24168 6.5721 3.89999
      vertex 2.15324 6.54655 3.845
      vertex 2.24168 6.5721 3.845
    endloop
  endfacet
  facet normal 0.323973 -0.946066 0
    outer loop
      vertex 2.07054 6.51823 3.845
      vertex 2.15324 6.54655 3.89999
      vertex 2.07054 6.51823 3.89999
    endloop
  endfacet
  facet normal 0.323973 -0.946066 0
    outer loop
      vertex 2.15324 6.54655 3.89999
      vertex 2.07054 6.51823 3.845
      vertex 2.15324 6.54655 3.845
    endloop
  endfacet
  facet normal 0.372767 -0.927925 0
    outer loop
      vertex 1.99303 6.48708 3.845
      vertex 2 6.48988 3.89999
      vertex 1.99303 6.48708 3.89985
    endloop
  endfacet
  facet normal 0.372897 -0.927873 -1.90482e-05
    outer loop
      vertex 2.07054 6.51823 3.845
      vertex 2 6.48988 3.89999
      vertex 1.99303 6.48708 3.845
    endloop
  endfacet
  facet normal 0.37291 -0.927868 0
    outer loop
      vertex 2 6.48988 3.89999
      vertex 2.07054 6.51823 3.845
      vertex 2.07054 6.51823 3.89999
    endloop
  endfacet
  facet normal 0.423512 -0.90589 0
    outer loop
      vertex 1.99303 6.48708 3.845
      vertex 1.92024 6.45305 3.8984
      vertex 1.92024 6.45305 3.845
    endloop
  endfacet
  facet normal 0.423512 -0.90589 0
    outer loop
      vertex 1.92024 6.45305 3.8984
      vertex 1.99303 6.48708 3.845
      vertex 1.99303 6.48708 3.89985
    endloop
  endfacet
  facet normal 0.475388 -0.879776 0
    outer loop
      vertex 1.92024 6.45305 3.845
      vertex 1.85184 6.41609 3.89703
      vertex 1.85184 6.41609 3.845
    endloop
  endfacet
  facet normal 0.475388 -0.879776 0
    outer loop
      vertex 1.85184 6.41609 3.89703
      vertex 1.92024 6.45305 3.845
      vertex 1.92024 6.45305 3.8984
    endloop
  endfacet
  facet normal 0.527741 -0.849405 0
    outer loop
      vertex 1.85184 6.41609 3.845
      vertex 1.78754 6.37614 3.89574
      vertex 1.78754 6.37614 3.845
    endloop
  endfacet
  facet normal 0.527741 -0.849405 0
    outer loop
      vertex 1.78754 6.37614 3.89574
      vertex 1.85184 6.41609 3.845
      vertex 1.85184 6.41609 3.89703
    endloop
  endfacet
  facet normal 0.579528 -0.814952 0
    outer loop
      vertex 1.78754 6.37614 3.845
      vertex 1.7271 6.33316 3.89453
      vertex 1.7271 6.33316 3.845
    endloop
  endfacet
  facet normal 0.579528 -0.814952 0
    outer loop
      vertex 1.7271 6.33316 3.89453
      vertex 1.78754 6.37614 3.845
      vertex 1.78754 6.37614 3.89574
    endloop
  endfacet
  facet normal 0.630629 -0.776085 0
    outer loop
      vertex 1.7271 6.33316 3.845
      vertex 1.67033 6.28703 3.8934
      vertex 1.67033 6.28703 3.845
    endloop
  endfacet
  facet normal 0.630629 -0.776085 0
    outer loop
      vertex 1.67033 6.28703 3.8934
      vertex 1.7271 6.33316 3.845
      vertex 1.7271 6.33316 3.89453
    endloop
  endfacet
  facet normal 0.679663 -0.733524 0
    outer loop
      vertex 1.67033 6.28703 3.845
      vertex 1.61708 6.23769 3.89233
      vertex 1.61708 6.23769 3.845
    endloop
  endfacet
  facet normal 0.679663 -0.733524 0
    outer loop
      vertex 1.61708 6.23769 3.89233
      vertex 1.67033 6.28703 3.845
      vertex 1.67033 6.28703 3.8934
    endloop
  endfacet
  facet normal 0.726069 -0.687622 0
    outer loop
      vertex 1.56718 6.185 3.89134
      vertex 1.61708 6.23769 3.845
      vertex 1.61708 6.23769 3.89233
    endloop
  endfacet
  facet normal 0.726069 -0.687622 0
    outer loop
      vertex 1.61708 6.23769 3.845
      vertex 1.56718 6.185 3.89134
      vertex 1.56718 6.185 3.845
    endloop
  endfacet
  facet normal 0.769556 -0.638579 0
    outer loop
      vertex 1.52057 6.12883 3.8904
      vertex 1.56718 6.185 3.845
      vertex 1.56718 6.185 3.89134
    endloop
  endfacet
  facet normal 0.769556 -0.638579 0
    outer loop
      vertex 1.56718 6.185 3.845
      vertex 1.52057 6.12883 3.8904
      vertex 1.52057 6.12883 3.845
    endloop
  endfacet
  facet normal 0.808935 -0.587898 0
    outer loop
      vertex 1.47711 6.06903 3.88953
      vertex 1.52057 6.12883 3.845
      vertex 1.52057 6.12883 3.8904
    endloop
  endfacet
  facet normal 0.808935 -0.587898 0
    outer loop
      vertex 1.52057 6.12883 3.845
      vertex 1.47711 6.06903 3.88953
      vertex 1.47711 6.06903 3.845
    endloop
  endfacet
  facet normal 0.844377 -0.53575 0
    outer loop
      vertex 1.43675 6.00542 3.88873
      vertex 1.47711 6.06903 3.845
      vertex 1.47711 6.06903 3.88953
    endloop
  endfacet
  facet normal 0.844377 -0.53575 0
    outer loop
      vertex 1.47711 6.06903 3.845
      vertex 1.43675 6.00542 3.88873
      vertex 1.43675 6.00542 3.845
    endloop
  endfacet
  facet normal 0.875357 -0.483477 0
    outer loop
      vertex 1.39938 5.93776 3.88798
      vertex 1.43675 6.00542 3.845
      vertex 1.43675 6.00542 3.88873
    endloop
  endfacet
  facet normal 0.875357 -0.483477 0
    outer loop
      vertex 1.43675 6.00542 3.845
      vertex 1.39938 5.93776 3.88798
      vertex 1.39938 5.93776 3.845
    endloop
  endfacet
  facet normal 0.902376 -0.43095 0
    outer loop
      vertex 1.36499 5.86575 3.88729
      vertex 1.39938 5.93776 3.845
      vertex 1.39938 5.93776 3.88798
    endloop
  endfacet
  facet normal 0.902376 -0.43095 0
    outer loop
      vertex 1.39938 5.93776 3.845
      vertex 1.36499 5.86575 3.88729
      vertex 1.36499 5.86575 3.845
    endloop
  endfacet
  facet normal 0.925052 -0.37984 0
    outer loop
      vertex 1.3335 5.78906 3.88666
      vertex 1.36499 5.86575 3.845
      vertex 1.36499 5.86575 3.88729
    endloop
  endfacet
  facet normal 0.925052 -0.37984 0
    outer loop
      vertex 1.36499 5.86575 3.845
      vertex 1.3335 5.78906 3.88666
      vertex 1.3335 5.78906 3.845
    endloop
  endfacet
  facet normal 0.943884 -0.330278 0
    outer loop
      vertex 1.30487 5.70724 3.88609
      vertex 1.3335 5.78906 3.845
      vertex 1.3335 5.78906 3.88666
    endloop
  endfacet
  facet normal 0.943884 -0.330278 0
    outer loop
      vertex 1.3335 5.78906 3.845
      vertex 1.30487 5.70724 3.88609
      vertex 1.30487 5.70724 3.845
    endloop
  endfacet
  facet normal 0.959114 -0.283021 0
    outer loop
      vertex 1.27905 5.61974 3.88557
      vertex 1.30487 5.70724 3.845
      vertex 1.30487 5.70724 3.88609
    endloop
  endfacet
  facet normal 0.959114 -0.283021 0
    outer loop
      vertex 1.30487 5.70724 3.845
      vertex 1.27905 5.61974 3.88557
      vertex 1.27905 5.61974 3.845
    endloop
  endfacet
  facet normal 0.971287 -0.237911 0
    outer loop
      vertex 1.25604 5.5258 3.88511
      vertex 1.27905 5.61974 3.845
      vertex 1.27905 5.61974 3.88557
    endloop
  endfacet
  facet normal 0.971287 -0.237911 0
    outer loop
      vertex 1.27905 5.61974 3.845
      vertex 1.25604 5.5258 3.88511
      vertex 1.25604 5.5258 3.845
    endloop
  endfacet
  facet normal 0.980618 -0.19593 0
    outer loop
      vertex 1.23579 5.42445 3.88471
      vertex 1.25604 5.5258 3.845
      vertex 1.25604 5.5258 3.88511
    endloop
  endfacet
  facet normal 0.980618 -0.19593 0
    outer loop
      vertex 1.25604 5.5258 3.845
      vertex 1.23579 5.42445 3.88471
      vertex 1.23579 5.42445 3.845
    endloop
  endfacet
  facet normal 0.9876 -0.156994 0
    outer loop
      vertex 1.21828 5.3143 3.88436
      vertex 1.23579 5.42445 3.845
      vertex 1.23579 5.42445 3.88471
    endloop
  endfacet
  facet normal 0.9876 -0.156994 0
    outer loop
      vertex 1.23579 5.42445 3.845
      vertex 1.21828 5.3143 3.88436
      vertex 1.21828 5.3143 3.845
    endloop
  endfacet
  facet normal 0.992609 -0.121358 0
    outer loop
      vertex 1.20349 5.19333 3.88406
      vertex 1.21828 5.3143 3.845
      vertex 1.21828 5.3143 3.88436
    endloop
  endfacet
  facet normal 0.992609 -0.121358 0
    outer loop
      vertex 1.21828 5.3143 3.845
      vertex 1.20349 5.19333 3.88406
      vertex 1.20349 5.19333 3.845
    endloop
  endfacet
  facet normal 0.996019 -0.0891373 0
    outer loop
      vertex 1.19142 5.05846 3.88382
      vertex 1.20349 5.19333 3.845
      vertex 1.20349 5.19333 3.88406
    endloop
  endfacet
  facet normal 0.996019 -0.0891373 0
    outer loop
      vertex 1.20349 5.19333 3.845
      vertex 1.19142 5.05846 3.88382
      vertex 1.19142 5.05846 3.845
    endloop
  endfacet
  facet normal 0.998153 -0.0607571 0
    outer loop
      vertex 1.18204 4.90436 3.88363
      vertex 1.19142 5.05846 3.845
      vertex 1.19142 5.05846 3.88382
    endloop
  endfacet
  facet normal 0.998153 -0.0607571 0
    outer loop
      vertex 1.19142 5.05846 3.845
      vertex 1.18204 4.90436 3.88363
      vertex 1.18204 4.90436 3.845
    endloop
  endfacet
  facet normal 0.999335 -0.0364562 0
    outer loop
      vertex 1.17534 4.7207 3.8835
      vertex 1.18204 4.90436 3.845
      vertex 1.18204 4.90436 3.88363
    endloop
  endfacet
  facet normal 0.999335 -0.0364562 0
    outer loop
      vertex 1.18204 4.90436 3.845
      vertex 1.17534 4.7207 3.8835
      vertex 1.17534 4.7207 3.845
    endloop
  endfacet
  facet normal 0.999861 -0.0166997 0
    outer loop
      vertex 1.17133 4.48061 3.88342
      vertex 1.17534 4.7207 3.845
      vertex 1.17534 4.7207 3.8835
    endloop
  endfacet
  facet normal 0.999861 -0.0166997 0
    outer loop
      vertex 1.17534 4.7207 3.845
      vertex 1.17133 4.48061 3.88342
      vertex 1.17133 4.48061 3.845
    endloop
  endfacet
  facet normal 0.999997 -0.00229065 0
    outer loop
      vertex 1.17 3.89999 3.88339
      vertex 1.17133 4.48061 3.845
      vertex 1.17133 4.48061 3.88342
    endloop
  endfacet
  facet normal 0.999997 -0.00229065 0
    outer loop
      vertex 1.17133 4.48061 3.845
      vertex 1.17 3.89999 3.88339
      vertex 1.17 3.89999 3.845
    endloop
  endfacet
  facet normal 0.999997 0.00229069 0
    outer loop
      vertex 1.17133 3.31938 3.88342
      vertex 1.17 3.89999 3.845
      vertex 1.17 3.89999 3.88339
    endloop
  endfacet
  facet normal 0.999997 0.00229069 0
    outer loop
      vertex 1.17 3.89999 3.845
      vertex 1.17133 3.31938 3.88342
      vertex 1.17133 3.31938 3.845
    endloop
  endfacet
  facet normal 0.999861 0.0166984 0
    outer loop
      vertex 1.17534 3.07927 3.8835
      vertex 1.17133 3.31938 3.845
      vertex 1.17133 3.31938 3.88342
    endloop
  endfacet
  facet normal 0.999861 0.0166984 0
    outer loop
      vertex 1.17133 3.31938 3.845
      vertex 1.17534 3.07927 3.8835
      vertex 1.17534 3.07927 3.845
    endloop
  endfacet
  facet normal 0.999335 0.0364602 0
    outer loop
      vertex 1.18204 2.89563 3.88363
      vertex 1.17534 3.07927 3.845
      vertex 1.17534 3.07927 3.8835
    endloop
  endfacet
  facet normal 0.999335 0.0364602 0
    outer loop
      vertex 1.17534 3.07927 3.845
      vertex 1.18204 2.89563 3.88363
      vertex 1.18204 2.89563 3.845
    endloop
  endfacet
  facet normal 0.998153 0.0607571 0
    outer loop
      vertex 1.19142 2.74153 3.88382
      vertex 1.18204 2.89563 3.845
      vertex 1.18204 2.89563 3.88363
    endloop
  endfacet
  facet normal 0.998153 0.0607571 0
    outer loop
      vertex 1.18204 2.89563 3.845
      vertex 1.19142 2.74153 3.88382
      vertex 1.19142 2.74153 3.845
    endloop
  endfacet
  facet normal 0.996021 0.0891242 0
    outer loop
      vertex 1.20349 2.60664 3.88406
      vertex 1.19142 2.74153 3.845
      vertex 1.19142 2.74153 3.88382
    endloop
  endfacet
  facet normal 0.996021 0.0891242 0
    outer loop
      vertex 1.19142 2.74153 3.845
      vertex 1.20349 2.60664 3.88406
      vertex 1.20349 2.60664 3.845
    endloop
  endfacet
  facet normal 0.992606 0.121378 0
    outer loop
      vertex 1.21828 2.48569 3.88436
      vertex 1.20349 2.60664 3.845
      vertex 1.20349 2.60664 3.88406
    endloop
  endfacet
  facet normal 0.992606 0.121378 0
    outer loop
      vertex 1.20349 2.60664 3.845
      vertex 1.21828 2.48569 3.88436
      vertex 1.21828 2.48569 3.845
    endloop
  endfacet
  facet normal 0.987602 0.15698 0
    outer loop
      vertex 1.23579 2.37553 3.88471
      vertex 1.21828 2.48569 3.845
      vertex 1.21828 2.48569 3.88436
    endloop
  endfacet
  facet normal 0.987602 0.15698 0
    outer loop
      vertex 1.21828 2.48569 3.845
      vertex 1.23579 2.37553 3.88471
      vertex 1.23579 2.37553 3.845
    endloop
  endfacet
  facet normal 0.980614 0.195949 0
    outer loop
      vertex 1.25604 2.27419 3.88511
      vertex 1.23579 2.37553 3.845
      vertex 1.23579 2.37553 3.88471
    endloop
  endfacet
  facet normal 0.980614 0.195949 0
    outer loop
      vertex 1.23579 2.37553 3.845
      vertex 1.25604 2.27419 3.88511
      vertex 1.25604 2.27419 3.845
    endloop
  endfacet
  facet normal 0.971287 0.237911 0
    outer loop
      vertex 1.27905 2.18025 3.88557
      vertex 1.25604 2.27419 3.845
      vertex 1.25604 2.27419 3.88511
    endloop
  endfacet
  facet normal 0.971287 0.237911 0
    outer loop
      vertex 1.25604 2.27419 3.845
      vertex 1.27905 2.18025 3.88557
      vertex 1.27905 2.18025 3.845
    endloop
  endfacet
  facet normal 0.959123 0.282991 0
    outer loop
      vertex 1.30487 2.09274 3.88609
      vertex 1.27905 2.18025 3.845
      vertex 1.27905 2.18025 3.88557
    endloop
  endfacet
  facet normal 0.959123 0.282991 0
    outer loop
      vertex 1.27905 2.18025 3.845
      vertex 1.30487 2.09274 3.88609
      vertex 1.30487 2.09274 3.845
    endloop
  endfacet
  facet normal 0.943871 0.330314 0
    outer loop
      vertex 1.3335 2.01093 3.88666
      vertex 1.30487 2.09274 3.845
      vertex 1.30487 2.09274 3.88609
    endloop
  endfacet
  facet normal 0.943871 0.330314 0
    outer loop
      vertex 1.30487 2.09274 3.845
      vertex 1.3335 2.01093 3.88666
      vertex 1.3335 2.01093 3.845
    endloop
  endfacet
  facet normal 0.92507 0.379797 0
    outer loop
      vertex 1.36499 1.93423 3.88729
      vertex 1.3335 2.01093 3.845
      vertex 1.3335 2.01093 3.88666
    endloop
  endfacet
  facet normal 0.92507 0.379797 0
    outer loop
      vertex 1.3335 2.01093 3.845
      vertex 1.36499 1.93423 3.88729
      vertex 1.36499 1.93423 3.845
    endloop
  endfacet
  facet normal 0.902353 0.430999 0
    outer loop
      vertex 1.39938 1.86223 3.88798
      vertex 1.36499 1.93423 3.845
      vertex 1.36499 1.93423 3.88729
    endloop
  endfacet
  facet normal 0.902353 0.430999 0
    outer loop
      vertex 1.36499 1.93423 3.845
      vertex 1.39938 1.86223 3.88798
      vertex 1.39938 1.86223 3.845
    endloop
  endfacet
  facet normal 0.875357 0.483477 -0
    outer loop
      vertex 1.43675 1.79457 3.845
      vertex 1.39938 1.86223 3.88798
      vertex 1.43675 1.79457 3.88873
    endloop
  endfacet
  facet normal 0.875357 0.483477 0
    outer loop
      vertex 1.39938 1.86223 3.88798
      vertex 1.43675 1.79457 3.845
      vertex 1.39938 1.86223 3.845
    endloop
  endfacet
  facet normal 0.844453 0.53563 -0
    outer loop
      vertex 1.47711 1.73094 3.845
      vertex 1.43675 1.79457 3.88873
      vertex 1.47711 1.73094 3.88953
    endloop
  endfacet
  facet normal 0.844453 0.53563 0
    outer loop
      vertex 1.43675 1.79457 3.88873
      vertex 1.47711 1.73094 3.845
      vertex 1.43675 1.79457 3.845
    endloop
  endfacet
  facet normal 0.808841 0.588027 -0
    outer loop
      vertex 1.52057 1.67116 3.845
      vertex 1.47711 1.73094 3.88953
      vertex 1.52057 1.67116 3.8904
    endloop
  endfacet
  facet normal 0.808841 0.588027 0
    outer loop
      vertex 1.47711 1.73094 3.88953
      vertex 1.52057 1.67116 3.845
      vertex 1.47711 1.73094 3.845
    endloop
  endfacet
  facet normal 0.769556 0.638579 -0
    outer loop
      vertex 1.56718 1.61499 3.845
      vertex 1.52057 1.67116 3.8904
      vertex 1.56718 1.61499 3.89134
    endloop
  endfacet
  facet normal 0.769556 0.638579 0
    outer loop
      vertex 1.52057 1.67116 3.8904
      vertex 1.56718 1.61499 3.845
      vertex 1.52057 1.67116 3.845
    endloop
  endfacet
  facet normal 0.726069 0.687622 -0
    outer loop
      vertex 1.61708 1.5623 3.845
      vertex 1.56718 1.61499 3.89134
      vertex 1.61708 1.5623 3.89233
    endloop
  endfacet
  facet normal 0.726069 0.687622 0
    outer loop
      vertex 1.56718 1.61499 3.89134
      vertex 1.61708 1.5623 3.845
      vertex 1.56718 1.61499 3.845
    endloop
  endfacet
  facet normal 0.679738 0.733455 -0
    outer loop
      vertex 1.67033 1.51295 3.845
      vertex 1.61708 1.5623 3.89233
      vertex 1.67033 1.51295 3.8934
    endloop
  endfacet
  facet normal 0.679738 0.733455 0
    outer loop
      vertex 1.61708 1.5623 3.89233
      vertex 1.67033 1.51295 3.845
      vertex 1.61708 1.5623 3.845
    endloop
  endfacet
  facet normal 0.630546 0.776152 -0
    outer loop
      vertex 1.7271 1.46683 3.845
      vertex 1.67033 1.51295 3.8934
      vertex 1.7271 1.46683 3.89453
    endloop
  endfacet
  facet normal 0.630546 0.776152 0
    outer loop
      vertex 1.67033 1.51295 3.8934
      vertex 1.7271 1.46683 3.845
      vertex 1.67033 1.51295 3.845
    endloop
  endfacet
  facet normal 0.579707 0.814825 -0
    outer loop
      vertex 1.78754 1.42383 3.845
      vertex 1.7271 1.46683 3.89453
      vertex 1.78754 1.42383 3.89574
    endloop
  endfacet
  facet normal 0.579707 0.814825 0
    outer loop
      vertex 1.7271 1.46683 3.89453
      vertex 1.78754 1.42383 3.845
      vertex 1.7271 1.46683 3.845
    endloop
  endfacet
  facet normal 0.52755 0.849524 -0
    outer loop
      vertex 1.85184 1.3839 3.845
      vertex 1.78754 1.42383 3.89574
      vertex 1.85184 1.3839 3.89703
    endloop
  endfacet
  facet normal 0.52755 0.849524 0
    outer loop
      vertex 1.78754 1.42383 3.89574
      vertex 1.85184 1.3839 3.845
      vertex 1.78754 1.42383 3.845
    endloop
  endfacet
  facet normal 0.475388 0.879776 -0
    outer loop
      vertex 1.92024 1.34694 3.845
      vertex 1.85184 1.3839 3.89703
      vertex 1.92024 1.34694 3.8984
    endloop
  endfacet
  facet normal 0.475388 0.879776 0
    outer loop
      vertex 1.85184 1.3839 3.89703
      vertex 1.92024 1.34694 3.845
      vertex 1.85184 1.3839 3.845
    endloop
  endfacet
  facet normal 0.423512 0.90589 -0
    outer loop
      vertex 1.99303 1.31291 3.845
      vertex 1.92024 1.34694 3.8984
      vertex 1.99303 1.31291 3.89985
    endloop
  endfacet
  facet normal 0.423512 0.90589 0
    outer loop
      vertex 1.92024 1.34694 3.8984
      vertex 1.99303 1.31291 3.845
      vertex 1.92024 1.34694 3.845
    endloop
  endfacet
  facet normal 0.373023 0.927822 -0
    outer loop
      vertex 2.07054 1.28175 3.845
      vertex 2 1.31011 3.89999
      vertex 2.07054 1.28175 3.89999
    endloop
  endfacet
  facet normal 0.373 0.927831 -3.422e-05
    outer loop
      vertex 1.99303 1.31291 3.845
      vertex 2 1.31011 3.89999
      vertex 2.07054 1.28175 3.845
    endloop
  endfacet
  facet normal 0.372767 0.927925 0
    outer loop
      vertex 2 1.31011 3.89999
      vertex 1.99303 1.31291 3.845
      vertex 1.99303 1.31291 3.89985
    endloop
  endfacet
  facet normal 0.323973 0.946066 -0
    outer loop
      vertex 2.15324 1.25343 3.845
      vertex 2.07054 1.28175 3.89999
      vertex 2.15324 1.25343 3.89999
    endloop
  endfacet
  facet normal 0.323973 0.946066 0
    outer loop
      vertex 2.07054 1.28175 3.89999
      vertex 2.15324 1.25343 3.845
      vertex 2.07054 1.28175 3.845
    endloop
  endfacet
  facet normal 0.277446 0.960741 -0
    outer loop
      vertex 2.24168 1.22789 3.845
      vertex 2.15324 1.25343 3.89999
      vertex 2.24168 1.22789 3.89999
    endloop
  endfacet
  facet normal 0.277446 0.960741 0
    outer loop
      vertex 2.15324 1.25343 3.89999
      vertex 2.24168 1.22789 3.845
      vertex 2.15324 1.25343 3.845
    endloop
  endfacet
  facet normal 0.233175 0.972435 -0
    outer loop
      vertex 2.33664 1.20512 3.845
      vertex 2.24168 1.22789 3.89999
      vertex 2.33664 1.20512 3.89999
    endloop
  endfacet
  facet normal 0.233175 0.972435 0
    outer loop
      vertex 2.24168 1.22789 3.89999
      vertex 2.33664 1.20512 3.845
      vertex 2.24168 1.22789 3.845
    endloop
  endfacet
  facet normal 0.191877 0.981419 -0
    outer loop
      vertex 2.43909 1.18509 3.845
      vertex 2.33664 1.20512 3.89999
      vertex 2.43909 1.18509 3.89999
    endloop
  endfacet
  facet normal 0.191877 0.981419 0
    outer loop
      vertex 2.33664 1.20512 3.89999
      vertex 2.43909 1.18509 3.845
      vertex 2.33664 1.20512 3.845
    endloop
  endfacet
  facet normal 0.153711 0.988116 -0
    outer loop
      vertex 2.55043 1.16777 3.845
      vertex 2.43909 1.18509 3.89999
      vertex 2.55043 1.16777 3.89999
    endloop
  endfacet
  facet normal 0.153711 0.988116 0
    outer loop
      vertex 2.43909 1.18509 3.89999
      vertex 2.55043 1.16777 3.845
      vertex 2.43909 1.18509 3.845
    endloop
  endfacet
  facet normal 0.118806 0.992918 -0
    outer loop
      vertex 2.6727 1.15314 3.845
      vertex 2.55043 1.16777 3.89999
      vertex 2.6727 1.15314 3.89999
    endloop
  endfacet
  facet normal 0.118806 0.992918 0
    outer loop
      vertex 2.55043 1.16777 3.89999
      vertex 2.6727 1.15314 3.845
      vertex 2.55043 1.16777 3.845
    endloop
  endfacet
  facet normal 0.0873138 0.996181 -0
    outer loop
      vertex 2.80904 1.14119 3.845
      vertex 2.6727 1.15314 3.89999
      vertex 2.80904 1.14119 3.89999
    endloop
  endfacet
  facet normal 0.0873138 0.996181 0
    outer loop
      vertex 2.6727 1.15314 3.89999
      vertex 2.80904 1.14119 3.845
      vertex 2.6727 1.15314 3.845
    endloop
  endfacet
  facet normal 0.059481 0.998229 -0
    outer loop
      vertex 2.96478 1.13191 3.845
      vertex 2.80904 1.14119 3.89999
      vertex 2.96478 1.13191 3.89999
    endloop
  endfacet
  facet normal 0.059481 0.998229 0
    outer loop
      vertex 2.80904 1.14119 3.89999
      vertex 2.96478 1.13191 3.845
      vertex 2.80904 1.14119 3.845
    endloop
  endfacet
  facet normal 0.0356378 0.999365 -0
    outer loop
      vertex 3.15042 1.12529 3.845
      vertex 2.96478 1.13191 3.89999
      vertex 3.15042 1.12529 3.89999
    endloop
  endfacet
  facet normal 0.0356378 0.999365 0
    outer loop
      vertex 2.96478 1.13191 3.89999
      vertex 3.15042 1.12529 3.845
      vertex 2.96478 1.13191 3.845
    endloop
  endfacet
  facet normal 0.0163561 0.999866 -0
    outer loop
      vertex 3.39311 1.12132 3.845
      vertex 3.15042 1.12529 3.89999
      vertex 3.39311 1.12132 3.89999
    endloop
  endfacet
  facet normal 0.0163561 0.999866 0
    outer loop
      vertex 3.15042 1.12529 3.89999
      vertex 3.39311 1.12132 3.845
      vertex 3.15042 1.12529 3.845
    endloop
  endfacet
  facet normal 0.00224914 0.999997 -0
    outer loop
      vertex 3.98 1.12 3.845
      vertex 3.39311 1.12132 3.89999
      vertex 3.98 1.12 3.89999
    endloop
  endfacet
  facet normal 0.00224914 0.999997 0
    outer loop
      vertex 3.39311 1.12132 3.89999
      vertex 3.98 1.12 3.845
      vertex 3.39311 1.12132 3.845
    endloop
  endfacet
  facet normal -0.00224925 0.999997 0
    outer loop
      vertex 4.56686 1.12132 3.845
      vertex 3.98 1.12 3.89999
      vertex 4.56686 1.12132 3.89999
    endloop
  endfacet
  facet normal -0.00224925 0.999997 0
    outer loop
      vertex 3.98 1.12 3.89999
      vertex 4.56686 1.12132 3.845
      vertex 3.98 1.12 3.845
    endloop
  endfacet
  facet normal -0.0164874 -0.999864 0
    outer loop
      vertex 3.21094 1.31493 3.845
      vertex 3.43593 1.31122 3.89999
      vertex 3.21094 1.31493 3.89999
    endloop
  endfacet
  facet normal -0.0164874 -0.999864 -0
    outer loop
      vertex 3.43593 1.31122 3.89999
      vertex 3.21094 1.31493 3.845
      vertex 3.43593 1.31122 3.845
    endloop
  endfacet
  facet normal -0.0357723 -0.99936 0
    outer loop
      vertex 3.03885 1.32109 3.845
      vertex 3.21094 1.31493 3.89999
      vertex 3.03885 1.32109 3.89999
    endloop
  endfacet
  facet normal -0.0357723 -0.99936 -0
    outer loop
      vertex 3.21094 1.31493 3.89999
      vertex 3.03885 1.32109 3.845
      vertex 3.21094 1.31493 3.845
    endloop
  endfacet
  facet normal -0.0597959 -0.998211 0
    outer loop
      vertex 2.89445 1.32974 3.845
      vertex 3.03885 1.32109 3.89999
      vertex 2.89445 1.32974 3.89999
    endloop
  endfacet
  facet normal -0.0597959 -0.998211 -0
    outer loop
      vertex 3.03885 1.32109 3.89999
      vertex 2.89445 1.32974 3.845
      vertex 3.03885 1.32109 3.845
    endloop
  endfacet
  facet normal -0.0877282 -0.996144 0
    outer loop
      vertex 2.76807 1.34087 3.845
      vertex 2.89445 1.32974 3.89999
      vertex 2.76807 1.34087 3.89999
    endloop
  endfacet
  facet normal -0.0877282 -0.996144 -0
    outer loop
      vertex 2.89445 1.32974 3.89999
      vertex 2.76807 1.34087 3.845
      vertex 2.89445 1.32974 3.845
    endloop
  endfacet
  facet normal -0.119473 -0.992837 0
    outer loop
      vertex 2.65472 1.35451 3.845
      vertex 2.76807 1.34087 3.89999
      vertex 2.65472 1.35451 3.89999
    endloop
  endfacet
  facet normal -0.119473 -0.992837 -0
    outer loop
      vertex 2.76807 1.34087 3.89999
      vertex 2.65472 1.35451 3.845
      vertex 2.76807 1.34087 3.845
    endloop
  endfacet
  facet normal -0.154394 -0.988009 0
    outer loop
      vertex 2.5515 1.37064 3.845
      vertex 2.65472 1.35451 3.89999
      vertex 2.5515 1.37064 3.89999
    endloop
  endfacet
  facet normal -0.154394 -0.988009 -0
    outer loop
      vertex 2.65472 1.35451 3.89999
      vertex 2.5515 1.37064 3.845
      vertex 2.65472 1.35451 3.845
    endloop
  endfacet
  facet normal -0.192797 -0.981239 0
    outer loop
      vertex 2.45653 1.3893 3.845
      vertex 2.5515 1.37064 3.89999
      vertex 2.45653 1.3893 3.89999
    endloop
  endfacet
  facet normal -0.192797 -0.981239 -0
    outer loop
      vertex 2.5515 1.37064 3.89999
      vertex 2.45653 1.3893 3.845
      vertex 2.5515 1.37064 3.845
    endloop
  endfacet
  facet normal -0.234342 -0.972154 0
    outer loop
      vertex 2.3685 1.41052 3.845
      vertex 2.45653 1.3893 3.89999
      vertex 2.3685 1.41052 3.89999
    endloop
  endfacet
  facet normal -0.234342 -0.972154 -0
    outer loop
      vertex 2.45653 1.3893 3.89999
      vertex 2.3685 1.41052 3.845
      vertex 2.45653 1.3893 3.845
    endloop
  endfacet
  facet normal -0.278632 -0.960398 0
    outer loop
      vertex 2.2865 1.43431 3.845
      vertex 2.3685 1.41052 3.89999
      vertex 2.2865 1.43431 3.89999
    endloop
  endfacet
  facet normal -0.278632 -0.960398 -0
    outer loop
      vertex 2.3685 1.41052 3.89999
      vertex 2.2865 1.43431 3.845
      vertex 2.3685 1.41052 3.845
    endloop
  endfacet
  facet normal -0.32539 -0.94558 0
    outer loop
      vertex 2.20984 1.46069 3.845
      vertex 2.2865 1.43431 3.89999
      vertex 2.20984 1.46069 3.89999
    endloop
  endfacet
  facet normal -0.32539 -0.94558 -0
    outer loop
      vertex 2.2865 1.43431 3.89999
      vertex 2.20984 1.46069 3.845
      vertex 2.2865 1.43431 3.845
    endloop
  endfacet
  facet normal -0.374725 -0.927136 0
    outer loop
      vertex 2.13799 1.48973 3.845
      vertex 2.20984 1.46069 3.89999
      vertex 2.13799 1.48973 3.89999
    endloop
  endfacet
  facet normal -0.374725 -0.927136 -0
    outer loop
      vertex 2.20984 1.46069 3.89999
      vertex 2.13799 1.48973 3.845
      vertex 2.20984 1.46069 3.845
    endloop
  endfacet
  facet normal -0.4253 -0.905053 0
    outer loop
      vertex 2.07051 1.52144 3.845
      vertex 2.13799 1.48973 3.89999
      vertex 2.07051 1.52144 3.89999
    endloop
  endfacet
  facet normal -0.4253 -0.905053 -0
    outer loop
      vertex 2.13799 1.48973 3.89999
      vertex 2.07051 1.52144 3.845
      vertex 2.13799 1.48973 3.845
    endloop
  endfacet
  facet normal -0.477064 -0.878868 0
    outer loop
      vertex 2.0071 1.55586 3.845
      vertex 2.07051 1.52144 3.89999
      vertex 2.0071 1.55586 3.89999
    endloop
  endfacet
  facet normal -0.477064 -0.878868 -0
    outer loop
      vertex 2.07051 1.52144 3.89999
      vertex 2.0071 1.55586 3.845
      vertex 2.07051 1.52144 3.845
    endloop
  endfacet
  facet normal -0.529432 -0.848352 0
    outer loop
      vertex 1.94749 1.59306 3.845
      vertex 2 1.56029 3.89999
      vertex 1.94749 1.59306 3.89894
    endloop
  endfacet
  facet normal -0.529423 -0.848358 -1.23451e-05
    outer loop
      vertex 2 1.56029 3.89999
      vertex 1.94749 1.59306 3.845
      vertex 2.0071 1.55586 3.845
    endloop
  endfacet
  facet normal -0.529354 -0.848401 0
    outer loop
      vertex 2 1.56029 3.89999
      vertex 2.0071 1.55586 3.845
      vertex 2.0071 1.55586 3.89999
    endloop
  endfacet
  facet normal -0.581609 -0.813469 0
    outer loop
      vertex 1.94749 1.59306 3.845
      vertex 1.89146 1.63312 3.89782
      vertex 1.89146 1.63312 3.845
    endloop
  endfacet
  facet normal -0.581609 -0.813469 0
    outer loop
      vertex 1.89146 1.63312 3.89782
      vertex 1.94749 1.59306 3.845
      vertex 1.94749 1.59306 3.89894
    endloop
  endfacet
  facet normal -0.632508 -0.774554 0
    outer loop
      vertex 1.89146 1.63312 3.845
      vertex 1.83884 1.67609 3.89677
      vertex 1.83884 1.67609 3.845
    endloop
  endfacet
  facet normal -0.632508 -0.774554 0
    outer loop
      vertex 1.83884 1.67609 3.89677
      vertex 1.89146 1.63312 3.845
      vertex 1.89146 1.63312 3.89782
    endloop
  endfacet
  facet normal -0.681542 -0.731779 0
    outer loop
      vertex 1.83884 1.67609 3.845
      vertex 1.78946 1.72208 3.89578
      vertex 1.78946 1.72208 3.845
    endloop
  endfacet
  facet normal -0.681542 -0.731779 0
    outer loop
      vertex 1.78946 1.72208 3.89578
      vertex 1.83884 1.67609 3.845
      vertex 1.83884 1.67609 3.89677
    endloop
  endfacet
  facet normal -0.727778 -0.685813 0
    outer loop
      vertex 1.78946 1.72208 3.845
      vertex 1.74321 1.77116 3.89486
      vertex 1.74321 1.77116 3.845
    endloop
  endfacet
  facet normal -0.727778 -0.685813 0
    outer loop
      vertex 1.74321 1.77116 3.89486
      vertex 1.78946 1.72208 3.845
      vertex 1.78946 1.72208 3.89578
    endloop
  endfacet
  facet normal -0.7711 -0.636714 0
    outer loop
      vertex 1.74321 1.77116 3.845
      vertex 1.7 1.82349 3.89399
      vertex 1.7 1.82349 3.845
    endloop
  endfacet
  facet normal -0.7711 -0.636714 0
    outer loop
      vertex 1.7 1.82349 3.89399
      vertex 1.74321 1.77116 3.845
      vertex 1.74321 1.77116 3.89486
    endloop
  endfacet
  facet normal -0.810299 -0.586016 0
    outer loop
      vertex 1.7 1.82349 3.845
      vertex 1.65971 1.8792 3.89319
      vertex 1.65971 1.8792 3.845
    endloop
  endfacet
  facet normal -0.810299 -0.586016 0
    outer loop
      vertex 1.65971 1.8792 3.89319
      vertex 1.7 1.82349 3.845
      vertex 1.7 1.82349 3.89399
    endloop
  endfacet
  facet normal -0.845472 -0.53402 0
    outer loop
      vertex 1.65971 1.8792 3.845
      vertex 1.62228 1.93846 3.89244
      vertex 1.62228 1.93846 3.845
    endloop
  endfacet
  facet normal -0.845472 -0.53402 0
    outer loop
      vertex 1.62228 1.93846 3.89244
      vertex 1.65971 1.8792 3.845
      vertex 1.65971 1.8792 3.89319
    endloop
  endfacet
  facet normal -0.876553 -0.481305 0
    outer loop
      vertex 1.62228 1.93846 3.845
      vertex 1.58766 2.00151 3.89175
      vertex 1.58766 2.00151 3.845
    endloop
  endfacet
  facet normal -0.876553 -0.481305 0
    outer loop
      vertex 1.58766 2.00151 3.89175
      vertex 1.62228 1.93846 3.845
      vertex 1.62228 1.93846 3.89244
    endloop
  endfacet
  facet normal -0.903137 -0.429353 0
    outer loop
      vertex 1.58766 2.00151 3.845
      vertex 1.55577 2.06859 3.89111
      vertex 1.55577 2.06859 3.845
    endloop
  endfacet
  facet normal -0.903137 -0.429353 0
    outer loop
      vertex 1.55577 2.06859 3.89111
      vertex 1.58766 2.00151 3.845
      vertex 1.58766 2.00151 3.89175
    endloop
  endfacet
  facet normal -0.925662 -0.37835 0
    outer loop
      vertex 1.55577 2.06859 3.845
      vertex 1.52657 2.14003 3.89052
      vertex 1.52657 2.14003 3.845
    endloop
  endfacet
  facet normal -0.925662 -0.37835 0
    outer loop
      vertex 1.52657 2.14003 3.89052
      vertex 1.55577 2.06859 3.845
      vertex 1.55577 2.06859 3.89111
    endloop
  endfacet
  facet normal -0.9444 -0.328799 0
    outer loop
      vertex 1.52657 2.14003 3.845
      vertex 1.50003 2.21626 3.88999
      vertex 1.50003 2.21626 3.845
    endloop
  endfacet
  facet normal -0.9444 -0.328799 0
    outer loop
      vertex 1.50003 2.21626 3.88999
      vertex 1.52657 2.14003 3.845
      vertex 1.52657 2.14003 3.89052
    endloop
  endfacet
  facet normal -0.959513 -0.281663 0
    outer loop
      vertex 1.50003 2.21626 3.845
      vertex 1.4761 2.29778 3.88951
      vertex 1.4761 2.29778 3.845
    endloop
  endfacet
  facet normal -0.959513 -0.281663 0
    outer loop
      vertex 1.4761 2.29778 3.88951
      vertex 1.50003 2.21626 3.845
      vertex 1.50003 2.21626 3.88999
    endloop
  endfacet
  facet normal -0.971537 -0.23689 0
    outer loop
      vertex 1.4761 2.29778 3.845
      vertex 1.45476 2.3853 3.88909
      vertex 1.45476 2.3853 3.845
    endloop
  endfacet
  facet normal -0.971537 -0.23689 0
    outer loop
      vertex 1.45476 2.3853 3.88909
      vertex 1.4761 2.29778 3.845
      vertex 1.4761 2.29778 3.88951
    endloop
  endfacet
  facet normal -0.980808 -0.194977 0
    outer loop
      vertex 1.45476 2.3853 3.845
      vertex 1.43599 2.47972 3.88871
      vertex 1.43599 2.47972 3.845
    endloop
  endfacet
  facet normal -0.980808 -0.194977 0
    outer loop
      vertex 1.43599 2.47972 3.88871
      vertex 1.45476 2.3853 3.845
      vertex 1.45476 2.3853 3.88909
    endloop
  endfacet
  facet normal -0.987711 -0.156294 0
    outer loop
      vertex 1.43599 2.47972 3.845
      vertex 1.41975 2.58235 3.88839
      vertex 1.41975 2.58235 3.845
    endloop
  endfacet
  facet normal -0.987711 -0.156294 0
    outer loop
      vertex 1.41975 2.58235 3.88839
      vertex 1.43599 2.47972 3.845
      vertex 1.43599 2.47972 3.88871
    endloop
  endfacet
  facet normal -0.992691 -0.120684 0
    outer loop
      vertex 1.41975 2.58235 3.845
      vertex 1.40605 2.69504 3.88811
      vertex 1.40605 2.69504 3.845
    endloop
  endfacet
  facet normal -0.992691 -0.120684 0
    outer loop
      vertex 1.40605 2.69504 3.88811
      vertex 1.41975 2.58235 3.845
      vertex 1.41975 2.58235 3.88839
    endloop
  endfacet
  facet normal -0.996052 -0.0887705 0
    outer loop
      vertex 1.40605 2.69504 3.845
      vertex 1.39485 2.82071 3.88789
      vertex 1.39485 2.82071 3.845
    endloop
  endfacet
  facet normal -0.996052 -0.0887705 0
    outer loop
      vertex 1.39485 2.82071 3.88789
      vertex 1.40605 2.69504 3.845
      vertex 1.40605 2.69504 3.88811
    endloop
  endfacet
  facet normal -0.998168 -0.0604951 0
    outer loop
      vertex 1.39485 2.82071 3.845
      vertex 1.38615 2.96426 3.88771
      vertex 1.38615 2.96426 3.845
    endloop
  endfacet
  facet normal -0.998168 -0.0604951 0
    outer loop
      vertex 1.38615 2.96426 3.88771
      vertex 1.39485 2.82071 3.845
      vertex 1.39485 2.82071 3.88789
    endloop
  endfacet
  facet normal -0.999346 -0.0361498 0
    outer loop
      vertex 1.38615 2.96426 3.845
      vertex 1.37996 3.13538 3.88759
      vertex 1.37996 3.13538 3.845
    endloop
  endfacet
  facet normal -0.999346 -0.0361498 0
    outer loop
      vertex 1.37996 3.13538 3.88759
      vertex 1.38615 2.96426 3.845
      vertex 1.38615 2.96426 3.88771
    endloop
  endfacet
  facet normal -0.999862 -0.0166279 0
    outer loop
      vertex 1.37996 3.13538 3.845
      vertex 1.37624 3.35907 3.88752
      vertex 1.37624 3.35907 3.845
    endloop
  endfacet
  facet normal -0.999862 -0.0166279 0
    outer loop
      vertex 1.37624 3.35907 3.88752
      vertex 1.37996 3.13538 3.845
      vertex 1.37996 3.13538 3.88759
    endloop
  endfacet
  facet normal -0.999997 -0.00229238 0
    outer loop
      vertex 1.37624 3.35907 3.845
      vertex 1.375 3.89999 3.88749
      vertex 1.375 3.89999 3.845
    endloop
  endfacet
  facet normal -0.999997 -0.00229238 0
    outer loop
      vertex 1.375 3.89999 3.88749
      vertex 1.37624 3.35907 3.845
      vertex 1.37624 3.35907 3.88752
    endloop
  endfacet
  facet normal -0.999997 0.00229234 0
    outer loop
      vertex 1.375 3.89999 3.845
      vertex 1.37624 4.44092 3.88752
      vertex 1.37624 4.44092 3.845
    endloop
  endfacet
  facet normal -0.999997 0.00229234 0
    outer loop
      vertex 1.37624 4.44092 3.88752
      vertex 1.375 3.89999 3.845
      vertex 1.375 3.89999 3.88749
    endloop
  endfacet
  facet normal -0.999862 0.0166279 0
    outer loop
      vertex 1.37624 4.44092 3.845
      vertex 1.37996 4.66461 3.88759
      vertex 1.37996 4.66461 3.845
    endloop
  endfacet
  facet normal -0.999862 0.0166279 0
    outer loop
      vertex 1.37996 4.66461 3.88759
      vertex 1.37624 4.44092 3.845
      vertex 1.37624 4.44092 3.88752
    endloop
  endfacet
  facet normal -0.999346 0.0361519 0
    outer loop
      vertex 1.37996 4.66461 3.845
      vertex 1.38615 4.83572 3.88771
      vertex 1.38615 4.83572 3.845
    endloop
  endfacet
  facet normal -0.999346 0.0361519 0
    outer loop
      vertex 1.38615 4.83572 3.88771
      vertex 1.37996 4.66461 3.845
      vertex 1.37996 4.66461 3.88759
    endloop
  endfacet
  facet normal -0.998169 0.0604909 0
    outer loop
      vertex 1.38615 4.83572 3.845
      vertex 1.39485 4.97928 3.88789
      vertex 1.39485 4.97928 3.845
    endloop
  endfacet
  facet normal -0.998169 0.0604909 0
    outer loop
      vertex 1.39485 4.97928 3.88789
      vertex 1.38615 4.83572 3.845
      vertex 1.38615 4.83572 3.88771
    endloop
  endfacet
  facet normal -0.996051 0.0887845 0
    outer loop
      vertex 1.39485 4.97928 3.845
      vertex 1.40605 5.10493 3.88811
      vertex 1.40605 5.10493 3.845
    endloop
  endfacet
  facet normal -0.996051 0.0887845 0
    outer loop
      vertex 1.40605 5.10493 3.88811
      vertex 1.39485 4.97928 3.845
      vertex 1.39485 4.97928 3.88789
    endloop
  endfacet
  facet normal -0.992694 0.120663 0
    outer loop
      vertex 1.40605 5.10493 3.845
      vertex 1.41975 5.21764 3.88839
      vertex 1.41975 5.21764 3.845
    endloop
  endfacet
  facet normal -0.992694 0.120663 0
    outer loop
      vertex 1.41975 5.21764 3.88839
      vertex 1.40605 5.10493 3.845
      vertex 1.40605 5.10493 3.88811
    endloop
  endfacet
  facet normal -0.987711 0.156294 0
    outer loop
      vertex 1.41975 5.21764 3.845
      vertex 1.43599 5.32027 3.88871
      vertex 1.43599 5.32027 3.845
    endloop
  endfacet
  facet normal -0.987711 0.156294 0
    outer loop
      vertex 1.43599 5.32027 3.88871
      vertex 1.41975 5.21764 3.845
      vertex 1.41975 5.21764 3.88839
    endloop
  endfacet
  facet normal -0.980808 0.194977 0
    outer loop
      vertex 1.43599 5.32027 3.845
      vertex 1.45476 5.41469 3.88909
      vertex 1.45476 5.41469 3.845
    endloop
  endfacet
  facet normal -0.980808 0.194977 0
    outer loop
      vertex 1.45476 5.41469 3.88909
      vertex 1.43599 5.32027 3.845
      vertex 1.43599 5.32027 3.88871
    endloop
  endfacet
  facet normal -0.97153 0.236915 0
    outer loop
      vertex 1.45476 5.41469 3.845
      vertex 1.4761 5.5022 3.88951
      vertex 1.4761 5.5022 3.845
    endloop
  endfacet
  facet normal -0.97153 0.236915 0
    outer loop
      vertex 1.4761 5.5022 3.88951
      vertex 1.45476 5.41469 3.845
      vertex 1.45476 5.41469 3.88909
    endloop
  endfacet
  facet normal -0.959513 0.281663 0
    outer loop
      vertex 1.4761 5.5022 3.845
      vertex 1.50003 5.58372 3.88999
      vertex 1.50003 5.58372 3.845
    endloop
  endfacet
  facet normal -0.959513 0.281663 0
    outer loop
      vertex 1.50003 5.58372 3.88999
      vertex 1.4761 5.5022 3.845
      vertex 1.4761 5.5022 3.88951
    endloop
  endfacet
  facet normal -0.944413 0.328761 0
    outer loop
      vertex 1.50003 5.58372 3.845
      vertex 1.52657 5.65996 3.89052
      vertex 1.52657 5.65996 3.845
    endloop
  endfacet
  facet normal -0.944413 0.328761 0
    outer loop
      vertex 1.52657 5.65996 3.89052
      vertex 1.50003 5.58372 3.845
      vertex 1.50003 5.58372 3.88999
    endloop
  endfacet
  facet normal -0.925662 0.37835 0
    outer loop
      vertex 1.52657 5.65996 3.845
      vertex 1.55577 5.7314 3.89111
      vertex 1.55577 5.7314 3.845
    endloop
  endfacet
  facet normal -0.925662 0.37835 0
    outer loop
      vertex 1.55577 5.7314 3.89111
      vertex 1.52657 5.65996 3.845
      vertex 1.52657 5.65996 3.89052
    endloop
  endfacet
  facet normal -0.903137 0.429353 0
    outer loop
      vertex 1.55577 5.7314 3.845
      vertex 1.58766 5.79848 3.89175
      vertex 1.58766 5.79848 3.845
    endloop
  endfacet
  facet normal -0.903137 0.429353 0
    outer loop
      vertex 1.58766 5.79848 3.89175
      vertex 1.55577 5.7314 3.845
      vertex 1.55577 5.7314 3.89111
    endloop
  endfacet
  facet normal -0.876553 0.481305 0
    outer loop
      vertex 1.58766 5.79848 3.89175
      vertex 1.62228 5.86153 3.845
      vertex 1.58766 5.79848 3.845
    endloop
  endfacet
  facet normal -0.876553 0.481305 0
    outer loop
      vertex 1.62228 5.86153 3.845
      vertex 1.58766 5.79848 3.89175
      vertex 1.62228 5.86153 3.89244
    endloop
  endfacet
  facet normal -0.845472 0.53402 0
    outer loop
      vertex 1.62228 5.86153 3.89244
      vertex 1.65971 5.92079 3.845
      vertex 1.62228 5.86153 3.845
    endloop
  endfacet
  facet normal -0.845472 0.53402 0
    outer loop
      vertex 1.65971 5.92079 3.845
      vertex 1.62228 5.86153 3.89244
      vertex 1.65971 5.92079 3.89319
    endloop
  endfacet
  facet normal -0.810299 0.586016 0
    outer loop
      vertex 1.65971 5.92079 3.89319
      vertex 1.7 5.9765 3.845
      vertex 1.65971 5.92079 3.845
    endloop
  endfacet
  facet normal -0.810299 0.586016 0
    outer loop
      vertex 1.7 5.9765 3.845
      vertex 1.65971 5.92079 3.89319
      vertex 1.7 5.9765 3.89399
    endloop
  endfacet
  facet normal -0.77104 0.636786 0
    outer loop
      vertex 1.7 5.9765 3.89399
      vertex 1.74321 6.02882 3.845
      vertex 1.7 5.9765 3.845
    endloop
  endfacet
  facet normal -0.77104 0.636786 0
    outer loop
      vertex 1.74321 6.02882 3.845
      vertex 1.7 5.9765 3.89399
      vertex 1.74321 6.02882 3.89486
    endloop
  endfacet
  facet normal -0.727847 0.685739 0
    outer loop
      vertex 1.74321 6.02882 3.89486
      vertex 1.78946 6.07791 3.845
      vertex 1.74321 6.02882 3.845
    endloop
  endfacet
  facet normal -0.727847 0.685739 0
    outer loop
      vertex 1.78946 6.07791 3.845
      vertex 1.74321 6.02882 3.89486
      vertex 1.78946 6.07791 3.89578
    endloop
  endfacet
  facet normal -0.681462 0.731853 0
    outer loop
      vertex 1.83884 6.12389 3.845
      vertex 1.78946 6.07791 3.89578
      vertex 1.83884 6.12389 3.89677
    endloop
  endfacet
  facet normal -0.681462 0.731853 0
    outer loop
      vertex 1.78946 6.07791 3.89578
      vertex 1.83884 6.12389 3.845
      vertex 1.78946 6.07791 3.845
    endloop
  endfacet
  facet normal -0.632596 0.774482 0
    outer loop
      vertex 1.89146 6.16687 3.845
      vertex 1.83884 6.12389 3.89677
      vertex 1.89146 6.16687 3.89782
    endloop
  endfacet
  facet normal -0.632596 0.774482 0
    outer loop
      vertex 1.83884 6.12389 3.89677
      vertex 1.89146 6.16687 3.845
      vertex 1.83884 6.12389 3.845
    endloop
  endfacet
  facet normal -0.581417 0.813606 0
    outer loop
      vertex 1.94749 6.20691 3.845
      vertex 1.89146 6.16687 3.89782
      vertex 1.94749 6.20691 3.89894
    endloop
  endfacet
  facet normal -0.581417 0.813606 0
    outer loop
      vertex 1.89146 6.16687 3.89782
      vertex 1.94749 6.20691 3.845
      vertex 1.89146 6.16687 3.845
    endloop
  endfacet
  facet normal -0.529354 0.848401 0
    outer loop
      vertex 2.0071 6.24413 3.845
      vertex 2 6.2397 3.89999
      vertex 2.0071 6.24413 3.89999
    endloop
  endfacet
  facet normal -0.529628 0.84823 -4.90883e-05
    outer loop
      vertex 1.94749 6.20691 3.845
      vertex 2 6.2397 3.89999
      vertex 2.0071 6.24413 3.845
    endloop
  endfacet
  facet normal -0.529665 0.848207 0
    outer loop
      vertex 2 6.2397 3.89999
      vertex 1.94749 6.20691 3.845
      vertex 1.94749 6.20691 3.89894
    endloop
  endfacet
  facet normal -0.477064 0.878868 0
    outer loop
      vertex 2.07051 6.27855 3.845
      vertex 2.0071 6.24413 3.89999
      vertex 2.07051 6.27855 3.89999
    endloop
  endfacet
  facet normal -0.477064 0.878868 0
    outer loop
      vertex 2.0071 6.24413 3.89999
      vertex 2.07051 6.27855 3.845
      vertex 2.0071 6.24413 3.845
    endloop
  endfacet
  facet normal -0.4253 0.905053 0
    outer loop
      vertex 2.13799 6.31026 3.845
      vertex 2.07051 6.27855 3.89999
      vertex 2.13799 6.31026 3.89999
    endloop
  endfacet
  facet normal -0.4253 0.905053 0
    outer loop
      vertex 2.07051 6.27855 3.89999
      vertex 2.13799 6.31026 3.845
      vertex 2.07051 6.27855 3.845
    endloop
  endfacet
  facet normal -0.374615 0.927181 0
    outer loop
      vertex 2.20984 6.33929 3.845
      vertex 2.13799 6.31026 3.89999
      vertex 2.20984 6.33929 3.89999
    endloop
  endfacet
  facet normal -0.374615 0.927181 0
    outer loop
      vertex 2.13799 6.31026 3.89999
      vertex 2.20984 6.33929 3.845
      vertex 2.13799 6.31026 3.845
    endloop
  endfacet
  facet normal -0.3255 0.945542 0
    outer loop
      vertex 2.2865 6.36568 3.845
      vertex 2.20984 6.33929 3.89999
      vertex 2.2865 6.36568 3.89999
    endloop
  endfacet
  facet normal -0.3255 0.945542 0
    outer loop
      vertex 2.20984 6.33929 3.89999
      vertex 2.2865 6.36568 3.845
      vertex 2.20984 6.33929 3.845
    endloop
  endfacet
  facet normal -0.278632 0.960398 0
    outer loop
      vertex 2.3685 6.38947 3.845
      vertex 2.2865 6.36568 3.89999
      vertex 2.3685 6.38947 3.89999
    endloop
  endfacet
  facet normal -0.278632 0.960398 0
    outer loop
      vertex 2.2865 6.36568 3.89999
      vertex 2.3685 6.38947 3.845
      vertex 2.2865 6.36568 3.845
    endloop
  endfacet
  facet normal -0.234237 0.972179 0
    outer loop
      vertex 2.45653 6.41068 3.845
      vertex 2.3685 6.38947 3.89999
      vertex 2.45653 6.41068 3.89999
    endloop
  endfacet
  facet normal -0.234237 0.972179 0
    outer loop
      vertex 2.3685 6.38947 3.89999
      vertex 2.45653 6.41068 3.845
      vertex 2.3685 6.38947 3.845
    endloop
  endfacet
  facet normal -0.192896 0.981219 0
    outer loop
      vertex 2.5515 6.42935 3.845
      vertex 2.45653 6.41068 3.89999
      vertex 2.5515 6.42935 3.89999
    endloop
  endfacet
  facet normal -0.192896 0.981219 0
    outer loop
      vertex 2.45653 6.41068 3.89999
      vertex 2.5515 6.42935 3.845
      vertex 2.45653 6.41068 3.845
    endloop
  endfacet
  facet normal -0.154394 0.988009 0
    outer loop
      vertex 2.65472 6.44548 3.845
      vertex 2.5515 6.42935 3.89999
      vertex 2.65472 6.44548 3.89999
    endloop
  endfacet
  facet normal -0.154394 0.988009 0
    outer loop
      vertex 2.5515 6.42935 3.89999
      vertex 2.65472 6.44548 3.845
      vertex 2.5515 6.42935 3.845
    endloop
  endfacet
  facet normal -0.119387 0.992848 0
    outer loop
      vertex 2.76807 6.45911 3.845
      vertex 2.65472 6.44548 3.89999
      vertex 2.76807 6.45911 3.89999
    endloop
  endfacet
  facet normal -0.119387 0.992848 0
    outer loop
      vertex 2.65472 6.44548 3.89999
      vertex 2.76807 6.45911 3.845
      vertex 2.65472 6.44548 3.845
    endloop
  endfacet
  facet normal -0.0878064 0.996138 0
    outer loop
      vertex 2.89445 6.47025 3.845
      vertex 2.76807 6.45911 3.89999
      vertex 2.89445 6.47025 3.89999
    endloop
  endfacet
  facet normal -0.0878064 0.996138 0
    outer loop
      vertex 2.76807 6.45911 3.89999
      vertex 2.89445 6.47025 3.845
      vertex 2.76807 6.45911 3.845
    endloop
  endfacet
  facet normal -0.0597959 0.998211 0
    outer loop
      vertex 3.03885 6.4789 3.845
      vertex 2.89445 6.47025 3.89999
      vertex 3.03885 6.4789 3.89999
    endloop
  endfacet
  facet normal -0.0597959 0.998211 0
    outer loop
      vertex 2.89445 6.47025 3.89999
      vertex 3.03885 6.4789 3.845
      vertex 2.89445 6.47025 3.845
    endloop
  endfacet
  facet normal -0.0357723 0.99936 0
    outer loop
      vertex 3.21094 6.48506 3.845
      vertex 3.03885 6.4789 3.89999
      vertex 3.21094 6.48506 3.89999
    endloop
  endfacet
  facet normal -0.0357723 0.99936 0
    outer loop
      vertex 3.03885 6.4789 3.89999
      vertex 3.21094 6.48506 3.845
      vertex 3.03885 6.4789 3.845
    endloop
  endfacet
  facet normal -0.0163985 0.999866 0
    outer loop
      vertex 3.43593 6.48875 3.845
      vertex 3.21094 6.48506 3.89999
      vertex 3.43593 6.48875 3.89999
    endloop
  endfacet
  facet normal -0.0163985 0.999866 0
    outer loop
      vertex 3.21094 6.48506 3.89999
      vertex 3.43593 6.48875 3.845
      vertex 3.21094 6.48506 3.845
    endloop
  endfacet
  facet normal -0.00227911 0.999997 0
    outer loop
      vertex 3.98 6.48999 3.845
      vertex 3.43593 6.48875 3.89999
      vertex 3.98 6.48999 3.89999
    endloop
  endfacet
  facet normal -0.00227911 0.999997 0
    outer loop
      vertex 3.43593 6.48875 3.89999
      vertex 3.98 6.48999 3.845
      vertex 3.43593 6.48875 3.845
    endloop
  endfacet
  facet normal 0.0022792 0.999997 -0
    outer loop
      vertex 4.52405 6.48875 3.845
      vertex 3.98 6.48999 3.89999
      vertex 4.52405 6.48875 3.89999
    endloop
  endfacet
  facet normal 0.0022792 0.999997 0
    outer loop
      vertex 3.98 6.48999 3.89999
      vertex 4.52405 6.48875 3.845
      vertex 3.98 6.48999 3.845
    endloop
  endfacet
  facet normal 0.0163985 0.999866 -0
    outer loop
      vertex 4.74904 6.48506 3.845
      vertex 4.52405 6.48875 3.89999
      vertex 4.74904 6.48506 3.89999
    endloop
  endfacet
  facet normal 0.0163985 0.999866 0
    outer loop
      vertex 4.52405 6.48875 3.89999
      vertex 4.74904 6.48506 3.845
      vertex 4.52405 6.48875 3.845
    endloop
  endfacet
  facet normal 0.0357702 0.99936 -0
    outer loop
      vertex 4.92114 6.4789 3.845
      vertex 4.74904 6.48506 3.89999
      vertex 4.92114 6.4789 3.89999
    endloop
  endfacet
  facet normal 0.0357702 0.99936 0
    outer loop
      vertex 4.74904 6.48506 3.89999
      vertex 4.92114 6.4789 3.845
      vertex 4.74904 6.48506 3.845
    endloop
  endfacet
  facet normal 0.0598041 0.99821 -0
    outer loop
      vertex 5.06552 6.47025 3.845
      vertex 4.92114 6.4789 3.89999
      vertex 5.06552 6.47025 3.89999
    endloop
  endfacet
  facet normal 0.0598041 0.99821 0
    outer loop
      vertex 4.92114 6.4789 3.89999
      vertex 5.06552 6.47025 3.845
      vertex 4.92114 6.4789 3.845
    endloop
  endfacet
  facet normal 0.0877857 0.996139 -0
    outer loop
      vertex 5.19193 6.45911 3.845
      vertex 5.06552 6.47025 3.89999
      vertex 5.19193 6.45911 3.89999
    endloop
  endfacet
  facet normal 0.0877857 0.996139 0
    outer loop
      vertex 5.06552 6.47025 3.89999
      vertex 5.19193 6.45911 3.845
      vertex 5.06552 6.47025 3.845
    endloop
  endfacet
  facet normal 0.119397 0.992847 -0
    outer loop
      vertex 5.30527 6.44548 3.845
      vertex 5.19193 6.45911 3.89999
      vertex 5.30527 6.44548 3.89999
    endloop
  endfacet
  facet normal 0.119397 0.992847 0
    outer loop
      vertex 5.19193 6.45911 3.89999
      vertex 5.30527 6.44548 3.845
      vertex 5.19193 6.45911 3.845
    endloop
  endfacet
  facet normal 0.154394 0.988009 -0
    outer loop
      vertex 5.40849 6.42935 3.845
      vertex 5.30527 6.44548 3.89999
      vertex 5.40849 6.42935 3.89999
    endloop
  endfacet
  facet normal 0.154394 0.988009 0
    outer loop
      vertex 5.30527 6.44548 3.89999
      vertex 5.40849 6.42935 3.845
      vertex 5.30527 6.44548 3.845
    endloop
  endfacet
  facet normal 0.192896 0.981219 -0
    outer loop
      vertex 5.50346 6.41068 3.845
      vertex 5.40849 6.42935 3.89999
      vertex 5.50346 6.41068 3.89999
    endloop
  endfacet
  facet normal 0.192896 0.981219 0
    outer loop
      vertex 5.40849 6.42935 3.89999
      vertex 5.50346 6.41068 3.845
      vertex 5.40849 6.42935 3.845
    endloop
  endfacet
  facet normal 0.234263 0.972173 -0
    outer loop
      vertex 5.59148 6.38947 3.845
      vertex 5.50346 6.41068 3.89999
      vertex 5.59148 6.38947 3.89999
    endloop
  endfacet
  facet normal 0.234263 0.972173 0
    outer loop
      vertex 5.50346 6.41068 3.89999
      vertex 5.59148 6.38947 3.845
      vertex 5.50346 6.41068 3.845
    endloop
  endfacet
  facet normal 0.278632 0.960398 -0
    outer loop
      vertex 5.67348 6.36568 3.845
      vertex 5.59148 6.38947 3.89999
      vertex 5.67348 6.36568 3.89999
    endloop
  endfacet
  facet normal 0.278632 0.960398 0
    outer loop
      vertex 5.59148 6.38947 3.89999
      vertex 5.67348 6.36568 3.845
      vertex 5.59148 6.38947 3.845
    endloop
  endfacet
  facet normal 0.3255 0.945542 -0
    outer loop
      vertex 5.75014 6.33929 3.845
      vertex 5.67348 6.36568 3.89999
      vertex 5.75014 6.33929 3.89999
    endloop
  endfacet
  facet normal 0.3255 0.945542 0
    outer loop
      vertex 5.67348 6.36568 3.89999
      vertex 5.75014 6.33929 3.845
      vertex 5.67348 6.36568 3.845
    endloop
  endfacet
  facet normal 0.374525 0.927217 -0
    outer loop
      vertex 5.82201 6.31026 3.845
      vertex 5.75014 6.33929 3.89999
      vertex 5.82201 6.31026 3.89999
    endloop
  endfacet
  facet normal 0.374525 0.927217 0
    outer loop
      vertex 5.75014 6.33929 3.89999
      vertex 5.82201 6.31026 3.845
      vertex 5.75014 6.33929 3.845
    endloop
  endfacet
  facet normal 0.425351 0.905028 -0
    outer loop
      vertex 5.88948 6.27855 3.845
      vertex 5.82201 6.31026 3.89999
      vertex 5.88948 6.27855 3.89999
    endloop
  endfacet
  facet normal 0.425351 0.905028 0
    outer loop
      vertex 5.82201 6.31026 3.89999
      vertex 5.88948 6.27855 3.845
      vertex 5.82201 6.31026 3.845
    endloop
  endfacet
  facet normal 0.477122 0.878837 -0
    outer loop
      vertex 5.95288 6.24413 3.845
      vertex 5.88948 6.27855 3.89999
      vertex 5.95288 6.24413 3.89999
    endloop
  endfacet
  facet normal 0.477122 0.878837 0
    outer loop
      vertex 5.88948 6.27855 3.89999
      vertex 5.95288 6.24413 3.845
      vertex 5.88948 6.27855 3.845
    endloop
  endfacet
  facet normal 0.529389 0.848379 -0
    outer loop
      vertex 6.0125 6.20691 3.845
      vertex 6 6.21471 3.89999
      vertex 6.0125 6.20691 3.89972
    endloop
  endfacet
  facet normal 0.529564 0.84827 5.53697e-05
    outer loop
      vertex 5.95288 6.24413 3.845
      vertex 6 6.21471 3.89999
      vertex 6.0125 6.20691 3.845
    endloop
  endfacet
  facet normal 0.529611 0.848241 0
    outer loop
      vertex 6 6.21471 3.89999
      vertex 5.95288 6.24413 3.845
      vertex 5.95288 6.24413 3.89999
    endloop
  endfacet
  facet normal 0.581417 0.813606 0
    outer loop
      vertex 6.0125 6.20691 3.845
      vertex 6.06853 6.16687 3.89847
      vertex 6.06853 6.16687 3.845
    endloop
  endfacet
  facet normal 0.581417 0.813606 0
    outer loop
      vertex 6.06853 6.16687 3.89847
      vertex 6.0125 6.20691 3.845
      vertex 6.0125 6.20691 3.89972
    endloop
  endfacet
  facet normal 0.632596 0.774482 0
    outer loop
      vertex 6.06853 6.16687 3.845
      vertex 6.12115 6.12389 3.8973
      vertex 6.12115 6.12389 3.845
    endloop
  endfacet
  facet normal 0.632596 0.774482 0
    outer loop
      vertex 6.12115 6.12389 3.8973
      vertex 6.06853 6.16687 3.845
      vertex 6.06853 6.16687 3.89847
    endloop
  endfacet
  facet normal 0.681462 0.731853 0
    outer loop
      vertex 6.12115 6.12389 3.845
      vertex 6.17053 6.07791 3.8962
      vertex 6.17053 6.07791 3.845
    endloop
  endfacet
  facet normal 0.681462 0.731853 0
    outer loop
      vertex 6.17053 6.07791 3.8962
      vertex 6.12115 6.12389 3.845
      vertex 6.12115 6.12389 3.8973
    endloop
  endfacet
  facet normal 0.727921 0.685661 0
    outer loop
      vertex 6.21677 6.02882 3.89518
      vertex 6.17053 6.07791 3.845
      vertex 6.17053 6.07791 3.8962
    endloop
  endfacet
  facet normal 0.727921 0.685661 0
    outer loop
      vertex 6.17053 6.07791 3.845
      vertex 6.21677 6.02882 3.89518
      vertex 6.21677 6.02882 3.845
    endloop
  endfacet
  facet normal 0.770968 0.636874 0
    outer loop
      vertex 6.25999 5.9765 3.89421
      vertex 6.21677 6.02882 3.845
      vertex 6.21677 6.02882 3.89518
    endloop
  endfacet
  facet normal 0.770968 0.636874 0
    outer loop
      vertex 6.21677 6.02882 3.845
      vertex 6.25999 5.9765 3.89421
      vertex 6.25999 5.9765 3.845
    endloop
  endfacet
  facet normal 0.810299 0.586016 0
    outer loop
      vertex 6.30028 5.92079 3.89332
      vertex 6.25999 5.9765 3.845
      vertex 6.25999 5.9765 3.89421
    endloop
  endfacet
  facet normal 0.810299 0.586016 0
    outer loop
      vertex 6.25999 5.9765 3.845
      vertex 6.30028 5.92079 3.89332
      vertex 6.30028 5.92079 3.845
    endloop
  endfacet
  facet normal 0.845472 0.53402 0
    outer loop
      vertex 6.33771 5.86153 3.89249
      vertex 6.30028 5.92079 3.845
      vertex 6.30028 5.92079 3.89332
    endloop
  endfacet
  facet normal 0.845472 0.53402 0
    outer loop
      vertex 6.30028 5.92079 3.845
      vertex 6.33771 5.86153 3.89249
      vertex 6.33771 5.86153 3.845
    endloop
  endfacet
  facet normal 0.876553 0.481305 0
    outer loop
      vertex 6.37233 5.79848 3.89172
      vertex 6.33771 5.86153 3.845
      vertex 6.33771 5.86153 3.89249
    endloop
  endfacet
  facet normal 0.876553 0.481305 0
    outer loop
      vertex 6.33771 5.86153 3.845
      vertex 6.37233 5.79848 3.89172
      vertex 6.37233 5.79848 3.845
    endloop
  endfacet
  facet normal 0.903137 0.429353 0
    outer loop
      vertex 6.40422 5.7314 3.89101
      vertex 6.37233 5.79848 3.845
      vertex 6.37233 5.79848 3.89172
    endloop
  endfacet
  facet normal 0.903137 0.429353 0
    outer loop
      vertex 6.37233 5.79848 3.845
      vertex 6.40422 5.7314 3.89101
      vertex 6.40422 5.7314 3.845
    endloop
  endfacet
  facet normal 0.925708 0.378239 0
    outer loop
      vertex 6.43341 5.65996 3.89036
      vertex 6.40422 5.7314 3.845
      vertex 6.40422 5.7314 3.89101
    endloop
  endfacet
  facet normal 0.925708 0.378239 0
    outer loop
      vertex 6.40422 5.7314 3.845
      vertex 6.43341 5.65996 3.89036
      vertex 6.43341 5.65996 3.845
    endloop
  endfacet
  facet normal 0.944375 0.328871 0
    outer loop
      vertex 6.45996 5.58372 3.88977
      vertex 6.43341 5.65996 3.845
      vertex 6.43341 5.65996 3.89036
    endloop
  endfacet
  facet normal 0.944375 0.328871 0
    outer loop
      vertex 6.43341 5.65996 3.845
      vertex 6.45996 5.58372 3.88977
      vertex 6.45996 5.58372 3.845
    endloop
  endfacet
  facet normal 0.959513 0.281663 0
    outer loop
      vertex 6.48389 5.5022 3.88924
      vertex 6.45996 5.58372 3.845
      vertex 6.45996 5.58372 3.88977
    endloop
  endfacet
  facet normal 0.959513 0.281663 0
    outer loop
      vertex 6.45996 5.58372 3.845
      vertex 6.48389 5.5022 3.88924
      vertex 6.48389 5.5022 3.845
    endloop
  endfacet
  facet normal 0.971556 0.23681 0
    outer loop
      vertex 6.50522 5.41469 3.88876
      vertex 6.48389 5.5022 3.845
      vertex 6.48389 5.5022 3.88924
    endloop
  endfacet
  facet normal 0.971556 0.23681 0
    outer loop
      vertex 6.48389 5.5022 3.845
      vertex 6.50522 5.41469 3.88876
      vertex 6.50522 5.41469 3.845
    endloop
  endfacet
  facet normal 0.980788 0.195077 0
    outer loop
      vertex 6.524 5.32027 3.88835
      vertex 6.50522 5.41469 3.845
      vertex 6.50522 5.41469 3.88876
    endloop
  endfacet
  facet normal 0.980788 0.195077 0
    outer loop
      vertex 6.50522 5.41469 3.845
      vertex 6.524 5.32027 3.88835
      vertex 6.524 5.32027 3.845
    endloop
  endfacet
  facet normal 0.98774 0.156106 0
    outer loop
      vertex 6.54022 5.21764 3.88799
      vertex 6.524 5.32027 3.845
      vertex 6.524 5.32027 3.88835
    endloop
  endfacet
  facet normal 0.98774 0.156106 0
    outer loop
      vertex 6.524 5.32027 3.845
      vertex 6.54022 5.21764 3.88799
      vertex 6.54022 5.21764 3.845
    endloop
  endfacet
  facet normal 0.992672 0.120836 0
    outer loop
      vertex 6.55394 5.10493 3.88768
      vertex 6.54022 5.21764 3.845
      vertex 6.54022 5.21764 3.88799
    endloop
  endfacet
  facet normal 0.992672 0.120836 0
    outer loop
      vertex 6.54022 5.21764 3.845
      vertex 6.55394 5.10493 3.88768
      vertex 6.55394 5.10493 3.845
    endloop
  endfacet
  facet normal 0.996065 0.0886272 0
    outer loop
      vertex 6.56512 4.97928 3.88743
      vertex 6.55394 5.10493 3.845
      vertex 6.55394 5.10493 3.88768
    endloop
  endfacet
  facet normal 0.996065 0.0886272 0
    outer loop
      vertex 6.55394 5.10493 3.845
      vertex 6.56512 4.97928 3.88743
      vertex 6.56512 4.97928 3.845
    endloop
  endfacet
  facet normal 0.998169 0.0604909 0
    outer loop
      vertex 6.57382 4.83572 3.88724
      vertex 6.56512 4.97928 3.845
      vertex 6.56512 4.97928 3.88743
    endloop
  endfacet
  facet normal 0.998169 0.0604909 0
    outer loop
      vertex 6.56512 4.97928 3.845
      vertex 6.57382 4.83572 3.88724
      vertex 6.57382 4.83572 3.845
    endloop
  endfacet
  facet normal 0.999342 0.0362686 0
    outer loop
      vertex 6.58003 4.66461 3.8871
      vertex 6.57382 4.83572 3.845
      vertex 6.57382 4.83572 3.88724
    endloop
  endfacet
  facet normal 0.999342 0.0362686 0
    outer loop
      vertex 6.57382 4.83572 3.845
      vertex 6.58003 4.66461 3.8871
      vertex 6.58003 4.66461 3.845
    endloop
  endfacet
  facet normal 0.999861 0.0166725 0
    outer loop
      vertex 6.58376 4.44092 3.88702
      vertex 6.58003 4.66461 3.845
      vertex 6.58003 4.66461 3.8871
    endloop
  endfacet
  facet normal 0.999861 0.0166725 0
    outer loop
      vertex 6.58003 4.66461 3.845
      vertex 6.58376 4.44092 3.88702
      vertex 6.58376 4.44092 3.845
    endloop
  endfacet
  facet normal 0.999997 0.00227386 0
    outer loop
      vertex 6.58499 3.89999 3.88699
      vertex 6.58376 4.44092 3.845
      vertex 6.58376 4.44092 3.88702
    endloop
  endfacet
  facet normal 0.999997 0.00227386 0
    outer loop
      vertex 6.58376 4.44092 3.845
      vertex 6.58499 3.89999 3.88699
      vertex 6.58499 3.89999 3.845
    endloop
  endfacet
  facet normal 0.999997 -0.0022739 0
    outer loop
      vertex 6.58376 3.35907 3.88702
      vertex 6.58499 3.89999 3.845
      vertex 6.58499 3.89999 3.88699
    endloop
  endfacet
  facet normal 0.999997 -0.0022739 0
    outer loop
      vertex 6.58499 3.89999 3.845
      vertex 6.58376 3.35907 3.88702
      vertex 6.58376 3.35907 3.845
    endloop
  endfacet
  facet normal 0.999861 -0.0166725 0
    outer loop
      vertex 6.58003 3.13538 3.8871
      vertex 6.58376 3.35907 3.845
      vertex 6.58376 3.35907 3.88702
    endloop
  endfacet
  facet normal 0.999861 -0.0166725 0
    outer loop
      vertex 6.58376 3.35907 3.845
      vertex 6.58003 3.13538 3.8871
      vertex 6.58003 3.13538 3.845
    endloop
  endfacet
  facet normal 0.999342 -0.0362664 0
    outer loop
      vertex 6.57382 2.96426 3.88724
      vertex 6.58003 3.13538 3.845
      vertex 6.58003 3.13538 3.8871
    endloop
  endfacet
  facet normal 0.999342 -0.0362664 0
    outer loop
      vertex 6.58003 3.13538 3.845
      vertex 6.57382 2.96426 3.88724
      vertex 6.57382 2.96426 3.845
    endloop
  endfacet
  facet normal 0.998168 -0.0604951 0
    outer loop
      vertex 6.56512 2.82071 3.88743
      vertex 6.57382 2.96426 3.845
      vertex 6.57382 2.96426 3.88724
    endloop
  endfacet
  facet normal 0.998168 -0.0604951 0
    outer loop
      vertex 6.57382 2.96426 3.845
      vertex 6.56512 2.82071 3.88743
      vertex 6.56512 2.82071 3.845
    endloop
  endfacet
  facet normal 0.996066 -0.0886132 0
    outer loop
      vertex 6.55394 2.69504 3.88768
      vertex 6.56512 2.82071 3.845
      vertex 6.56512 2.82071 3.88743
    endloop
  endfacet
  facet normal 0.996066 -0.0886132 0
    outer loop
      vertex 6.56512 2.82071 3.845
      vertex 6.55394 2.69504 3.88768
      vertex 6.55394 2.69504 3.845
    endloop
  endfacet
  facet normal 0.99267 -0.120857 0
    outer loop
      vertex 6.54022 2.58235 3.88799
      vertex 6.55394 2.69504 3.845
      vertex 6.55394 2.69504 3.88768
    endloop
  endfacet
  facet normal 0.99267 -0.120857 0
    outer loop
      vertex 6.55394 2.69504 3.845
      vertex 6.54022 2.58235 3.88799
      vertex 6.54022 2.58235 3.845
    endloop
  endfacet
  facet normal 0.98774 -0.156106 0
    outer loop
      vertex 6.524 2.47972 3.88835
      vertex 6.54022 2.58235 3.845
      vertex 6.54022 2.58235 3.88799
    endloop
  endfacet
  facet normal 0.98774 -0.156106 0
    outer loop
      vertex 6.54022 2.58235 3.845
      vertex 6.524 2.47972 3.88835
      vertex 6.524 2.47972 3.845
    endloop
  endfacet
  facet normal 0.980788 -0.195077 0
    outer loop
      vertex 6.50522 2.3853 3.88876
      vertex 6.524 2.47972 3.845
      vertex 6.524 2.47972 3.88835
    endloop
  endfacet
  facet normal 0.980788 -0.195077 0
    outer loop
      vertex 6.524 2.47972 3.845
      vertex 6.50522 2.3853 3.88876
      vertex 6.50522 2.3853 3.845
    endloop
  endfacet
  facet normal 0.971562 -0.236785 0
    outer loop
      vertex 6.48389 2.29778 3.88924
      vertex 6.50522 2.3853 3.845
      vertex 6.50522 2.3853 3.88876
    endloop
  endfacet
  facet normal 0.971562 -0.236785 0
    outer loop
      vertex 6.50522 2.3853 3.845
      vertex 6.48389 2.29778 3.88924
      vertex 6.48389 2.29778 3.845
    endloop
  endfacet
  facet normal 0.959513 -0.281663 0
    outer loop
      vertex 6.45996 2.21626 3.88977
      vertex 6.48389 2.29778 3.845
      vertex 6.48389 2.29778 3.88924
    endloop
  endfacet
  facet normal 0.959513 -0.281663 0
    outer loop
      vertex 6.48389 2.29778 3.845
      vertex 6.45996 2.21626 3.88977
      vertex 6.45996 2.21626 3.845
    endloop
  endfacet
  facet normal 0.944361 -0.32891 0
    outer loop
      vertex 6.43341 2.14003 3.89036
      vertex 6.45996 2.21626 3.845
      vertex 6.45996 2.21626 3.88977
    endloop
  endfacet
  facet normal 0.944361 -0.32891 0
    outer loop
      vertex 6.45996 2.21626 3.845
      vertex 6.43341 2.14003 3.89036
      vertex 6.43341 2.14003 3.845
    endloop
  endfacet
  facet normal 0.925708 -0.378239 0
    outer loop
      vertex 6.40422 2.06859 3.89101
      vertex 6.43341 2.14003 3.845
      vertex 6.43341 2.14003 3.89036
    endloop
  endfacet
  facet normal 0.925708 -0.378239 0
    outer loop
      vertex 6.43341 2.14003 3.845
      vertex 6.40422 2.06859 3.89101
      vertex 6.40422 2.06859 3.845
    endloop
  endfacet
  facet normal 0.903137 -0.429353 0
    outer loop
      vertex 6.37233 2.00151 3.845
      vertex 6.40422 2.06859 3.89101
      vertex 6.37233 2.00151 3.89172
    endloop
  endfacet
  facet normal 0.903137 -0.429353 0
    outer loop
      vertex 6.40422 2.06859 3.89101
      vertex 6.37233 2.00151 3.845
      vertex 6.40422 2.06859 3.845
    endloop
  endfacet
  facet normal 0.876553 -0.481305 0
    outer loop
      vertex 6.33771 1.93846 3.845
      vertex 6.37233 2.00151 3.89172
      vertex 6.33771 1.93846 3.89249
    endloop
  endfacet
  facet normal 0.876553 -0.481305 0
    outer loop
      vertex 6.37233 2.00151 3.89172
      vertex 6.33771 1.93846 3.845
      vertex 6.37233 2.00151 3.845
    endloop
  endfacet
  facet normal 0.845472 -0.53402 0
    outer loop
      vertex 6.30028 1.8792 3.845
      vertex 6.33771 1.93846 3.89249
      vertex 6.30028 1.8792 3.89332
    endloop
  endfacet
  facet normal 0.845472 -0.53402 0
    outer loop
      vertex 6.33771 1.93846 3.89249
      vertex 6.30028 1.8792 3.845
      vertex 6.33771 1.93846 3.845
    endloop
  endfacet
  facet normal 0.810299 -0.586016 0
    outer loop
      vertex 6.25999 1.82349 3.845
      vertex 6.30028 1.8792 3.89332
      vertex 6.25999 1.82349 3.89421
    endloop
  endfacet
  facet normal 0.810299 -0.586016 0
    outer loop
      vertex 6.30028 1.8792 3.89332
      vertex 6.25999 1.82349 3.845
      vertex 6.30028 1.8792 3.845
    endloop
  endfacet
  facet normal 0.771028 -0.636801 0
    outer loop
      vertex 6.21677 1.77116 3.845
      vertex 6.25999 1.82349 3.89421
      vertex 6.21677 1.77116 3.89518
    endloop
  endfacet
  facet normal 0.771028 -0.636801 0
    outer loop
      vertex 6.25999 1.82349 3.89421
      vertex 6.21677 1.77116 3.845
      vertex 6.25999 1.82349 3.845
    endloop
  endfacet
  facet normal 0.727852 -0.685735 0
    outer loop
      vertex 6.17053 1.72208 3.845
      vertex 6.21677 1.77116 3.89518
      vertex 6.17053 1.72208 3.8962
    endloop
  endfacet
  facet normal 0.727852 -0.685735 0
    outer loop
      vertex 6.21677 1.77116 3.89518
      vertex 6.17053 1.72208 3.845
      vertex 6.21677 1.77116 3.845
    endloop
  endfacet
  facet normal 0.681542 -0.731779 0
    outer loop
      vertex 6.12115 1.67609 3.845
      vertex 6.17053 1.72208 3.8962
      vertex 6.12115 1.67609 3.8973
    endloop
  endfacet
  facet normal 0.681542 -0.731779 0
    outer loop
      vertex 6.17053 1.72208 3.8962
      vertex 6.12115 1.67609 3.845
      vertex 6.17053 1.72208 3.845
    endloop
  endfacet
  facet normal 0.632508 -0.774554 0
    outer loop
      vertex 6.06853 1.63312 3.845
      vertex 6.12115 1.67609 3.8973
      vertex 6.06853 1.63312 3.89847
    endloop
  endfacet
  facet normal 0.632508 -0.774554 0
    outer loop
      vertex 6.12115 1.67609 3.8973
      vertex 6.06853 1.63312 3.845
      vertex 6.12115 1.67609 3.845
    endloop
  endfacet
  facet normal 0.581609 -0.813469 0
    outer loop
      vertex 6.0125 1.59306 3.845
      vertex 6.06853 1.63312 3.89847
      vertex 6.0125 1.59306 3.89972
    endloop
  endfacet
  facet normal 0.581609 -0.813469 0
    outer loop
      vertex 6.06853 1.63312 3.89847
      vertex 6.0125 1.59306 3.845
      vertex 6.06853 1.63312 3.845
    endloop
  endfacet
  facet normal 0.529481 -0.848322 0
    outer loop
      vertex 5.95288 1.55586 3.845
      vertex 6 1.58527 3.89999
      vertex 5.95288 1.55586 3.89999
    endloop
  endfacet
  facet normal 0.529359 -0.848398 0.000144966
    outer loop
      vertex 6.0125 1.59306 3.845
      vertex 6 1.58527 3.89999
      vertex 5.95288 1.55586 3.845
    endloop
  endfacet
  facet normal 0.5289 -0.848684 0
    outer loop
      vertex 6 1.58527 3.89999
      vertex 6.0125 1.59306 3.845
      vertex 6.0125 1.59306 3.89972
    endloop
  endfacet
  facet normal 0.477122 -0.878837 0
    outer loop
      vertex 5.88948 1.52144 3.845
      vertex 5.95288 1.55586 3.89999
      vertex 5.88948 1.52144 3.89999
    endloop
  endfacet
  facet normal 0.477122 -0.878837 0
    outer loop
      vertex 5.95288 1.55586 3.89999
      vertex 5.88948 1.52144 3.845
      vertex 5.95288 1.55586 3.845
    endloop
  endfacet
  facet normal 0.425351 -0.905028 0
    outer loop
      vertex 5.82201 1.48973 3.845
      vertex 5.88948 1.52144 3.89999
      vertex 5.82201 1.48973 3.89999
    endloop
  endfacet
  facet normal 0.425351 -0.905028 0
    outer loop
      vertex 5.88948 1.52144 3.89999
      vertex 5.82201 1.48973 3.845
      vertex 5.88948 1.52144 3.845
    endloop
  endfacet
  facet normal 0.374636 -0.927172 0
    outer loop
      vertex 5.75014 1.46069 3.845
      vertex 5.82201 1.48973 3.89999
      vertex 5.75014 1.46069 3.89999
    endloop
  endfacet
  facet normal 0.374636 -0.927172 0
    outer loop
      vertex 5.82201 1.48973 3.89999
      vertex 5.75014 1.46069 3.845
      vertex 5.82201 1.48973 3.845
    endloop
  endfacet
  facet normal 0.32539 -0.94558 0
    outer loop
      vertex 5.67348 1.43431 3.845
      vertex 5.75014 1.46069 3.89999
      vertex 5.67348 1.43431 3.89999
    endloop
  endfacet
  facet normal 0.32539 -0.94558 0
    outer loop
      vertex 5.75014 1.46069 3.89999
      vertex 5.67348 1.43431 3.845
      vertex 5.75014 1.46069 3.845
    endloop
  endfacet
  facet normal 0.278632 -0.960398 0
    outer loop
      vertex 5.59148 1.41052 3.845
      vertex 5.67348 1.43431 3.89999
      vertex 5.59148 1.41052 3.89999
    endloop
  endfacet
  facet normal 0.278632 -0.960398 0
    outer loop
      vertex 5.67348 1.43431 3.89999
      vertex 5.59148 1.41052 3.845
      vertex 5.67348 1.43431 3.845
    endloop
  endfacet
  facet normal 0.234367 -0.972148 0
    outer loop
      vertex 5.50346 1.3893 3.845
      vertex 5.59148 1.41052 3.89999
      vertex 5.50346 1.3893 3.89999
    endloop
  endfacet
  facet normal 0.234367 -0.972148 0
    outer loop
      vertex 5.59148 1.41052 3.89999
      vertex 5.50346 1.3893 3.845
      vertex 5.59148 1.41052 3.845
    endloop
  endfacet
  facet normal 0.192797 -0.981239 0
    outer loop
      vertex 5.40849 1.37064 3.845
      vertex 5.50346 1.3893 3.89999
      vertex 5.40849 1.37064 3.89999
    endloop
  endfacet
  facet normal 0.192797 -0.981239 0
    outer loop
      vertex 5.50346 1.3893 3.89999
      vertex 5.40849 1.37064 3.845
      vertex 5.50346 1.3893 3.845
    endloop
  endfacet
  facet normal 0.154394 -0.988009 0
    outer loop
      vertex 5.30527 1.35451 3.845
      vertex 5.40849 1.37064 3.89999
      vertex 5.30527 1.35451 3.89999
    endloop
  endfacet
  facet normal 0.154394 -0.988009 0
    outer loop
      vertex 5.40849 1.37064 3.89999
      vertex 5.30527 1.35451 3.845
      vertex 5.40849 1.37064 3.845
    endloop
  endfacet
  facet normal 0.119484 -0.992836 0
    outer loop
      vertex 5.19193 1.34087 3.845
      vertex 5.30527 1.35451 3.89999
      vertex 5.19193 1.34087 3.89999
    endloop
  endfacet
  facet normal 0.119484 -0.992836 0
    outer loop
      vertex 5.30527 1.35451 3.89999
      vertex 5.19193 1.34087 3.845
      vertex 5.30527 1.35451 3.845
    endloop
  endfacet
  facet normal 0.0877075 -0.996146 0
    outer loop
      vertex 5.06552 1.32974 3.845
      vertex 5.19193 1.34087 3.89999
      vertex 5.06552 1.32974 3.89999
    endloop
  endfacet
  facet normal 0.0877075 -0.996146 0
    outer loop
      vertex 5.19193 1.34087 3.89999
      vertex 5.06552 1.32974 3.845
      vertex 5.19193 1.34087 3.845
    endloop
  endfacet
  facet normal 0.0598041 -0.99821 0
    outer loop
      vertex 4.92114 1.32109 3.845
      vertex 5.06552 1.32974 3.89999
      vertex 4.92114 1.32109 3.89999
    endloop
  endfacet
  facet normal 0.0598041 -0.99821 0
    outer loop
      vertex 5.06552 1.32974 3.89999
      vertex 4.92114 1.32109 3.845
      vertex 5.06552 1.32974 3.845
    endloop
  endfacet
  facet normal 0.0357702 -0.99936 0
    outer loop
      vertex 4.74904 1.31493 3.845
      vertex 4.92114 1.32109 3.89999
      vertex 4.74904 1.31493 3.89999
    endloop
  endfacet
  facet normal 0.0357702 -0.99936 0
    outer loop
      vertex 4.92114 1.32109 3.89999
      vertex 4.74904 1.31493 3.845
      vertex 4.92114 1.32109 3.845
    endloop
  endfacet
  facet normal 0.0164874 -0.999864 0
    outer loop
      vertex 4.52405 1.31122 3.845
      vertex 4.74904 1.31493 3.89999
      vertex 4.52405 1.31122 3.89999
    endloop
  endfacet
  facet normal 0.0164874 -0.999864 0
    outer loop
      vertex 4.74904 1.31493 3.89999
      vertex 4.52405 1.31122 3.845
      vertex 4.74904 1.31493 3.845
    endloop
  endfacet
  facet normal 0.00224244 -0.999997 0
    outer loop
      vertex 3.98 1.31 3.845
      vertex 4.52405 1.31122 3.89999
      vertex 3.98 1.31 3.89999
    endloop
  endfacet
  facet normal 0.00224244 -0.999997 0
    outer loop
      vertex 4.52405 1.31122 3.89999
      vertex 3.98 1.31 3.845
      vertex 4.52405 1.31122 3.845
    endloop
  endfacet
  facet normal -0.00224235 -0.999997 0
    outer loop
      vertex 3.43593 1.31122 3.845
      vertex 3.98 1.31 3.89999
      vertex 3.43593 1.31122 3.89999
    endloop
  endfacet
  facet normal -0.00224235 -0.999997 -0
    outer loop
      vertex 3.98 1.31 3.89999
      vertex 3.43593 1.31122 3.845
      vertex 3.98 1.31 3.845
    endloop
  endfacet
  facet normal 0 0.793322 -0.608803
    outer loop
      vertex 0.125912 5.90217 1.26254
      vertex -0.12 5.93005 1.29887
      vertex 0.132053 5.93005 1.29887
    endloop
  endfacet
  facet normal 0 0.793322 -0.608803
    outer loop
      vertex -0.12 5.93005 1.29887
      vertex 0.125912 5.90217 1.26254
      vertex -0.12 5.90217 1.26254
    endloop
  endfacet
  facet normal -0 0.675537 0.737326
    outer loop
      vertex -0.12 5.87123 1.97123
      vertex 0.11166 5.83746 2.00217
      vertex 0.119097 5.87123 1.97123
    endloop
  endfacet
  facet normal 0 0.675537 0.737326
    outer loop
      vertex 0.11166 5.83746 2.00217
      vertex -0.12 5.87123 1.97123
      vertex -0.12 5.83746 2.00217
    endloop
  endfacet
  facet normal 0 0.216353 -0.976315
    outer loop
      vertex -0.12 5.63588 1.09289
      vertex 0.0700388 5.59116 1.08298
      vertex -0.12 5.59116 1.08298
    endloop
  endfacet
  facet normal 0 0.216353 -0.976315
    outer loop
      vertex 0.0700388 5.59116 1.08298
      vertex -0.12 5.63588 1.09289
      vertex 0.0762399 5.63588 1.09289
    endloop
  endfacet
  facet normal -0 0.923844 0.38277
    outer loop
      vertex -0.12 5.99334 1.77956
      vertex 0.142179 5.97581 1.82187
      vertex 0.146856 5.99334 1.77956
    endloop
  endfacet
  facet normal 0 0.923844 0.38277
    outer loop
      vertex 0.142179 5.97581 1.82187
      vertex -0.12 5.99334 1.77956
      vertex -0.12 5.97581 1.82187
    endloop
  endfacet
  facet normal -0 0.737326 0.675537
    outer loop
      vertex -0.12 5.90217 1.93746
      vertex 0.119097 5.87123 1.97123
      vertex 0.125912 5.90217 1.93746
    endloop
  endfacet
  facet normal 0 0.737326 0.675537
    outer loop
      vertex 0.119097 5.87123 1.97123
      vertex -0.12 5.90217 1.93746
      vertex -0.12 5.87123 1.97123
    endloop
  endfacet
  facet normal 0 -0.130562 0.99144
    outer loop
      vertex -0.12 5.45424 2.123
      vertex 0.0474386 5.40883 2.11702
      vertex 0.0521391 5.45424 2.123
    endloop
  endfacet
  facet normal 0 -0.130562 0.99144
    outer loop
      vertex 0.0474386 5.40883 2.11702
      vertex -0.12 5.45424 2.123
      vertex -0.12 5.40883 2.11702
    endloop
  endfacet
  facet normal -0 0.609134 0.793067
    outer loop
      vertex -0.12 5.83746 2.00217
      vertex 0.108582 5.82349 2.0129
      vertex 0.11166 5.83746 2.00217
    endloop
  endfacet
  facet normal -5.1802e-05 0.608601 0.793476
    outer loop
      vertex -0.12 5.83746 2.00217
      vertex 0.10461 5.80113 2.03005
      vertex 0.108582 5.82349 2.0129
    endloop
  endfacet
  facet normal 0 0.608803 0.793322
    outer loop
      vertex 0.10461 5.80113 2.03005
      vertex -0.12 5.83746 2.00217
      vertex -0.12 5.80113 2.03005
    endloop
  endfacet
  facet normal -0 0.38277 0.923844
    outer loop
      vertex -0.12 5.72187 2.07581
      vertex 0.0830189 5.67956 2.09334
      vertex 0.0905344 5.72187 2.07581
    endloop
  endfacet
  facet normal 0 0.38277 0.923844
    outer loop
      vertex 0.0830189 5.67956 2.09334
      vertex -0.12 5.72187 2.07581
      vertex -0.12 5.67956 2.09334
    endloop
  endfacet
  facet normal 0 -0.793086 -0.60911
    outer loop
      vertex -0.12 5.06994 1.29887
      vertex 0.0199127 5.07729 1.2893
      vertex 0.019586 5.06994 1.29887
    endloop
  endfacet
  facet normal 1.84453e-05 -0.793216 -0.60894
    outer loop
      vertex -0.12 5.09783 1.26254
      vertex 0.0199127 5.07729 1.2893
      vertex -0.12 5.06994 1.29887
    endloop
  endfacet
  facet normal 0 -0.793263 -0.60888
    outer loop
      vertex 0.0199127 5.07729 1.2893
      vertex -0.12 5.09783 1.26254
      vertex 0.0213906 5.09783 1.26254
    endloop
  endfacet
  facet normal 0 -0.999046 -0.0436646
    outer loop
      vertex -0.12 4.977 1.55424
      vertex 0.0153611 4.975 1.6
      vertex -0.12 4.975 1.6
    endloop
  endfacet
  facet normal 0 -0.999046 -0.0436646
    outer loop
      vertex 0.0153611 4.975 1.6
      vertex -0.12 4.977 1.55424
      vertex 0.01545 4.977 1.55424
    endloop
  endfacet
  facet normal 0 0.0436646 -0.999046
    outer loop
      vertex -0.12 5.54576 1.077
      vertex 0.0573962 5.5 1.075
      vertex -0.12 5.5 1.075
    endloop
  endfacet
  facet normal 0 0.0436646 -0.999046
    outer loop
      vertex 0.0573962 5.5 1.075
      vertex -0.12 5.54576 1.077
      vertex 0.0637417 5.54576 1.077
    endloop
  endfacet
  facet normal -9.97566e-07 0.887014 0.461743
    outer loop
      vertex -0.12 5.97581 1.82187
      vertex 0.137473 5.95466 1.8625
      vertex 0.141907 5.97479 1.82383
    endloop
  endfacet
  facet normal -0 0.887069 0.461638
    outer loop
      vertex -0.12 5.97581 1.82187
      vertex 0.141907 5.97479 1.82383
      vertex 0.142179 5.97581 1.82187
    endloop
  endfacet
  facet normal 0 0.887017 0.461738
    outer loop
      vertex 0.137473 5.95466 1.8625
      vertex -0.12 5.97581 1.82187
      vertex -0.12 5.95466 1.8625
    endloop
  endfacet
  facet normal -0 0.976315 0.216353
    outer loop
      vertex -0.12 6.01702 1.69116
      vertex 0.150532 6.00711 1.73588
      vertex 0.153177 6.01702 1.69116
    endloop
  endfacet
  facet normal 0 0.976315 0.216353
    outer loop
      vertex 0.150532 6.00711 1.73588
      vertex -0.12 6.01702 1.69116
      vertex -0.12 6.00711 1.73588
    endloop
  endfacet
  facet normal 0 -0.0436646 -0.999046
    outer loop
      vertex -0.12 5.5 1.075
      vertex 0.0521391 5.45424 1.077
      vertex -0.12 5.45424 1.077
    endloop
  endfacet
  facet normal 2.62713e-05 -0.043566 -0.999051
    outer loop
      vertex 0.0521391 5.45424 1.077
      vertex -0.12 5.5 1.075
      vertex 0.0553436 5.4852 1.07565
    endloop
  endfacet
  facet normal 0 -0.0438766 -0.999037
    outer loop
      vertex 0.0553436 5.4852 1.07565
      vertex -0.12 5.5 1.075
      vertex 0.0573962 5.5 1.075
    endloop
  endfacet
  facet normal 0 -0.887017 -0.461738
    outer loop
      vertex -0.12 5.04534 1.3375
      vertex 0.0175499 5.02419 1.37813
      vertex -0.12 5.02419 1.37813
    endloop
  endfacet
  facet normal 0 -0.887017 -0.461738
    outer loop
      vertex 0.0175499 5.02419 1.37813
      vertex -0.12 5.04534 1.3375
      vertex 0.018491 5.04534 1.3375
    endloop
  endfacet
  facet normal 0 0.60894 -0.793216
    outer loop
      vertex -0.12 5.83746 1.19783
      vertex 0.10461 5.80113 1.16994
      vertex -0.12 5.80113 1.16994
    endloop
  endfacet
  facet normal -3.03406e-05 0.608822 -0.793307
    outer loop
      vertex 0.10461 5.80113 1.16994
      vertex -0.12 5.83746 1.19783
      vertex 0.108582 5.82349 1.1871
    endloop
  endfacet
  facet normal 0 0.609134 -0.793067
    outer loop
      vertex 0.108582 5.82349 1.1871
      vertex -0.12 5.83746 1.19783
      vertex 0.11166 5.83746 1.19783
    endloop
  endfacet
  facet normal -0 0.999046 0.0436646
    outer loop
      vertex -0.12 6.025 1.6
      vertex 0.154773 6.023 1.64576
      vertex 0.155306 6.025 1.6
    endloop
  endfacet
  facet normal 0 0.999046 0.0436646
    outer loop
      vertex 0.154773 6.023 1.64576
      vertex -0.12 6.025 1.6
      vertex -0.12 6.023 1.64576
    endloop
  endfacet
  facet normal 0 0.461738 -0.887017
    outer loop
      vertex -0.12 5.7625 1.14534
      vertex 0.0905344 5.72187 1.12419
      vertex -0.12 5.72187 1.12419
    endloop
  endfacet
  facet normal 0 0.461738 -0.887017
    outer loop
      vertex 0.0905344 5.72187 1.12419
      vertex -0.12 5.7625 1.14534
      vertex 0.0977498 5.7625 1.14534
    endloop
  endfacet
  facet normal 0 -0.953731 0.300661
    outer loop
      vertex 0.0161571 4.99289 1.73588
      vertex -0.12 5.00666 1.77956
      vertex -0.12 4.99289 1.73588
    endloop
  endfacet
  facet normal 0 -0.953731 0.300661
    outer loop
      vertex -0.12 5.00666 1.77956
      vertex 0.0161571 4.99289 1.73588
      vertex 0.01677 5.00666 1.77956
    endloop
  endfacet
  facet normal 0 -0.300661 -0.953731
    outer loop
      vertex -0.12 5.36412 1.09289
      vertex 0.0382883 5.32044 1.10666
      vertex -0.12 5.32044 1.10666
    endloop
  endfacet
  facet normal 0 -0.300661 -0.953731
    outer loop
      vertex 0.0382883 5.32044 1.10666
      vertex -0.12 5.36412 1.09289
      vertex 0.0428099 5.36412 1.09289
    endloop
  endfacet
  facet normal 0 -0.793373 0.608736
    outer loop
      vertex -0.12 5.09783 1.93746
      vertex 0.0199127 5.07729 1.91069
      vertex 0.0213906 5.09783 1.93746
    endloop
  endfacet
  facet normal 6.19682e-05 -0.793216 0.60894
    outer loop
      vertex -0.12 5.06994 1.90113
      vertex 0.0199127 5.07729 1.91069
      vertex -0.12 5.09783 1.93746
    endloop
  endfacet
  facet normal 0 -0.792778 0.60951
    outer loop
      vertex 0.0199127 5.07729 1.91069
      vertex -0.12 5.06994 1.90113
      vertex 0.019586 5.06994 1.90113
    endloop
  endfacet
  facet normal 0 -0.675537 0.737326
    outer loop
      vertex -0.12 5.16254 2.00217
      vertex 0.0236169 5.12877 1.97123
      vertex 0.0260465 5.16254 2.00217
    endloop
  endfacet
  facet normal 0 -0.675537 0.737326
    outer loop
      vertex 0.0236169 5.12877 1.97123
      vertex -0.12 5.16254 2.00217
      vertex -0.12 5.12877 1.97123
    endloop
  endfacet
  facet normal 0 -0.976305 -0.216399
    outer loop
      vertex -0.12 4.99289 1.46412
      vertex 0.015716 4.98298 1.50883
      vertex -0.12 4.98298 1.50883
    endloop
  endfacet
  facet normal 0 -0.976305 -0.216399
    outer loop
      vertex 0.015716 4.98298 1.50883
      vertex -0.12 4.99289 1.46412
      vertex 0.0161571 4.99289 1.46412
    endloop
  endfacet
  facet normal 0 -0.953731 -0.300661
    outer loop
      vertex -0.12 5.00666 1.42044
      vertex 0.0161571 4.99289 1.46412
      vertex -0.12 4.99289 1.46412
    endloop
  endfacet
  facet normal 0 -0.953731 -0.300661
    outer loop
      vertex 0.0161571 4.99289 1.46412
      vertex -0.12 5.00666 1.42044
      vertex 0.01677 5.00666 1.42044
    endloop
  endfacet
  facet normal 0 -0.130562 -0.99144
    outer loop
      vertex -0.12 5.45424 1.077
      vertex 0.0474386 5.40883 1.08298
      vertex -0.12 5.40883 1.08298
    endloop
  endfacet
  facet normal 0 -0.130562 -0.99144
    outer loop
      vertex 0.0474386 5.40883 1.08298
      vertex -0.12 5.45424 1.077
      vertex 0.0521391 5.45424 1.077
    endloop
  endfacet
  facet normal 0 0.13059 -0.991436
    outer loop
      vertex -0.12 5.59116 1.08298
      vertex 0.0637417 5.54576 1.077
      vertex -0.12 5.54576 1.077
    endloop
  endfacet
  facet normal 0 0.13059 -0.991436
    outer loop
      vertex 0.0637417 5.54576 1.077
      vertex -0.12 5.59116 1.08298
      vertex 0.0700388 5.59116 1.08298
    endloop
  endfacet
  facet normal 0 -0.887017 0.461738
    outer loop
      vertex 0.0175499 5.02419 1.82187
      vertex -0.12 5.04534 1.8625
      vertex -0.12 5.02419 1.82187
    endloop
  endfacet
  facet normal 0 -0.887017 0.461738
    outer loop
      vertex -0.12 5.04534 1.8625
      vertex 0.0175499 5.02419 1.82187
      vertex 0.018491 5.04534 1.8625
    endloop
  endfacet
  facet normal 0 0.300661 -0.953731
    outer loop
      vertex -0.12 5.67956 1.10666
      vertex 0.0762399 5.63588 1.09289
      vertex -0.12 5.63588 1.09289
    endloop
  endfacet
  facet normal 1.25406e-05 0.300712 -0.953715
    outer loop
      vertex 0.0762399 5.63588 1.09289
      vertex -0.12 5.67956 1.10666
      vertex 0.0797272 5.66103 1.10082
    endloop
  endfacet
  facet normal 0 0.300589 -0.953754
    outer loop
      vertex 0.0797272 5.66103 1.10082
      vertex -0.12 5.67956 1.10666
      vertex 0.0830189 5.67956 1.10666
    endloop
  endfacet
  facet normal 0 0.99144 -0.130562
    outer loop
      vertex 0.153177 6.01702 1.50883
      vertex -0.12 6.023 1.55424
      vertex 0.154773 6.023 1.55424
    endloop
  endfacet
  facet normal 0 0.99144 -0.130562
    outer loop
      vertex -0.12 6.023 1.55424
      vertex 0.153177 6.01702 1.50883
      vertex -0.12 6.01702 1.50883
    endloop
  endfacet
  facet normal 0 -0.0438766 0.999037
    outer loop
      vertex -0.12 5.5 2.125
      vertex 0.0553436 5.4852 2.12435
      vertex 0.0573962 5.5 2.125
    endloop
  endfacet
  facet normal 2.62713e-05 -0.043566 0.999051
    outer loop
      vertex -0.12 5.5 2.125
      vertex 0.0521391 5.45424 2.123
      vertex 0.0553436 5.4852 2.12435
    endloop
  endfacet
  facet normal 0 -0.0436646 0.999046
    outer loop
      vertex 0.0521391 5.45424 2.123
      vertex -0.12 5.5 2.125
      vertex -0.12 5.45424 2.123
    endloop
  endfacet
  facet normal 0 -0.923844 0.38277
    outer loop
      vertex 0.01677 5.00666 1.77956
      vertex -0.12 5.02419 1.82187
      vertex -0.12 5.00666 1.77956
    endloop
  endfacet
  facet normal 0 -0.923844 0.38277
    outer loop
      vertex -0.12 5.02419 1.82187
      vertex 0.01677 5.00666 1.77956
      vertex 0.0175499 5.02419 1.82187
    endloop
  endfacet
  facet normal 0 -0.60894 -0.793216
    outer loop
      vertex -0.12 5.19887 1.16994
      vertex 0.0260465 5.16254 1.19783
      vertex -0.12 5.16254 1.19783
    endloop
  endfacet
  facet normal 0 -0.60894 -0.793216
    outer loop
      vertex 0.0260465 5.16254 1.19783
      vertex -0.12 5.19887 1.16994
      vertex 0.0286608 5.19887 1.16994
    endloop
  endfacet
  facet normal 0 -0.99144 -0.130562
    outer loop
      vertex -0.12 4.98298 1.50883
      vertex 0.01545 4.977 1.55424
      vertex -0.12 4.977 1.55424
    endloop
  endfacet
  facet normal 0 -0.99144 -0.130562
    outer loop
      vertex 0.01545 4.977 1.55424
      vertex -0.12 4.98298 1.50883
      vertex 0.015716 4.98298 1.50883
    endloop
  endfacet
  facet normal 0 -0.537144 -0.843491
    outer loop
      vertex -0.12 5.2375 1.14534
      vertex 0.0286608 5.19887 1.16994
      vertex -0.12 5.19887 1.16994
    endloop
  endfacet
  facet normal 0 -0.537144 -0.843491
    outer loop
      vertex 0.0286608 5.19887 1.16994
      vertex -0.12 5.2375 1.14534
      vertex 0.0314401 5.2375 1.14534
    endloop
  endfacet
  facet normal -0 0.300589 0.953754
    outer loop
      vertex -0.12 5.67956 2.09334
      vertex 0.0797272 5.66103 2.09918
      vertex 0.0830189 5.67956 2.09334
    endloop
  endfacet
  facet normal 1.25406e-05 0.300712 0.953715
    outer loop
      vertex -0.12 5.67956 2.09334
      vertex 0.0762399 5.63588 2.10711
      vertex 0.0797272 5.66103 2.09918
    endloop
  endfacet
  facet normal 0 0.300661 0.953731
    outer loop
      vertex 0.0762399 5.63588 2.10711
      vertex -0.12 5.67956 2.09334
      vertex -0.12 5.63588 2.10711
    endloop
  endfacet
  facet normal 0 -0.675537 -0.737326
    outer loop
      vertex -0.12 5.16254 1.19783
      vertex 0.0236169 5.12877 1.22877
      vertex -0.12 5.12877 1.22877
    endloop
  endfacet
  facet normal 0 -0.675537 -0.737326
    outer loop
      vertex 0.0236169 5.12877 1.22877
      vertex -0.12 5.16254 1.19783
      vertex 0.0260465 5.16254 1.19783
    endloop
  endfacet
  facet normal -0 0.953731 0.300661
    outer loop
      vertex -0.12 6.00711 1.73588
      vertex 0.146856 5.99334 1.77956
      vertex 0.150532 6.00711 1.73588
    endloop
  endfacet
  facet normal 0 0.953731 0.300661
    outer loop
      vertex 0.146856 5.99334 1.77956
      vertex -0.12 6.00711 1.73588
      vertex -0.12 5.99334 1.77956
    endloop
  endfacet
  facet normal 0 0.923844 -0.38277
    outer loop
      vertex 0.142179 5.97581 1.37813
      vertex -0.12 5.99334 1.42044
      vertex 0.146856 5.99334 1.42044
    endloop
  endfacet
  facet normal 0 0.923844 -0.38277
    outer loop
      vertex -0.12 5.99334 1.42044
      vertex 0.142179 5.97581 1.37813
      vertex -0.12 5.97581 1.37813
    endloop
  endfacet
  facet normal 0 -0.923844 -0.38277
    outer loop
      vertex -0.12 5.02419 1.37813
      vertex 0.01677 5.00666 1.42044
      vertex -0.12 5.00666 1.42044
    endloop
  endfacet
  facet normal 0 -0.923844 -0.38277
    outer loop
      vertex 0.01677 5.00666 1.42044
      vertex -0.12 5.02419 1.37813
      vertex 0.0175499 5.02419 1.37813
    endloop
  endfacet
  facet normal -0 0.461738 0.887017
    outer loop
      vertex -0.12 5.7625 2.05466
      vertex 0.0905344 5.72187 2.07581
      vertex 0.0977498 5.7625 2.05466
    endloop
  endfacet
  facet normal 0 0.461738 0.887017
    outer loop
      vertex 0.0905344 5.72187 2.07581
      vertex -0.12 5.7625 2.05466
      vertex -0.12 5.72187 2.07581
    endloop
  endfacet
  facet normal 0 -0.300661 0.953731
    outer loop
      vertex -0.12 5.36412 2.10711
      vertex 0.0382883 5.32044 2.09334
      vertex 0.0428099 5.36412 2.10711
    endloop
  endfacet
  facet normal 0 -0.300661 0.953731
    outer loop
      vertex 0.0382883 5.32044 2.09334
      vertex -0.12 5.36412 2.10711
      vertex -0.12 5.32044 2.09334
    endloop
  endfacet
  facet normal 0 -0.216399 -0.976305
    outer loop
      vertex -0.12 5.40883 1.08298
      vertex 0.0428099 5.36412 1.09289
      vertex -0.12 5.36412 1.09289
    endloop
  endfacet
  facet normal 0 -0.216399 -0.976305
    outer loop
      vertex 0.0428099 5.36412 1.09289
      vertex -0.12 5.40883 1.08298
      vertex 0.0474386 5.40883 1.08298
    endloop
  endfacet
  facet normal 0 -0.991436 0.13059
    outer loop
      vertex -0.12 4.977 1.64576
      vertex 0.015716 4.98298 1.69116
      vertex -0.12 4.98298 1.69116
    endloop
  endfacet
  facet normal 0 -0.991436 0.13059
    outer loop
      vertex 0.015716 4.98298 1.69116
      vertex -0.12 4.977 1.64576
      vertex 0.01545 4.977 1.64576
    endloop
  endfacet
  facet normal 0 0.843392 -0.537299
    outer loop
      vertex 0.132053 5.93005 1.29887
      vertex -0.12 5.95466 1.3375
      vertex 0.137473 5.95466 1.3375
    endloop
  endfacet
  facet normal 0 0.843392 -0.537299
    outer loop
      vertex -0.12 5.95466 1.3375
      vertex 0.132053 5.93005 1.29887
      vertex -0.12 5.93005 1.29887
    endloop
  endfacet
  facet normal 0 0.887069 -0.461638
    outer loop
      vertex 0.141907 5.97479 1.37617
      vertex -0.12 5.97581 1.37813
      vertex 0.142179 5.97581 1.37813
    endloop
  endfacet
  facet normal -9.97566e-07 0.887014 -0.461743
    outer loop
      vertex 0.137473 5.95466 1.3375
      vertex -0.12 5.97581 1.37813
      vertex 0.141907 5.97479 1.37617
    endloop
  endfacet
  facet normal 0 0.887017 -0.461738
    outer loop
      vertex -0.12 5.97581 1.37813
      vertex 0.137473 5.95466 1.3375
      vertex -0.12 5.95466 1.3375
    endloop
  endfacet
  facet normal 0 0.38277 -0.923844
    outer loop
      vertex -0.12 5.72187 1.12419
      vertex 0.0830189 5.67956 1.10666
      vertex -0.12 5.67956 1.10666
    endloop
  endfacet
  facet normal 0 0.38277 -0.923844
    outer loop
      vertex 0.0830189 5.67956 1.10666
      vertex -0.12 5.72187 1.12419
      vertex 0.0905344 5.72187 1.12419
    endloop
  endfacet
  facet normal -0 0.793322 0.608803
    outer loop
      vertex -0.12 5.93005 1.90113
      vertex 0.125912 5.90217 1.93746
      vertex 0.132053 5.93005 1.90113
    endloop
  endfacet
  facet normal 0 0.793322 0.608803
    outer loop
      vertex 0.125912 5.90217 1.93746
      vertex -0.12 5.93005 1.90113
      vertex -0.12 5.90217 1.93746
    endloop
  endfacet
  facet normal 0 -0.461827 -0.88697
    outer loop
      vertex -0.12 5.27812 1.12419
      vertex 0.0314401 5.2375 1.14534
      vertex -0.12 5.2375 1.14534
    endloop
  endfacet
  facet normal 0 -0.461827 -0.88697
    outer loop
      vertex 0.0314401 5.2375 1.14534
      vertex -0.12 5.27812 1.12419
      vertex 0.0343631 5.27812 1.12419
    endloop
  endfacet
  facet normal 0 -0.608803 0.793322
    outer loop
      vertex -0.12 5.19887 2.03005
      vertex 0.0260465 5.16254 2.00217
      vertex 0.0286608 5.19887 2.03005
    endloop
  endfacet
  facet normal 0 -0.608803 0.793322
    outer loop
      vertex 0.0260465 5.16254 2.00217
      vertex -0.12 5.19887 2.03005
      vertex -0.12 5.16254 2.00217
    endloop
  endfacet
  facet normal -0 0.843392 0.537299
    outer loop
      vertex -0.12 5.95466 1.8625
      vertex 0.132053 5.93005 1.90113
      vertex 0.137473 5.95466 1.8625
    endloop
  endfacet
  facet normal 0 0.843392 0.537299
    outer loop
      vertex 0.132053 5.93005 1.90113
      vertex -0.12 5.95466 1.8625
      vertex -0.12 5.93005 1.90113
    endloop
  endfacet
  facet normal -0 0.13059 0.991436
    outer loop
      vertex -0.12 5.59116 2.11702
      vertex 0.0637417 5.54576 2.123
      vertex 0.0700388 5.59116 2.11702
    endloop
  endfacet
  facet normal 0 0.13059 0.991436
    outer loop
      vertex 0.0637417 5.54576 2.123
      vertex -0.12 5.59116 2.11702
      vertex -0.12 5.54576 2.123
    endloop
  endfacet
  facet normal 0 -0.737326 -0.675537
    outer loop
      vertex -0.12 5.12877 1.22877
      vertex 0.0213906 5.09783 1.26254
      vertex -0.12 5.09783 1.26254
    endloop
  endfacet
  facet normal 0 -0.737326 -0.675537
    outer loop
      vertex 0.0213906 5.09783 1.26254
      vertex -0.12 5.12877 1.22877
      vertex 0.0236169 5.12877 1.22877
    endloop
  endfacet
  facet normal -0 0.216353 0.976315
    outer loop
      vertex -0.12 5.63588 2.10711
      vertex 0.0700388 5.59116 2.11702
      vertex 0.0762399 5.63588 2.10711
    endloop
  endfacet
  facet normal 0 0.216353 0.976315
    outer loop
      vertex 0.0700388 5.59116 2.11702
      vertex -0.12 5.63588 2.10711
      vertex -0.12 5.59116 2.11702
    endloop
  endfacet
  facet normal -0 0.0436646 0.999046
    outer loop
      vertex -0.12 5.54576 2.123
      vertex 0.0573962 5.5 2.125
      vertex 0.0637417 5.54576 2.123
    endloop
  endfacet
  facet normal 0 0.0436646 0.999046
    outer loop
      vertex 0.0573962 5.5 2.125
      vertex -0.12 5.54576 2.123
      vertex -0.12 5.5 2.125
    endloop
  endfacet
  facet normal 0 -0.382781 0.923839
    outer loop
      vertex -0.12 5.32044 2.09334
      vertex 0.0354004 5.29254 2.08178
      vertex 0.0382883 5.32044 2.09334
    endloop
  endfacet
  facet normal 1.85715e-05 -0.382692 0.923876
    outer loop
      vertex -0.12 5.27812 2.07581
      vertex 0.0354004 5.29254 2.08178
      vertex -0.12 5.32044 2.09334
    endloop
  endfacet
  facet normal 0 -0.382522 0.923947
    outer loop
      vertex 0.0354004 5.29254 2.08178
      vertex -0.12 5.27812 2.07581
      vertex 0.0343631 5.27812 2.07581
    endloop
  endfacet
  facet normal 0 0.537144 -0.843491
    outer loop
      vertex -0.12 5.80113 1.16994
      vertex 0.0977498 5.7625 1.14534
      vertex -0.12 5.7625 1.14534
    endloop
  endfacet
  facet normal 0 0.537144 -0.843491
    outer loop
      vertex 0.0977498 5.7625 1.14534
      vertex -0.12 5.80113 1.16994
      vertex 0.10461 5.80113 1.16994
    endloop
  endfacet
  facet normal -0 0.991436 0.13059
    outer loop
      vertex -0.12 6.023 1.64576
      vertex 0.153177 6.01702 1.69116
      vertex 0.154773 6.023 1.64576
    endloop
  endfacet
  facet normal 0 0.991436 0.13059
    outer loop
      vertex 0.153177 6.01702 1.69116
      vertex -0.12 6.023 1.64576
      vertex -0.12 6.01702 1.69116
    endloop
  endfacet
  facet normal 0 -0.216399 0.976305
    outer loop
      vertex -0.12 5.40883 2.11702
      vertex 0.0428099 5.36412 2.10711
      vertex 0.0474386 5.40883 2.11702
    endloop
  endfacet
  facet normal 0 -0.216399 0.976305
    outer loop
      vertex 0.0428099 5.36412 2.10711
      vertex -0.12 5.40883 2.11702
      vertex -0.12 5.36412 2.10711
    endloop
  endfacet
  facet normal 0 -0.737326 0.675537
    outer loop
      vertex 0.0213906 5.09783 1.93746
      vertex -0.12 5.12877 1.97123
      vertex -0.12 5.09783 1.93746
    endloop
  endfacet
  facet normal 0 -0.737326 0.675537
    outer loop
      vertex -0.12 5.12877 1.97123
      vertex 0.0213906 5.09783 1.93746
      vertex 0.0236169 5.12877 1.97123
    endloop
  endfacet
  facet normal 0 0.953731 -0.300661
    outer loop
      vertex 0.146856 5.99334 1.42044
      vertex -0.12 6.00711 1.46412
      vertex 0.150532 6.00711 1.46412
    endloop
  endfacet
  facet normal 0 0.953731 -0.300661
    outer loop
      vertex -0.12 6.00711 1.46412
      vertex 0.146856 5.99334 1.42044
      vertex -0.12 5.99334 1.42044
    endloop
  endfacet
  facet normal 0 -0.843491 0.537144
    outer loop
      vertex 0.018491 5.04534 1.8625
      vertex -0.12 5.06994 1.90113
      vertex -0.12 5.04534 1.8625
    endloop
  endfacet
  facet normal 0 -0.843491 0.537144
    outer loop
      vertex -0.12 5.06994 1.90113
      vertex 0.018491 5.04534 1.8625
      vertex 0.019586 5.06994 1.90113
    endloop
  endfacet
  facet normal 0 -0.461827 0.88697
    outer loop
      vertex -0.12 5.27812 2.07581
      vertex 0.0314401 5.2375 2.05466
      vertex 0.0343631 5.27812 2.07581
    endloop
  endfacet
  facet normal 0 -0.461827 0.88697
    outer loop
      vertex 0.0314401 5.2375 2.05466
      vertex -0.12 5.27812 2.07581
      vertex -0.12 5.2375 2.05466
    endloop
  endfacet
  facet normal 0 0.675537 -0.737326
    outer loop
      vertex -0.12 5.87123 1.22877
      vertex 0.11166 5.83746 1.19783
      vertex -0.12 5.83746 1.19783
    endloop
  endfacet
  facet normal 0 0.675537 -0.737326
    outer loop
      vertex 0.11166 5.83746 1.19783
      vertex -0.12 5.87123 1.22877
      vertex 0.119097 5.87123 1.22877
    endloop
  endfacet
  facet normal 0 0.976305 -0.216399
    outer loop
      vertex 0.150532 6.00711 1.46412
      vertex -0.12 6.01702 1.50883
      vertex 0.153177 6.01702 1.50883
    endloop
  endfacet
  facet normal 0 0.976305 -0.216399
    outer loop
      vertex -0.12 6.01702 1.50883
      vertex 0.150532 6.00711 1.46412
      vertex -0.12 6.00711 1.46412
    endloop
  endfacet
  facet normal 0 0.737326 -0.675537
    outer loop
      vertex 0.119097 5.87123 1.22877
      vertex -0.12 5.90217 1.26254
      vertex 0.125912 5.90217 1.26254
    endloop
  endfacet
  facet normal 0 0.737326 -0.675537
    outer loop
      vertex -0.12 5.90217 1.26254
      vertex 0.119097 5.87123 1.22877
      vertex -0.12 5.87123 1.22877
    endloop
  endfacet
  facet normal 0 -0.537299 0.843392
    outer loop
      vertex -0.12 5.2375 2.05466
      vertex 0.0286608 5.19887 2.03005
      vertex 0.0314401 5.2375 2.05466
    endloop
  endfacet
  facet normal 0 -0.537299 0.843392
    outer loop
      vertex 0.0286608 5.19887 2.03005
      vertex -0.12 5.2375 2.05466
      vertex -0.12 5.19887 2.03005
    endloop
  endfacet
  facet normal 0 -0.382522 -0.923947
    outer loop
      vertex -0.12 5.27812 1.12419
      vertex 0.0354004 5.29254 1.11822
      vertex 0.0343631 5.27812 1.12419
    endloop
  endfacet
  facet normal 1.85715e-05 -0.382692 -0.923876
    outer loop
      vertex -0.12 5.32044 1.10666
      vertex 0.0354004 5.29254 1.11822
      vertex -0.12 5.27812 1.12419
    endloop
  endfacet
  facet normal 0 -0.382781 -0.923839
    outer loop
      vertex 0.0354004 5.29254 1.11822
      vertex -0.12 5.32044 1.10666
      vertex 0.0382883 5.32044 1.10666
    endloop
  endfacet
  facet normal 0 -0.976315 0.216353
    outer loop
      vertex -0.12 4.98298 1.69116
      vertex 0.0161571 4.99289 1.73588
      vertex -0.12 4.99289 1.73588
    endloop
  endfacet
  facet normal 0 -0.976315 0.216353
    outer loop
      vertex 0.0161571 4.99289 1.73588
      vertex -0.12 4.98298 1.69116
      vertex 0.015716 4.98298 1.69116
    endloop
  endfacet
  facet normal 0 -0.843491 -0.537144
    outer loop
      vertex -0.12 5.06994 1.29887
      vertex 0.018491 5.04534 1.3375
      vertex -0.12 5.04534 1.3375
    endloop
  endfacet
  facet normal 0 -0.843491 -0.537144
    outer loop
      vertex 0.018491 5.04534 1.3375
      vertex -0.12 5.06994 1.29887
      vertex 0.019586 5.06994 1.29887
    endloop
  endfacet
  facet normal 0 0.999046 -0.0436646
    outer loop
      vertex 0.154773 6.023 1.55424
      vertex -0.12 6.025 1.6
      vertex 0.155306 6.025 1.6
    endloop
  endfacet
  facet normal 0 0.999046 -0.0436646
    outer loop
      vertex -0.12 6.025 1.6
      vertex 0.154773 6.023 1.55424
      vertex -0.12 6.023 1.55424
    endloop
  endfacet
  facet normal 0 -0.999046 0.0436646
    outer loop
      vertex -0.12 4.975 1.6
      vertex 0.01545 4.977 1.64576
      vertex -0.12 4.977 1.64576
    endloop
  endfacet
  facet normal 0 -0.999046 0.0436646
    outer loop
      vertex 0.01545 4.977 1.64576
      vertex -0.12 4.975 1.6
      vertex 0.0153611 4.975 1.6
    endloop
  endfacet
  facet normal -0 0.537299 0.843392
    outer loop
      vertex -0.12 5.80113 2.03005
      vertex 0.0977498 5.7625 2.05466
      vertex 0.10461 5.80113 2.03005
    endloop
  endfacet
  facet normal 0 0.537299 0.843392
    outer loop
      vertex 0.0977498 5.7625 2.05466
      vertex -0.12 5.80113 2.03005
      vertex -0.12 5.7625 2.05466
    endloop
  endfacet
  facet normal 0 -0.976276 -0.216529
    outer loop
      vertex -0.469999 4.85766 1.42789
      vertex -0.12 4.8451 1.48452
      vertex -0.469999 4.8451 1.48452
    endloop
  endfacet
  facet normal 0 -0.976276 -0.216529
    outer loop
      vertex -0.12 4.8451 1.48452
      vertex -0.469999 4.85766 1.42789
      vertex -0.12 4.85766 1.42789
    endloop
  endfacet
  facet normal 0 0.216463 -0.976291
    outer loop
      vertex -0.469999 5.61548 0.945103
      vertex -0.12 5.67211 0.957659
      vertex -0.12 5.61548 0.945103
    endloop
  endfacet
  facet normal 0 0.216463 -0.976291
    outer loop
      vertex -0.12 5.67211 0.957659
      vertex -0.469999 5.61548 0.945103
      vertex -0.469999 5.67211 0.957659
    endloop
  endfacet
  facet normal 0 -0.843406 0.537277
    outer loop
      vertex -0.469999 4.92409 1.9325
      vertex -0.12 4.95526 1.98143
      vertex -0.469999 4.95526 1.98143
    endloop
  endfacet
  facet normal 0 -0.843406 0.537277
    outer loop
      vertex -0.12 4.95526 1.98143
      vertex -0.469999 4.92409 1.9325
      vertex -0.12 4.92409 1.9325
    endloop
  endfacet
  facet normal 0 -0.886999 0.461771
    outer loop
      vertex -0.469999 4.8973 1.88104
      vertex -0.12 4.92409 1.9325
      vertex -0.469999 4.92409 1.9325
    endloop
  endfacet
  facet normal 0 -0.886999 0.461771
    outer loop
      vertex -0.12 4.92409 1.9325
      vertex -0.469999 4.8973 1.88104
      vertex -0.12 4.8973 1.88104
    endloop
  endfacet
  facet normal 0 -0.0436437 -0.999047
    outer loop
      vertex -0.469999 5.44204 0.937531
      vertex -0.12 5.5 0.934999
      vertex -0.12 5.44204 0.937531
    endloop
  endfacet
  facet normal -0 -0.0436437 -0.999047
    outer loop
      vertex -0.12 5.5 0.934999
      vertex -0.469999 5.44204 0.937531
      vertex -0.469999 5.5 0.934999
    endloop
  endfacet
  facet normal -0 0.461635 0.88707
    outer loop
      vertex -0.469999 5.8325 2.17591
      vertex -0.12 5.78104 2.20269
      vertex -0.12 5.8325 2.17591
    endloop
  endfacet
  facet normal 0 0.461635 0.88707
    outer loop
      vertex -0.12 5.78104 2.20269
      vertex -0.469999 5.8325 2.17591
      vertex -0.469999 5.78104 2.20269
    endloop
  endfacet
  facet normal 0 0.0436437 -0.999047
    outer loop
      vertex -0.469999 5.5 0.934999
      vertex -0.12 5.55796 0.937531
      vertex -0.12 5.5 0.934999
    endloop
  endfacet
  facet normal 0 0.0436437 -0.999047
    outer loop
      vertex -0.12 5.55796 0.937531
      vertex -0.469999 5.5 0.934999
      vertex -0.469999 5.55796 0.937531
    endloop
  endfacet
  facet normal 0 0.953744 -0.30062
    outer loop
      vertex -0.12 6.1249 1.37256
      vertex -0.469999 6.14234 1.42789
      vertex -0.12 6.14234 1.42789
    endloop
  endfacet
  facet normal 0 0.953744 -0.30062
    outer loop
      vertex -0.469999 6.14234 1.42789
      vertex -0.12 6.1249 1.37256
      vertex -0.469999 6.1249 1.37256
    endloop
  endfacet
  facet normal 0 -0.461635 0.88707
    outer loop
      vertex -0.469999 5.21896 2.20269
      vertex -0.12 5.1675 2.17591
      vertex -0.12 5.21896 2.20269
    endloop
  endfacet
  facet normal 0 -0.461635 0.88707
    outer loop
      vertex -0.12 5.1675 2.17591
      vertex -0.469999 5.21896 2.20269
      vertex -0.469999 5.1675 2.17591
    endloop
  endfacet
  facet normal 0 0.382671 -0.923885
    outer loop
      vertex -0.469999 5.72744 0.975104
      vertex -0.12 5.78104 0.997305
      vertex -0.12 5.72744 0.975104
    endloop
  endfacet
  facet normal 0 0.382671 -0.923885
    outer loop
      vertex -0.12 5.78104 0.997305
      vertex -0.469999 5.72744 0.975104
      vertex -0.469999 5.78104 0.997305
    endloop
  endfacet
  facet normal 0 0.88707 -0.461635
    outer loop
      vertex -0.12 6.07591 1.2675
      vertex -0.469999 6.10269 1.31896
      vertex -0.12 6.10269 1.31896
    endloop
  endfacet
  facet normal 0 0.88707 -0.461635
    outer loop
      vertex -0.469999 6.10269 1.31896
      vertex -0.12 6.07591 1.2675
      vertex -0.469999 6.07591 1.2675
    endloop
  endfacet
  facet normal 0 0.976276 0.216529
    outer loop
      vertex -0.12 6.1549 1.71548
      vertex -0.469999 6.14234 1.77211
      vertex -0.12 6.14234 1.77211
    endloop
  endfacet
  facet normal 0 0.976276 0.216529
    outer loop
      vertex -0.469999 6.14234 1.77211
      vertex -0.12 6.1549 1.71548
      vertex -0.469999 6.1549 1.71548
    endloop
  endfacet
  facet normal 0 -0.216492 0.976284
    outer loop
      vertex -0.469999 5.38452 2.2549
      vertex -0.12 5.32788 2.24234
      vertex -0.12 5.38452 2.2549
    endloop
  endfacet
  facet normal 0 -0.216492 0.976284
    outer loop
      vertex -0.12 5.32788 2.24234
      vertex -0.469999 5.38452 2.2549
      vertex -0.469999 5.32788 2.24234
    endloop
  endfacet
  facet normal -0 0.382803 0.92383
    outer loop
      vertex -0.469999 5.78104 2.20269
      vertex -0.12 5.72744 2.2249
      vertex -0.12 5.78104 2.20269
    endloop
  endfacet
  facet normal 0 0.382803 0.92383
    outer loop
      vertex -0.12 5.72744 2.2249
      vertex -0.469999 5.78104 2.20269
      vertex -0.469999 5.72744 2.2249
    endloop
  endfacet
  facet normal 0 -0.999049 -0.0436093
    outer loop
      vertex -0.469999 4.83753 1.54204
      vertex -0.12 4.835 1.6
      vertex -0.469999 4.835 1.6
    endloop
  endfacet
  facet normal 0 -0.999049 -0.0436093
    outer loop
      vertex -0.12 4.835 1.6
      vertex -0.469999 4.83753 1.54204
      vertex -0.12 4.83753 1.54204
    endloop
  endfacet
  facet normal 0 -0.886999 -0.461771
    outer loop
      vertex -0.469999 4.92409 1.2675
      vertex -0.12 4.8973 1.31896
      vertex -0.469999 4.8973 1.31896
    endloop
  endfacet
  facet normal 0 -0.886999 -0.461771
    outer loop
      vertex -0.12 4.8973 1.31896
      vertex -0.469999 4.92409 1.2675
      vertex -0.12 4.92409 1.2675
    endloop
  endfacet
  facet normal 0 -0.991451 -0.130481
    outer loop
      vertex -0.469999 4.8451 1.48452
      vertex -0.12 4.83753 1.54204
      vertex -0.469999 4.83753 1.54204
    endloop
  endfacet
  facet normal 0 -0.991451 -0.130481
    outer loop
      vertex -0.12 4.83753 1.54204
      vertex -0.469999 4.8451 1.48452
      vertex -0.12 4.8451 1.48452
    endloop
  endfacet
  facet normal 0 0.737369 -0.67549
    outer loop
      vertex -0.12 5.97023 1.12977
      vertex -0.469999 6.00942 1.17255
      vertex -0.12 6.00942 1.17255
    endloop
  endfacet
  facet normal 0 0.737369 -0.67549
    outer loop
      vertex -0.469999 6.00942 1.17255
      vertex -0.12 5.97023 1.12977
      vertex -0.469999 5.97023 1.12977
    endloop
  endfacet
  facet normal 0 -0.737369 0.67549
    outer loop
      vertex -0.469999 4.99058 2.02745
      vertex -0.12 5.02977 2.07023
      vertex -0.469999 5.02977 2.07023
    endloop
  endfacet
  facet normal 0 -0.737369 0.67549
    outer loop
      vertex -0.12 5.02977 2.07023
      vertex -0.469999 4.99058 2.02745
      vertex -0.12 4.99058 2.02745
    endloop
  endfacet
  facet normal 0 -0.216427 -0.976299
    outer loop
      vertex -0.469999 5.32788 0.957659
      vertex -0.12 5.38452 0.945103
      vertex -0.12 5.32788 0.957659
    endloop
  endfacet
  facet normal -0 -0.216427 -0.976299
    outer loop
      vertex -0.12 5.38452 0.945103
      vertex -0.469999 5.32788 0.957659
      vertex -0.469999 5.38452 0.945103
    endloop
  endfacet
  facet normal 0 0.608844 -0.79329
    outer loop
      vertex -0.469999 5.88143 1.05526
      vertex -0.12 5.92745 1.09058
      vertex -0.12 5.88143 1.05526
    endloop
  endfacet
  facet normal 0 0.608844 -0.79329
    outer loop
      vertex -0.12 5.92745 1.09058
      vertex -0.469999 5.88143 1.05526
      vertex -0.469999 5.92745 1.09058
    endloop
  endfacet
  facet normal 0 0.92383 -0.382803
    outer loop
      vertex -0.12 6.10269 1.31896
      vertex -0.469999 6.1249 1.37256
      vertex -0.12 6.1249 1.37256
    endloop
  endfacet
  facet normal 0 0.92383 -0.382803
    outer loop
      vertex -0.469999 6.1249 1.37256
      vertex -0.12 6.10269 1.31896
      vertex -0.469999 6.10269 1.31896
    endloop
  endfacet
  facet normal 0 0.300698 -0.953719
    outer loop
      vertex -0.469999 5.67211 0.957659
      vertex -0.12 5.72744 0.975104
      vertex -0.12 5.67211 0.957659
    endloop
  endfacet
  facet normal 0 0.300698 -0.953719
    outer loop
      vertex -0.12 5.72744 0.975104
      vertex -0.469999 5.67211 0.957659
      vertex -0.469999 5.72744 0.975104
    endloop
  endfacet
  facet normal 0 0.79329 -0.608844
    outer loop
      vertex -0.12 6.00942 1.17255
      vertex -0.469999 6.04474 1.21857
      vertex -0.12 6.04474 1.21857
    endloop
  endfacet
  facet normal 0 0.79329 -0.608844
    outer loop
      vertex -0.469999 6.04474 1.21857
      vertex -0.12 6.00942 1.17255
      vertex -0.469999 6.00942 1.17255
    endloop
  endfacet
  facet normal 0 0.130515 -0.991446
    outer loop
      vertex -0.469999 5.55796 0.937531
      vertex -0.12 5.61548 0.945103
      vertex -0.12 5.55796 0.937531
    endloop
  endfacet
  facet normal 0 0.130515 -0.991446
    outer loop
      vertex -0.12 5.61548 0.945103
      vertex -0.469999 5.55796 0.937531
      vertex -0.469999 5.61548 0.945103
    endloop
  endfacet
  facet normal 0 0.461703 -0.887035
    outer loop
      vertex -0.469999 5.78104 0.997305
      vertex -0.12 5.8325 1.02409
      vertex -0.12 5.78104 0.997305
    endloop
  endfacet
  facet normal 0 0.461703 -0.887035
    outer loop
      vertex -0.12 5.8325 1.02409
      vertex -0.469999 5.78104 0.997305
      vertex -0.469999 5.8325 1.02409
    endloop
  endfacet
  facet normal 0 -0.461703 -0.887035
    outer loop
      vertex -0.469999 5.1675 1.02409
      vertex -0.12 5.21896 0.997305
      vertex -0.12 5.1675 1.02409
    endloop
  endfacet
  facet normal -0 -0.461703 -0.887035
    outer loop
      vertex -0.12 5.21896 0.997305
      vertex -0.469999 5.1675 1.02409
      vertex -0.469999 5.21896 0.997305
    endloop
  endfacet
  facet normal 0 0.953744 0.30062
    outer loop
      vertex -0.12 6.14234 1.77211
      vertex -0.469999 6.1249 1.82744
      vertex -0.12 6.1249 1.82744
    endloop
  endfacet
  facet normal 0 0.953744 0.30062
    outer loop
      vertex -0.469999 6.1249 1.82744
      vertex -0.12 6.14234 1.77211
      vertex -0.469999 6.14234 1.77211
    endloop
  endfacet
  facet normal 0 0.737369 0.67549
    outer loop
      vertex -0.12 6.00942 2.02745
      vertex -0.469999 5.97023 2.07023
      vertex -0.12 5.97023 2.07023
    endloop
  endfacet
  facet normal 0 0.737369 0.67549
    outer loop
      vertex -0.469999 5.97023 2.07023
      vertex -0.12 6.00942 2.02745
      vertex -0.469999 6.00942 2.02745
    endloop
  endfacet
  facet normal 0 0.999049 0.0436093
    outer loop
      vertex -0.12 6.165 1.6
      vertex -0.469999 6.16247 1.65796
      vertex -0.12 6.16247 1.65796
    endloop
  endfacet
  facet normal 0 0.999049 0.0436093
    outer loop
      vertex -0.469999 6.16247 1.65796
      vertex -0.12 6.165 1.6
      vertex -0.469999 6.165 1.6
    endloop
  endfacet
  facet normal 0 0.843406 -0.537277
    outer loop
      vertex -0.12 6.04474 1.21857
      vertex -0.469999 6.07591 1.2675
      vertex -0.12 6.07591 1.2675
    endloop
  endfacet
  facet normal 0 0.843406 -0.537277
    outer loop
      vertex -0.469999 6.07591 1.2675
      vertex -0.12 6.04474 1.21857
      vertex -0.469999 6.04474 1.21857
    endloop
  endfacet
  facet normal 0 -0.976276 0.216529
    outer loop
      vertex -0.469999 4.8451 1.71548
      vertex -0.12 4.85766 1.77211
      vertex -0.469999 4.85766 1.77211
    endloop
  endfacet
  facet normal 0 -0.976276 0.216529
    outer loop
      vertex -0.12 4.85766 1.77211
      vertex -0.469999 4.8451 1.71548
      vertex -0.12 4.8451 1.71548
    endloop
  endfacet
  facet normal 0 0.999049 -0.0436093
    outer loop
      vertex -0.12 6.16247 1.54204
      vertex -0.469999 6.165 1.6
      vertex -0.12 6.165 1.6
    endloop
  endfacet
  facet normal 0 0.999049 -0.0436093
    outer loop
      vertex -0.469999 6.165 1.6
      vertex -0.12 6.16247 1.54204
      vertex -0.469999 6.16247 1.54204
    endloop
  endfacet
  facet normal 0 -0.923891 -0.382656
    outer loop
      vertex -0.469999 4.8973 1.31896
      vertex -0.12 4.8751 1.37256
      vertex -0.469999 4.8751 1.37256
    endloop
  endfacet
  facet normal 0 -0.923891 -0.382656
    outer loop
      vertex -0.12 4.8751 1.37256
      vertex -0.469999 4.8973 1.31896
      vertex -0.12 4.8973 1.31896
    endloop
  endfacet
  facet normal 0 -0.953744 -0.30062
    outer loop
      vertex -0.469999 4.8751 1.37256
      vertex -0.12 4.85766 1.42789
      vertex -0.469999 4.85766 1.42789
    endloop
  endfacet
  facet normal 0 -0.953744 -0.30062
    outer loop
      vertex -0.12 4.85766 1.42789
      vertex -0.469999 4.8751 1.37256
      vertex -0.12 4.8751 1.37256
    endloop
  endfacet
  facet normal 0 -0.130515 -0.991446
    outer loop
      vertex -0.469999 5.38452 0.945103
      vertex -0.12 5.44204 0.937531
      vertex -0.12 5.38452 0.945103
    endloop
  endfacet
  facet normal -0 -0.130515 -0.991446
    outer loop
      vertex -0.12 5.44204 0.937531
      vertex -0.469999 5.38452 0.945103
      vertex -0.469999 5.44204 0.937531
    endloop
  endfacet
  facet normal 0 -0.737369 -0.67549
    outer loop
      vertex -0.469999 5.02977 1.12977
      vertex -0.12 4.99058 1.17255
      vertex -0.469999 4.99058 1.17255
    endloop
  endfacet
  facet normal 0 -0.737369 -0.67549
    outer loop
      vertex -0.12 4.99058 1.17255
      vertex -0.469999 5.02977 1.12977
      vertex -0.12 5.02977 1.12977
    endloop
  endfacet
  facet normal 0 0.67549 -0.737369
    outer loop
      vertex -0.469999 5.92745 1.09058
      vertex -0.12 5.97023 1.12977
      vertex -0.12 5.92745 1.09058
    endloop
  endfacet
  facet normal 0 0.67549 -0.737369
    outer loop
      vertex -0.12 5.97023 1.12977
      vertex -0.469999 5.92745 1.09058
      vertex -0.469999 5.97023 1.12977
    endloop
  endfacet
  facet normal 0 0.991451 0.130481
    outer loop
      vertex -0.12 6.16247 1.65796
      vertex -0.469999 6.1549 1.71548
      vertex -0.12 6.1549 1.71548
    endloop
  endfacet
  facet normal 0 0.991451 0.130481
    outer loop
      vertex -0.469999 6.1549 1.71548
      vertex -0.12 6.16247 1.65796
      vertex -0.469999 6.16247 1.65796
    endloop
  endfacet
  facet normal 0 0.88707 0.461635
    outer loop
      vertex -0.12 6.10269 1.88104
      vertex -0.469999 6.07591 1.9325
      vertex -0.12 6.07591 1.9325
    endloop
  endfacet
  facet normal 0 0.88707 0.461635
    outer loop
      vertex -0.469999 6.07591 1.9325
      vertex -0.12 6.10269 1.88104
      vertex -0.469999 6.10269 1.88104
    endloop
  endfacet
  facet normal 0 0.537277 -0.843406
    outer loop
      vertex -0.469999 5.8325 1.02409
      vertex -0.12 5.88143 1.05526
      vertex -0.12 5.8325 1.02409
    endloop
  endfacet
  facet normal 0 0.537277 -0.843406
    outer loop
      vertex -0.12 5.88143 1.05526
      vertex -0.469999 5.8325 1.02409
      vertex -0.469999 5.88143 1.05526
    endloop
  endfacet
  facet normal 1 0 0
    outer loop
      vertex -0.12 6.025 1.6
      vertex -0.12 6.165 1.6
      vertex -0.12 6.16247 1.65796
    endloop
  endfacet
  facet normal 1 0 0
    outer loop
      vertex -0.12 6.023 1.64576
      vertex -0.12 6.16247 1.65796
      vertex -0.12 6.1549 1.71548
    endloop
  endfacet
  facet normal 1 0 0
    outer loop
      vertex -0.12 6.165 1.6
      vertex -0.12 6.025 1.6
      vertex -0.12 6.16247 1.54204
    endloop
  endfacet
  facet normal 1 0 0
    outer loop
      vertex -0.12 6.01702 1.69116
      vertex -0.12 6.1549 1.71548
      vertex -0.12 6.14234 1.77211
    endloop
  endfacet
  facet normal 1 -0 0
    outer loop
      vertex -0.12 6.023 1.55424
      vertex -0.12 6.16247 1.54204
      vertex -0.12 6.025 1.6
    endloop
  endfacet
  facet normal 1 0 0
    outer loop
      vertex -0.12 6.00711 1.73588
      vertex -0.12 6.14234 1.77211
      vertex -0.12 6.1249 1.82744
    endloop
  endfacet
  facet normal 1 0 0
    outer loop
      vertex -0.12 6.16247 1.54204
      vertex -0.12 6.023 1.55424
      vertex -0.12 6.1549 1.48452
    endloop
  endfacet
  facet normal 1 0 0
    outer loop
      vertex -0.12 5.99334 1.77956
      vertex -0.12 6.1249 1.82744
      vertex -0.12 6.10269 1.88104
    endloop
  endfacet
  facet normal 1 -0 0
    outer loop
      vertex -0.12 6.01702 1.50883
      vertex -0.12 6.1549 1.48452
      vertex -0.12 6.023 1.55424
    endloop
  endfacet
  facet normal 1 0 0
    outer loop
      vertex -0.12 5.97581 1.82187
      vertex -0.12 6.10269 1.88104
      vertex -0.12 6.07591 1.9325
    endloop
  endfacet
  facet normal 1 0 0
    outer loop
      vertex -0.12 6.1549 1.48452
      vertex -0.12 6.01702 1.50883
      vertex -0.12 6.14234 1.42789
    endloop
  endfacet
  facet normal 1 0 0
    outer loop
      vertex -0.12 5.95466 1.8625
      vertex -0.12 6.07591 1.9325
      vertex -0.12 6.04474 1.98143
    endloop
  endfacet
  facet normal 1 -0 0
    outer loop
      vertex -0.12 6.00711 1.46412
      vertex -0.12 6.14234 1.42789
      vertex -0.12 6.01702 1.50883
    endloop
  endfacet
  facet normal 1 0 0
    outer loop
      vertex -0.12 6.14234 1.42789
      vertex -0.12 6.00711 1.46412
      vertex -0.12 6.1249 1.37256
    endloop
  endfacet
  facet normal 1 0 0
    outer loop
      vertex -0.12 6.16247 1.65796
      vertex -0.12 6.023 1.64576
      vertex -0.12 6.025 1.6
    endloop
  endfacet
  facet normal 1 0 0
    outer loop
      vertex -0.12 6.1549 1.71548
      vertex -0.12 6.01702 1.69116
      vertex -0.12 6.023 1.64576
    endloop
  endfacet
  facet normal 1 0 0
    outer loop
      vertex -0.12 5.93005 1.90113
      vertex -0.12 6.04474 1.98143
      vertex -0.12 6.00942 2.02745
    endloop
  endfacet
  facet normal 1 0 0
    outer loop
      vertex -0.12 6.14234 1.77211
      vertex -0.12 6.00711 1.73588
      vertex -0.12 6.01702 1.69116
    endloop
  endfacet
  facet normal 1 0 0
    outer loop
      vertex -0.12 6.1249 1.82744
      vertex -0.12 5.99334 1.77956
      vertex -0.12 6.00711 1.73588
    endloop
  endfacet
  facet normal 1 0 0
    outer loop
      vertex -0.12 6.10269 1.88104
      vertex -0.12 5.97581 1.82187
      vertex -0.12 5.99334 1.77956
    endloop
  endfacet
  facet normal 1 0 0
    outer loop
      vertex -0.12 5.90217 1.93746
      vertex -0.12 6.00942 2.02745
      vertex -0.12 5.97023 2.07023
    endloop
  endfacet
  facet normal 1 0 0
    outer loop
      vertex -0.12 6.07591 1.9325
      vertex -0.12 5.95466 1.8625
      vertex -0.12 5.97581 1.82187
    endloop
  endfacet
  facet normal 1 0 0
    outer loop
      vertex -0.12 6.04474 1.98143
      vertex -0.12 5.93005 1.90113
      vertex -0.12 5.95466 1.8625
    endloop
  endfacet
  facet normal 1 0 0
    outer loop
      vertex -0.12 5.87123 1.97123
      vertex -0.12 5.97023 2.07023
      vertex -0.12 5.92745 2.10942
    endloop
  endfacet
  facet normal 1 0 0
    outer loop
      vertex -0.12 6.00942 2.02745
      vertex -0.12 5.90217 1.93746
      vertex -0.12 5.93005 1.90113
    endloop
  endfacet
  facet normal 1 0 0
    outer loop
      vertex -0.12 5.83746 2.00217
      vertex -0.12 5.92745 2.10942
      vertex -0.12 5.88143 2.14474
    endloop
  endfacet
  facet normal 1 0 0
    outer loop
      vertex -0.12 5.97023 2.07023
      vertex -0.12 5.87123 1.97123
      vertex -0.12 5.90217 1.93746
    endloop
  endfacet
  facet normal 1 0 0
    outer loop
      vertex -0.12 5.92745 2.10942
      vertex -0.12 5.83746 2.00217
      vertex -0.12 5.87123 1.97123
    endloop
  endfacet
  facet normal 1 0 0
    outer loop
      vertex -0.12 5.80113 2.03005
      vertex -0.12 5.88143 2.14474
      vertex -0.12 5.8325 2.17591
    endloop
  endfacet
  facet normal 1 0 0
    outer loop
      vertex -0.12 5.88143 2.14474
      vertex -0.12 5.80113 2.03005
      vertex -0.12 5.83746 2.00217
    endloop
  endfacet
  facet normal 1 0 0
    outer loop
      vertex -0.12 5.7625 2.05466
      vertex -0.12 5.8325 2.17591
      vertex -0.12 5.78104 2.20269
    endloop
  endfacet
  facet normal 1 0 0
    outer loop
      vertex -0.12 5.8325 2.17591
      vertex -0.12 5.7625 2.05466
      vertex -0.12 5.80113 2.03005
    endloop
  endfacet
  facet normal 1 0 0
    outer loop
      vertex -0.12 5.72187 2.07581
      vertex -0.12 5.78104 2.20269
      vertex -0.12 5.72744 2.2249
    endloop
  endfacet
  facet normal 1 0 0
    outer loop
      vertex -0.12 5.78104 2.20269
      vertex -0.12 5.72187 2.07581
      vertex -0.12 5.7625 2.05466
    endloop
  endfacet
  facet normal 1 0 0
    outer loop
      vertex -0.12 5.72744 2.2249
      vertex -0.12 5.67956 2.09334
      vertex -0.12 5.72187 2.07581
    endloop
  endfacet
  facet normal 1 0 0
    outer loop
      vertex -0.12 5.67211 2.24234
      vertex -0.12 5.67956 2.09334
      vertex -0.12 5.72744 2.2249
    endloop
  endfacet
  facet normal 1 0 0
    outer loop
      vertex -0.12 5.67211 2.24234
      vertex -0.12 5.63588 2.10711
      vertex -0.12 5.67956 2.09334
    endloop
  endfacet
  facet normal 1 0 0
    outer loop
      vertex -0.12 5.61548 2.2549
      vertex -0.12 5.63588 2.10711
      vertex -0.12 5.67211 2.24234
    endloop
  endfacet
  facet normal 1 0 0
    outer loop
      vertex -0.12 5.61548 2.2549
      vertex -0.12 5.59116 2.11702
      vertex -0.12 5.63588 2.10711
    endloop
  endfacet
  facet normal 1 0 0
    outer loop
      vertex -0.12 5.55796 2.26247
      vertex -0.12 5.59116 2.11702
      vertex -0.12 5.61548 2.2549
    endloop
  endfacet
  facet normal 1 0 0
    outer loop
      vertex -0.12 5.55796 2.26247
      vertex -0.12 5.54576 2.123
      vertex -0.12 5.59116 2.11702
    endloop
  endfacet
  facet normal 1 0 0
    outer loop
      vertex -0.12 5.5 2.265
      vertex -0.12 5.54576 2.123
      vertex -0.12 5.55796 2.26247
    endloop
  endfacet
  facet normal 1 0 0
    outer loop
      vertex -0.12 5.5 2.265
      vertex -0.12 5.5 2.125
      vertex -0.12 5.54576 2.123
    endloop
  endfacet
  facet normal 1 0 0
    outer loop
      vertex -0.12 5.5 2.265
      vertex -0.12 5.45424 2.123
      vertex -0.12 5.5 2.125
    endloop
  endfacet
  facet normal 1 -0 0
    outer loop
      vertex -0.12 5.44204 2.26247
      vertex -0.12 5.45424 2.123
      vertex -0.12 5.5 2.265
    endloop
  endfacet
  facet normal 1 0 0
    outer loop
      vertex -0.12 5.44204 2.26247
      vertex -0.12 5.40883 2.11702
      vertex -0.12 5.45424 2.123
    endloop
  endfacet
  facet normal 1 -0 0
    outer loop
      vertex -0.12 5.38452 2.2549
      vertex -0.12 5.40883 2.11702
      vertex -0.12 5.44204 2.26247
    endloop
  endfacet
  facet normal 1 0 0
    outer loop
      vertex -0.12 5.38452 2.2549
      vertex -0.12 5.36412 2.10711
      vertex -0.12 5.40883 2.11702
    endloop
  endfacet
  facet normal 1 -0 0
    outer loop
      vertex -0.12 5.32788 2.24234
      vertex -0.12 5.36412 2.10711
      vertex -0.12 5.38452 2.2549
    endloop
  endfacet
  facet normal 1 0 0
    outer loop
      vertex -0.12 5.32788 2.24234
      vertex -0.12 5.32044 2.09334
      vertex -0.12 5.36412 2.10711
    endloop
  endfacet
  facet normal 1 -0 0
    outer loop
      vertex -0.12 5.27256 2.2249
      vertex -0.12 5.32044 2.09334
      vertex -0.12 5.32788 2.24234
    endloop
  endfacet
  facet normal 1 0 0
    outer loop
      vertex -0.12 5.32044 2.09334
      vertex -0.12 5.27256 2.2249
      vertex -0.12 5.27812 2.07581
    endloop
  endfacet
  facet normal 1 -0 0
    outer loop
      vertex -0.12 5.21896 2.20269
      vertex -0.12 5.27812 2.07581
      vertex -0.12 5.27256 2.2249
    endloop
  endfacet
  facet normal 1 0 0
    outer loop
      vertex -0.12 5.27812 2.07581
      vertex -0.12 5.21896 2.20269
      vertex -0.12 5.2375 2.05466
    endloop
  endfacet
  facet normal 1 -0 0
    outer loop
      vertex -0.12 5.1675 2.17591
      vertex -0.12 5.2375 2.05466
      vertex -0.12 5.21896 2.20269
    endloop
  endfacet
  facet normal 1 0 0
    outer loop
      vertex -0.12 5.2375 2.05466
      vertex -0.12 5.1675 2.17591
      vertex -0.12 5.19887 2.03005
    endloop
  endfacet
  facet normal 1 -0 0
    outer loop
      vertex -0.12 5.11857 2.14474
      vertex -0.12 5.19887 2.03005
      vertex -0.12 5.1675 2.17591
    endloop
  endfacet
  facet normal 1 0 0
    outer loop
      vertex -0.12 5.19887 2.03005
      vertex -0.12 5.11857 2.14474
      vertex -0.12 5.16254 2.00217
    endloop
  endfacet
  facet normal 1 -0 0
    outer loop
      vertex -0.12 5.07255 2.10942
      vertex -0.12 5.16254 2.00217
      vertex -0.12 5.11857 2.14474
    endloop
  endfacet
  facet normal 1 0 0
    outer loop
      vertex -0.12 5.16254 2.00217
      vertex -0.12 5.07255 2.10942
      vertex -0.12 5.12877 1.97123
    endloop
  endfacet
  facet normal 1 -0 0
    outer loop
      vertex -0.12 5.02977 2.07023
      vertex -0.12 5.12877 1.97123
      vertex -0.12 5.07255 2.10942
    endloop
  endfacet
  facet normal 1 0 0
    outer loop
      vertex -0.12 5.12877 1.97123
      vertex -0.12 5.02977 2.07023
      vertex -0.12 5.09783 1.93746
    endloop
  endfacet
  facet normal 1 -0 0
    outer loop
      vertex -0.12 4.99058 2.02745
      vertex -0.12 5.09783 1.93746
      vertex -0.12 5.02977 2.07023
    endloop
  endfacet
  facet normal 1 0 0
    outer loop
      vertex -0.12 5.09783 1.93746
      vertex -0.12 4.99058 2.02745
      vertex -0.12 5.06994 1.90113
    endloop
  endfacet
  facet normal 1 -0 0
    outer loop
      vertex -0.12 4.95526 1.98143
      vertex -0.12 5.06994 1.90113
      vertex -0.12 4.99058 2.02745
    endloop
  endfacet
  facet normal 1 0 0
    outer loop
      vertex -0.12 5.06994 1.90113
      vertex -0.12 4.95526 1.98143
      vertex -0.12 5.04534 1.8625
    endloop
  endfacet
  facet normal 1 -0 0
    outer loop
      vertex -0.12 4.92409 1.9325
      vertex -0.12 5.04534 1.8625
      vertex -0.12 4.95526 1.98143
    endloop
  endfacet
  facet normal 1 0 0
    outer loop
      vertex -0.12 5.04534 1.8625
      vertex -0.12 4.92409 1.9325
      vertex -0.12 5.02419 1.82187
    endloop
  endfacet
  facet normal 1 -0 0
    outer loop
      vertex -0.12 4.8973 1.88104
      vertex -0.12 5.02419 1.82187
      vertex -0.12 4.92409 1.9325
    endloop
  endfacet
  facet normal 1 0 0
    outer loop
      vertex -0.12 5.02419 1.82187
      vertex -0.12 4.8973 1.88104
      vertex -0.12 5.00666 1.77956
    endloop
  endfacet
  facet normal 1 -0 0
    outer loop
      vertex -0.12 4.8751 1.82744
      vertex -0.12 5.00666 1.77956
      vertex -0.12 4.8973 1.88104
    endloop
  endfacet
  facet normal 1 0 0
    outer loop
      vertex -0.12 5.00666 1.77956
      vertex -0.12 4.8751 1.82744
      vertex -0.12 4.99289 1.73588
    endloop
  endfacet
  facet normal 1 -0 0
    outer loop
      vertex -0.12 5.99334 1.42044
      vertex -0.12 6.1249 1.37256
      vertex -0.12 6.00711 1.46412
    endloop
  endfacet
  facet normal 1 0 0
    outer loop
      vertex -0.12 6.1249 1.37256
      vertex -0.12 5.99334 1.42044
      vertex -0.12 6.10269 1.31896
    endloop
  endfacet
  facet normal 1 -0 0
    outer loop
      vertex -0.12 5.97581 1.37813
      vertex -0.12 6.10269 1.31896
      vertex -0.12 5.99334 1.42044
    endloop
  endfacet
  facet normal 1 0 0
    outer loop
      vertex -0.12 6.10269 1.31896
      vertex -0.12 5.97581 1.37813
      vertex -0.12 6.07591 1.2675
    endloop
  endfacet
  facet normal 1 -0 0
    outer loop
      vertex -0.12 5.95466 1.3375
      vertex -0.12 6.07591 1.2675
      vertex -0.12 5.97581 1.37813
    endloop
  endfacet
  facet normal 1 0 0
    outer loop
      vertex -0.12 6.07591 1.2675
      vertex -0.12 5.95466 1.3375
      vertex -0.12 6.04474 1.21857
    endloop
  endfacet
  facet normal 1 -0 0
    outer loop
      vertex -0.12 5.93005 1.29887
      vertex -0.12 6.04474 1.21857
      vertex -0.12 5.95466 1.3375
    endloop
  endfacet
  facet normal 1 0 0
    outer loop
      vertex -0.12 6.04474 1.21857
      vertex -0.12 5.93005 1.29887
      vertex -0.12 6.00942 1.17255
    endloop
  endfacet
  facet normal 1 -0 0
    outer loop
      vertex -0.12 5.90217 1.26254
      vertex -0.12 6.00942 1.17255
      vertex -0.12 5.93005 1.29887
    endloop
  endfacet
  facet normal 1 0 0
    outer loop
      vertex -0.12 6.00942 1.17255
      vertex -0.12 5.90217 1.26254
      vertex -0.12 5.97023 1.12977
    endloop
  endfacet
  facet normal 1 -0 0
    outer loop
      vertex -0.12 5.87123 1.22877
      vertex -0.12 5.97023 1.12977
      vertex -0.12 5.90217 1.26254
    endloop
  endfacet
  facet normal 1 0 0
    outer loop
      vertex -0.12 5.97023 1.12977
      vertex -0.12 5.87123 1.22877
      vertex -0.12 5.92745 1.09058
    endloop
  endfacet
  facet normal 1 -0 0
    outer loop
      vertex -0.12 5.83746 1.19783
      vertex -0.12 5.92745 1.09058
      vertex -0.12 5.87123 1.22877
    endloop
  endfacet
  facet normal 1 0 0
    outer loop
      vertex -0.12 5.92745 1.09058
      vertex -0.12 5.83746 1.19783
      vertex -0.12 5.88143 1.05526
    endloop
  endfacet
  facet normal 1 -0 0
    outer loop
      vertex -0.12 5.80113 1.16994
      vertex -0.12 5.88143 1.05526
      vertex -0.12 5.83746 1.19783
    endloop
  endfacet
  facet normal 1 0 0
    outer loop
      vertex -0.12 5.88143 1.05526
      vertex -0.12 5.80113 1.16994
      vertex -0.12 5.8325 1.02409
    endloop
  endfacet
  facet normal 1 -0 0
    outer loop
      vertex -0.12 5.7625 1.14534
      vertex -0.12 5.8325 1.02409
      vertex -0.12 5.80113 1.16994
    endloop
  endfacet
  facet normal 1 0 0
    outer loop
      vertex -0.12 5.8325 1.02409
      vertex -0.12 5.7625 1.14534
      vertex -0.12 5.78104 0.997305
    endloop
  endfacet
  facet normal 1 -0 0
    outer loop
      vertex -0.12 5.72187 1.12419
      vertex -0.12 5.78104 0.997305
      vertex -0.12 5.7625 1.14534
    endloop
  endfacet
  facet normal 1 0 0
    outer loop
      vertex -0.12 5.78104 0.997305
      vertex -0.12 5.72187 1.12419
      vertex -0.12 5.72744 0.975104
    endloop
  endfacet
  facet normal 1 -0 0
    outer loop
      vertex -0.12 5.67956 1.10666
      vertex -0.12 5.72744 0.975104
      vertex -0.12 5.72187 1.12419
    endloop
  endfacet
  facet normal 1 0 0
    outer loop
      vertex -0.12 5.67956 1.10666
      vertex -0.12 5.67211 0.957659
      vertex -0.12 5.72744 0.975104
    endloop
  endfacet
  facet normal 1 -0 0
    outer loop
      vertex -0.12 5.63588 1.09289
      vertex -0.12 5.67211 0.957659
      vertex -0.12 5.67956 1.10666
    endloop
  endfacet
  facet normal 1 0 0
    outer loop
      vertex -0.12 5.63588 1.09289
      vertex -0.12 5.61548 0.945103
      vertex -0.12 5.67211 0.957659
    endloop
  endfacet
  facet normal 1 -0 0
    outer loop
      vertex -0.12 5.59116 1.08298
      vertex -0.12 5.61548 0.945103
      vertex -0.12 5.63588 1.09289
    endloop
  endfacet
  facet normal 1 0 0
    outer loop
      vertex -0.12 5.59116 1.08298
      vertex -0.12 5.55796 0.937531
      vertex -0.12 5.61548 0.945103
    endloop
  endfacet
  facet normal 1 -0 0
    outer loop
      vertex -0.12 5.54576 1.077
      vertex -0.12 5.55796 0.937531
      vertex -0.12 5.59116 1.08298
    endloop
  endfacet
  facet normal 1 -0 0
    outer loop
      vertex -0.12 5.5 1.075
      vertex -0.12 5.55796 0.937531
      vertex -0.12 5.54576 1.077
    endloop
  endfacet
  facet normal 1 0 0
    outer loop
      vertex -0.12 5.5 1.075
      vertex -0.12 5.5 0.934999
      vertex -0.12 5.55796 0.937531
    endloop
  endfacet
  facet normal 1 0 0
    outer loop
      vertex -0.12 5.45424 1.077
      vertex -0.12 5.5 0.934999
      vertex -0.12 5.5 1.075
    endloop
  endfacet
  facet normal 1 0 0
    outer loop
      vertex -0.12 5.45424 1.077
      vertex -0.12 5.44204 0.937531
      vertex -0.12 5.5 0.934999
    endloop
  endfacet
  facet normal 1 0 0
    outer loop
      vertex -0.12 5.40883 1.08298
      vertex -0.12 5.44204 0.937531
      vertex -0.12 5.45424 1.077
    endloop
  endfacet
  facet normal 1 0 0
    outer loop
      vertex -0.12 5.40883 1.08298
      vertex -0.12 5.38452 0.945103
      vertex -0.12 5.44204 0.937531
    endloop
  endfacet
  facet normal 1 0 0
    outer loop
      vertex -0.12 5.36412 1.09289
      vertex -0.12 5.38452 0.945103
      vertex -0.12 5.40883 1.08298
    endloop
  endfacet
  facet normal 1 0 0
    outer loop
      vertex -0.12 5.36412 1.09289
      vertex -0.12 5.32788 0.957659
      vertex -0.12 5.38452 0.945103
    endloop
  endfacet
  facet normal 1 0 0
    outer loop
      vertex -0.12 5.32044 1.10666
      vertex -0.12 5.32788 0.957659
      vertex -0.12 5.36412 1.09289
    endloop
  endfacet
  facet normal 1 0 0
    outer loop
      vertex -0.12 5.27256 0.975104
      vertex -0.12 5.32044 1.10666
      vertex -0.12 5.27812 1.12419
    endloop
  endfacet
  facet normal 1 0 0
    outer loop
      vertex -0.12 5.32044 1.10666
      vertex -0.12 5.27256 0.975104
      vertex -0.12 5.32788 0.957659
    endloop
  endfacet
  facet normal 1 0 0
    outer loop
      vertex -0.12 5.21896 0.997305
      vertex -0.12 5.27812 1.12419
      vertex -0.12 5.2375 1.14534
    endloop
  endfacet
  facet normal 1 0 0
    outer loop
      vertex -0.12 5.27812 1.12419
      vertex -0.12 5.21896 0.997305
      vertex -0.12 5.27256 0.975104
    endloop
  endfacet
  facet normal 1 0 0
    outer loop
      vertex -0.12 5.1675 1.02409
      vertex -0.12 5.2375 1.14534
      vertex -0.12 5.19887 1.16994
    endloop
  endfacet
  facet normal 1 0 0
    outer loop
      vertex -0.12 5.2375 1.14534
      vertex -0.12 5.1675 1.02409
      vertex -0.12 5.21896 0.997305
    endloop
  endfacet
  facet normal 1 0 0
    outer loop
      vertex -0.12 5.11857 1.05526
      vertex -0.12 5.19887 1.16994
      vertex -0.12 5.16254 1.19783
    endloop
  endfacet
  facet normal 1 0 0
    outer loop
      vertex -0.12 5.07255 1.09058
      vertex -0.12 5.16254 1.19783
      vertex -0.12 5.12877 1.22877
    endloop
  endfacet
  facet normal 1 0 0
    outer loop
      vertex -0.12 5.19887 1.16994
      vertex -0.12 5.11857 1.05526
      vertex -0.12 5.1675 1.02409
    endloop
  endfacet
  facet normal 1 0 0
    outer loop
      vertex -0.12 5.02977 1.12977
      vertex -0.12 5.12877 1.22877
      vertex -0.12 5.09783 1.26254
    endloop
  endfacet
  facet normal 1 0 0
    outer loop
      vertex -0.12 5.16254 1.19783
      vertex -0.12 5.07255 1.09058
      vertex -0.12 5.11857 1.05526
    endloop
  endfacet
  facet normal 1 0 0
    outer loop
      vertex -0.12 4.99058 1.17255
      vertex -0.12 5.09783 1.26254
      vertex -0.12 5.06994 1.29887
    endloop
  endfacet
  facet normal 1 0 0
    outer loop
      vertex -0.12 4.95526 1.21857
      vertex -0.12 5.06994 1.29887
      vertex -0.12 5.04534 1.3375
    endloop
  endfacet
  facet normal 1 0 0
    outer loop
      vertex -0.12 5.12877 1.22877
      vertex -0.12 5.02977 1.12977
      vertex -0.12 5.07255 1.09058
    endloop
  endfacet
  facet normal 1 0 0
    outer loop
      vertex -0.12 4.92409 1.2675
      vertex -0.12 5.04534 1.3375
      vertex -0.12 5.02419 1.37813
    endloop
  endfacet
  facet normal 1 0 0
    outer loop
      vertex -0.12 4.8973 1.31896
      vertex -0.12 5.02419 1.37813
      vertex -0.12 5.00666 1.42044
    endloop
  endfacet
  facet normal 1 0 0
    outer loop
      vertex -0.12 4.8751 1.37256
      vertex -0.12 5.00666 1.42044
      vertex -0.12 4.99289 1.46412
    endloop
  endfacet
  facet normal 1 0 0
    outer loop
      vertex -0.12 5.09783 1.26254
      vertex -0.12 4.99058 1.17255
      vertex -0.12 5.02977 1.12977
    endloop
  endfacet
  facet normal 1 0 0
    outer loop
      vertex -0.12 4.85766 1.42789
      vertex -0.12 4.99289 1.46412
      vertex -0.12 4.98298 1.50883
    endloop
  endfacet
  facet normal 1 0 0
    outer loop
      vertex -0.12 4.8451 1.48452
      vertex -0.12 4.98298 1.50883
      vertex -0.12 4.977 1.55424
    endloop
  endfacet
  facet normal 1 0 0
    outer loop
      vertex -0.12 4.83753 1.54204
      vertex -0.12 4.977 1.55424
      vertex -0.12 4.975 1.6
    endloop
  endfacet
  facet normal 1 -0 0
    outer loop
      vertex -0.12 4.85766 1.77211
      vertex -0.12 4.99289 1.73588
      vertex -0.12 4.8751 1.82744
    endloop
  endfacet
  facet normal 1 0 0
    outer loop
      vertex -0.12 5.06994 1.29887
      vertex -0.12 4.95526 1.21857
      vertex -0.12 4.99058 1.17255
    endloop
  endfacet
  facet normal 1 0 0
    outer loop
      vertex -0.12 4.99289 1.73588
      vertex -0.12 4.85766 1.77211
      vertex -0.12 4.98298 1.69116
    endloop
  endfacet
  facet normal 1 0 0
    outer loop
      vertex -0.12 5.04534 1.3375
      vertex -0.12 4.92409 1.2675
      vertex -0.12 4.95526 1.21857
    endloop
  endfacet
  facet normal 1 -0 0
    outer loop
      vertex -0.12 4.8451 1.71548
      vertex -0.12 4.98298 1.69116
      vertex -0.12 4.85766 1.77211
    endloop
  endfacet
  facet normal 1 0 0
    outer loop
      vertex -0.12 5.02419 1.37813
      vertex -0.12 4.8973 1.31896
      vertex -0.12 4.92409 1.2675
    endloop
  endfacet
  facet normal 1 0 0
    outer loop
      vertex -0.12 4.98298 1.69116
      vertex -0.12 4.8451 1.71548
      vertex -0.12 4.977 1.64576
    endloop
  endfacet
  facet normal 1 0 0
    outer loop
      vertex -0.12 5.00666 1.42044
      vertex -0.12 4.8751 1.37256
      vertex -0.12 4.8973 1.31896
    endloop
  endfacet
  facet normal 1 -0 0
    outer loop
      vertex -0.12 4.83753 1.65796
      vertex -0.12 4.977 1.64576
      vertex -0.12 4.8451 1.71548
    endloop
  endfacet
  facet normal 1 0 0
    outer loop
      vertex -0.12 4.99289 1.46412
      vertex -0.12 4.85766 1.42789
      vertex -0.12 4.8751 1.37256
    endloop
  endfacet
  facet normal 1 0 0
    outer loop
      vertex -0.12 4.977 1.64576
      vertex -0.12 4.83753 1.65796
      vertex -0.12 4.975 1.6
    endloop
  endfacet
  facet normal 1 0 0
    outer loop
      vertex -0.12 4.98298 1.50883
      vertex -0.12 4.8451 1.48452
      vertex -0.12 4.85766 1.42789
    endloop
  endfacet
  facet normal 1 0 0
    outer loop
      vertex -0.12 4.835 1.6
      vertex -0.12 4.975 1.6
      vertex -0.12 4.83753 1.65796
    endloop
  endfacet
  facet normal 1 0 0
    outer loop
      vertex -0.12 4.977 1.55424
      vertex -0.12 4.83753 1.54204
      vertex -0.12 4.8451 1.48452
    endloop
  endfacet
  facet normal 1 0 0
    outer loop
      vertex -0.12 4.975 1.6
      vertex -0.12 4.835 1.6
      vertex -0.12 4.83753 1.54204
    endloop
  endfacet
  facet normal 0 -0.953744 0.30062
    outer loop
      vertex -0.469999 4.85766 1.77211
      vertex -0.12 4.8751 1.82744
      vertex -0.469999 4.8751 1.82744
    endloop
  endfacet
  facet normal 0 -0.953744 0.30062
    outer loop
      vertex -0.12 4.8751 1.82744
      vertex -0.469999 4.85766 1.77211
      vertex -0.12 4.85766 1.77211
    endloop
  endfacet
  facet normal 0 -0.537277 -0.843406
    outer loop
      vertex -0.469999 5.11857 1.05526
      vertex -0.12 5.1675 1.02409
      vertex -0.12 5.11857 1.05526
    endloop
  endfacet
  facet normal -0 -0.537277 -0.843406
    outer loop
      vertex -0.12 5.1675 1.02409
      vertex -0.469999 5.11857 1.05526
      vertex -0.469999 5.1675 1.02409
    endloop
  endfacet
  facet normal -0 0.30062 0.953744
    outer loop
      vertex -0.469999 5.72744 2.2249
      vertex -0.12 5.67211 2.24234
      vertex -0.12 5.72744 2.2249
    endloop
  endfacet
  facet normal 0 0.30062 0.953744
    outer loop
      vertex -0.12 5.67211 2.24234
      vertex -0.469999 5.72744 2.2249
      vertex -0.469999 5.67211 2.24234
    endloop
  endfacet
  facet normal 0 0.92383 0.382803
    outer loop
      vertex -0.12 6.1249 1.82744
      vertex -0.469999 6.10269 1.88104
      vertex -0.12 6.10269 1.88104
    endloop
  endfacet
  facet normal 0 0.92383 0.382803
    outer loop
      vertex -0.469999 6.10269 1.88104
      vertex -0.12 6.1249 1.82744
      vertex -0.469999 6.1249 1.82744
    endloop
  endfacet
  facet normal 0 -0.991451 0.130481
    outer loop
      vertex -0.469999 4.83753 1.65796
      vertex -0.12 4.8451 1.71548
      vertex -0.469999 4.8451 1.71548
    endloop
  endfacet
  facet normal 0 -0.991451 0.130481
    outer loop
      vertex -0.12 4.8451 1.71548
      vertex -0.469999 4.83753 1.65796
      vertex -0.12 4.83753 1.65796
    endloop
  endfacet
  facet normal -0 0.608844 0.79329
    outer loop
      vertex -0.469999 5.92745 2.10942
      vertex -0.12 5.88143 2.14474
      vertex -0.12 5.92745 2.10942
    endloop
  endfacet
  facet normal 0 0.608844 0.79329
    outer loop
      vertex -0.12 5.88143 2.14474
      vertex -0.469999 5.92745 2.10942
      vertex -0.469999 5.88143 2.14474
    endloop
  endfacet
  facet normal -0 0.0436093 0.999049
    outer loop
      vertex -0.469999 5.55796 2.26247
      vertex -0.12 5.5 2.265
      vertex -0.12 5.55796 2.26247
    endloop
  endfacet
  facet normal 0 0.0436093 0.999049
    outer loop
      vertex -0.12 5.5 2.265
      vertex -0.469999 5.55796 2.26247
      vertex -0.469999 5.5 2.265
    endloop
  endfacet
  facet normal 0 -0.67549 0.737369
    outer loop
      vertex -0.469999 5.07255 2.10942
      vertex -0.12 5.02977 2.07023
      vertex -0.12 5.07255 2.10942
    endloop
  endfacet
  facet normal 0 -0.67549 0.737369
    outer loop
      vertex -0.12 5.02977 2.07023
      vertex -0.469999 5.07255 2.10942
      vertex -0.469999 5.02977 2.07023
    endloop
  endfacet
  facet normal -0 0.67549 0.737369
    outer loop
      vertex -0.469999 5.97023 2.07023
      vertex -0.12 5.92745 2.10942
      vertex -0.12 5.97023 2.07023
    endloop
  endfacet
  facet normal 0 0.67549 0.737369
    outer loop
      vertex -0.12 5.92745 2.10942
      vertex -0.469999 5.97023 2.07023
      vertex -0.469999 5.92745 2.10942
    endloop
  endfacet
  facet normal 0 -0.608844 -0.79329
    outer loop
      vertex -0.469999 5.07255 1.09058
      vertex -0.12 5.11857 1.05526
      vertex -0.12 5.07255 1.09058
    endloop
  endfacet
  facet normal -0 -0.608844 -0.79329
    outer loop
      vertex -0.12 5.11857 1.05526
      vertex -0.469999 5.07255 1.09058
      vertex -0.469999 5.11857 1.05526
    endloop
  endfacet
  facet normal 0 -0.382803 0.92383
    outer loop
      vertex -0.469999 5.27256 2.2249
      vertex -0.12 5.21896 2.20269
      vertex -0.12 5.27256 2.2249
    endloop
  endfacet
  facet normal 0 -0.382803 0.92383
    outer loop
      vertex -0.12 5.21896 2.20269
      vertex -0.469999 5.27256 2.2249
      vertex -0.469999 5.21896 2.20269
    endloop
  endfacet
  facet normal 0 -0.999049 0.0436093
    outer loop
      vertex -0.469999 4.835 1.6
      vertex -0.12 4.83753 1.65796
      vertex -0.469999 4.83753 1.65796
    endloop
  endfacet
  facet normal 0 -0.999049 0.0436093
    outer loop
      vertex -0.12 4.83753 1.65796
      vertex -0.469999 4.835 1.6
      vertex -0.12 4.835 1.6
    endloop
  endfacet
  facet normal 0 -0.382671 -0.923885
    outer loop
      vertex -0.469999 5.21896 0.997305
      vertex -0.12 5.27256 0.975104
      vertex -0.12 5.21896 0.997305
    endloop
  endfacet
  facet normal -0 -0.382671 -0.923885
    outer loop
      vertex -0.12 5.27256 0.975104
      vertex -0.469999 5.21896 0.997305
      vertex -0.469999 5.27256 0.975104
    endloop
  endfacet
  facet normal 0 -0.130481 0.991451
    outer loop
      vertex -0.469999 5.44204 2.26247
      vertex -0.12 5.38452 2.2549
      vertex -0.12 5.44204 2.26247
    endloop
  endfacet
  facet normal 0 -0.130481 0.991451
    outer loop
      vertex -0.12 5.38452 2.2549
      vertex -0.469999 5.44204 2.26247
      vertex -0.469999 5.38452 2.2549
    endloop
  endfacet
  facet normal 0 -0.300748 -0.953704
    outer loop
      vertex -0.469999 5.27256 0.975104
      vertex -0.12 5.32788 0.957659
      vertex -0.12 5.27256 0.975104
    endloop
  endfacet
  facet normal -0 -0.300748 -0.953704
    outer loop
      vertex -0.12 5.32788 0.957659
      vertex -0.469999 5.27256 0.975104
      vertex -0.469999 5.32788 0.957659
    endloop
  endfacet
  facet normal -0 0.216529 0.976276
    outer loop
      vertex -0.469999 5.67211 2.24234
      vertex -0.12 5.61548 2.2549
      vertex -0.12 5.67211 2.24234
    endloop
  endfacet
  facet normal 0 0.216529 0.976276
    outer loop
      vertex -0.12 5.61548 2.2549
      vertex -0.469999 5.67211 2.24234
      vertex -0.469999 5.61548 2.2549
    endloop
  endfacet
  facet normal 0 -0.923891 0.382656
    outer loop
      vertex -0.469999 4.8751 1.82744
      vertex -0.12 4.8973 1.88104
      vertex -0.469999 4.8973 1.88104
    endloop
  endfacet
  facet normal 0 -0.923891 0.382656
    outer loop
      vertex -0.12 4.8973 1.88104
      vertex -0.469999 4.8751 1.82744
      vertex -0.12 4.8751 1.82744
    endloop
  endfacet
  facet normal -1 0 0
    outer loop
      vertex -0.469999 6.1476 1.59321
      vertex -0.469999 6.165 1.6
      vertex -0.469999 6.16247 1.54204
    endloop
  endfacet
  facet normal -1 0 0
    outer loop
      vertex -0.469999 6.13894 1.49423
      vertex -0.469999 6.16247 1.54204
      vertex -0.469999 6.1549 1.48452
    endloop
  endfacet
  facet normal -1 -0 0
    outer loop
      vertex -0.469999 6.165 1.6
      vertex -0.469999 6.1476 1.59321
      vertex -0.469999 6.1479 1.6
    endloop
  endfacet
  facet normal -1 0 0
    outer loop
      vertex -0.469999 6.165 1.6
      vertex -0.469999 6.1476 1.60679
      vertex -0.469999 6.16247 1.65796
    endloop
  endfacet
  facet normal -1 0 0
    outer loop
      vertex -0.469999 6.1476 1.60679
      vertex -0.469999 6.165 1.6
      vertex -0.469999 6.1479 1.6
    endloop
  endfacet
  facet normal -1 0 0
    outer loop
      vertex -0.469999 6.16247 1.54204
      vertex -0.469999 6.14543 1.54353
      vertex -0.469999 6.1476 1.59321
    endloop
  endfacet
  facet normal -1 0 0
    outer loop
      vertex -0.469999 6.13659 1.48086
      vertex -0.469999 6.1549 1.48452
      vertex -0.469999 6.14234 1.42789
    endloop
  endfacet
  facet normal -1 -0 0
    outer loop
      vertex -0.469999 6.16247 1.54204
      vertex -0.469999 6.13894 1.49423
      vertex -0.469999 6.14543 1.54353
    endloop
  endfacet
  facet normal -1 0 0
    outer loop
      vertex -0.469999 6.1549 1.48452
      vertex -0.469999 6.13806 1.48749
      vertex -0.469999 6.13894 1.49423
    endloop
  endfacet
  facet normal -1 -0 0
    outer loop
      vertex -0.469999 6.1549 1.48452
      vertex -0.469999 6.13659 1.48086
      vertex -0.469999 6.13806 1.48749
    endloop
  endfacet
  facet normal -1 0 0
    outer loop
      vertex -0.469999 6.14234 1.42789
      vertex -0.469999 6.12582 1.43231
      vertex -0.469999 6.13659 1.48086
    endloop
  endfacet
  facet normal -1 0 0
    outer loop
      vertex -0.469999 6.11087 1.38489
      vertex -0.469999 6.14234 1.42789
      vertex -0.469999 6.1249 1.37256
    endloop
  endfacet
  facet normal -1 -0 0
    outer loop
      vertex -0.469999 6.14234 1.42789
      vertex -0.469999 6.11087 1.38489
      vertex -0.469999 6.12582 1.43231
    endloop
  endfacet
  facet normal -1 0 0
    outer loop
      vertex -0.469999 6.1249 1.37256
      vertex -0.469999 6.10883 1.3784
      vertex -0.469999 6.11087 1.38489
    endloop
  endfacet
  facet normal -1 0 0
    outer loop
      vertex -0.469999 6.0898 1.33246
      vertex -0.469999 6.1249 1.37256
      vertex -0.469999 6.10269 1.31896
    endloop
  endfacet
  facet normal -1 -0 0
    outer loop
      vertex -0.469999 6.1249 1.37256
      vertex -0.469999 6.0898 1.33246
      vertex -0.469999 6.10883 1.3784
    endloop
  endfacet
  facet normal -1 0 0
    outer loop
      vertex -0.469999 6.10269 1.31896
      vertex -0.469999 6.0872 1.32618
      vertex -0.469999 6.0898 1.33246
    endloop
  endfacet
  facet normal -1 0 0
    outer loop
      vertex -0.469999 6.10269 1.31896
      vertex -0.469999 6.08406 1.32016
      vertex -0.469999 6.0872 1.32618
    endloop
  endfacet
  facet normal -1 0 0
    outer loop
      vertex -0.469999 6.07591 1.2675
      vertex -0.469999 6.08406 1.32016
      vertex -0.469999 6.10269 1.31896
    endloop
  endfacet
  facet normal -1 0 0
    outer loop
      vertex -0.469999 6.07591 1.2675
      vertex -0.469999 6.0611 1.27605
      vertex -0.469999 6.08406 1.32016
    endloop
  endfacet
  facet normal -1 0 0
    outer loop
      vertex -0.469999 6.03438 1.23411
      vertex -0.469999 6.07591 1.2675
      vertex -0.469999 6.04474 1.21857
    endloop
  endfacet
  facet normal -1 -0 0
    outer loop
      vertex -0.469999 6.07591 1.2675
      vertex -0.469999 6.03438 1.23411
      vertex -0.469999 6.0611 1.27605
    endloop
  endfacet
  facet normal -1 0 0
    outer loop
      vertex -0.469999 6.04474 1.21857
      vertex -0.469999 6.03073 1.22838
      vertex -0.469999 6.03438 1.23411
    endloop
  endfacet
  facet normal -1 0 0
    outer loop
      vertex -0.469999 6.00046 1.18893
      vertex -0.469999 6.04474 1.21857
      vertex -0.469999 6.00942 1.17255
    endloop
  endfacet
  facet normal -1 -0 0
    outer loop
      vertex -0.469999 6.04474 1.21857
      vertex -0.469999 6.00046 1.18893
      vertex -0.469999 6.03073 1.22838
    endloop
  endfacet
  facet normal -1 0 0
    outer loop
      vertex -0.469999 6.00942 1.17255
      vertex -0.469999 5.99632 1.18354
      vertex -0.469999 6.00046 1.18893
    endloop
  endfacet
  facet normal -1 0 0
    outer loop
      vertex -0.469999 6.00942 1.17255
      vertex -0.469999 5.99173 1.17853
      vertex -0.469999 5.99632 1.18354
    endloop
  endfacet
  facet normal -1 0 0
    outer loop
      vertex -0.469999 5.97023 1.12977
      vertex -0.469999 5.99173 1.17853
      vertex -0.469999 6.00942 1.17255
    endloop
  endfacet
  facet normal -1 0 0
    outer loop
      vertex -0.469999 5.97023 1.12977
      vertex -0.469999 5.95813 1.14186
      vertex -0.469999 5.99173 1.17853
    endloop
  endfacet
  facet normal -1 0 0
    outer loop
      vertex -0.469999 5.97023 1.12977
      vertex -0.469999 5.95312 1.13727
      vertex -0.469999 5.95813 1.14186
    endloop
  endfacet
  facet normal -1 0 0
    outer loop
      vertex -0.469999 5.92745 1.09058
      vertex -0.469999 5.95312 1.13727
      vertex -0.469999 5.97023 1.12977
    endloop
  endfacet
  facet normal -1 0 0
    outer loop
      vertex -0.469999 5.92745 1.09058
      vertex -0.469999 5.91646 1.10368
      vertex -0.469999 5.95312 1.13727
    endloop
  endfacet
  facet normal -1 0 0
    outer loop
      vertex -0.469999 5.92745 1.09058
      vertex -0.469999 5.91107 1.09954
      vertex -0.469999 5.91646 1.10368
    endloop
  endfacet
  facet normal -1 0 0
    outer loop
      vertex -0.469999 5.88143 1.05526
      vertex -0.469999 5.91107 1.09954
      vertex -0.469999 5.92745 1.09058
    endloop
  endfacet
  facet normal -1 0 0
    outer loop
      vertex -0.469999 5.88143 1.05526
      vertex -0.469999 5.87162 1.06927
      vertex -0.469999 5.91107 1.09954
    endloop
  endfacet
  facet normal -1 0 0
    outer loop
      vertex -0.469999 5.82968 1.04255
      vertex -0.469999 5.88143 1.05526
      vertex -0.469999 5.8325 1.02409
    endloop
  endfacet
  facet normal -1 -0 0
    outer loop
      vertex -0.469999 5.88143 1.05526
      vertex -0.469999 5.82968 1.04255
      vertex -0.469999 5.87162 1.06927
    endloop
  endfacet
  facet normal -1 0 0
    outer loop
      vertex -0.469999 5.8325 1.02409
      vertex -0.469999 5.82395 1.0389
      vertex -0.469999 5.82968 1.04255
    endloop
  endfacet
  facet normal -1 0 0
    outer loop
      vertex -0.469999 5.8325 1.02409
      vertex -0.469999 5.81792 1.03576
      vertex -0.469999 5.82395 1.0389
    endloop
  endfacet
  facet normal -1 0 0
    outer loop
      vertex -0.469999 5.78104 0.997305
      vertex -0.469999 5.81792 1.03576
      vertex -0.469999 5.8325 1.02409
    endloop
  endfacet
  facet normal -1 0 0
    outer loop
      vertex -0.469999 5.78104 0.997305
      vertex -0.469999 5.77381 1.0128
      vertex -0.469999 5.81792 1.03576
    endloop
  endfacet
  facet normal -1 0 0
    outer loop
      vertex -0.469999 5.78104 0.997305
      vertex -0.469999 5.76754 1.0102
      vertex -0.469999 5.77381 1.0128
    endloop
  endfacet
  facet normal -1 0 0
    outer loop
      vertex -0.469999 5.72744 0.975104
      vertex -0.469999 5.76754 1.0102
      vertex -0.469999 5.78104 0.997305
    endloop
  endfacet
  facet normal -1 0 0
    outer loop
      vertex -0.469999 5.72744 0.975104
      vertex -0.469999 5.72159 0.991173
      vertex -0.469999 5.76754 1.0102
    endloop
  endfacet
  facet normal -1 0 0
    outer loop
      vertex -0.469999 5.72744 0.975104
      vertex -0.469999 5.67417 0.976219
      vertex -0.469999 5.72159 0.991173
    endloop
  endfacet
  facet normal -1 0 0
    outer loop
      vertex -0.469999 5.67211 0.957659
      vertex -0.469999 5.67417 0.976219
      vertex -0.469999 5.72744 0.975104
    endloop
  endfacet
  facet normal -1 0 0
    outer loop
      vertex -0.469999 5.67211 0.957659
      vertex -0.469999 5.66769 0.974176
      vertex -0.469999 5.67417 0.976219
    endloop
  endfacet
  facet normal -1 0 0
    outer loop
      vertex -0.469999 5.67211 0.957659
      vertex -0.469999 5.66105 0.972705
      vertex -0.469999 5.66769 0.974176
    endloop
  endfacet
  facet normal -1 0 0
    outer loop
      vertex -0.469999 5.61548 0.945103
      vertex -0.469999 5.66105 0.972705
      vertex -0.469999 5.67211 0.957659
    endloop
  endfacet
  facet normal -1 0 0
    outer loop
      vertex -0.469999 5.61548 0.945103
      vertex -0.469999 5.61251 0.961942
      vertex -0.469999 5.66105 0.972705
    endloop
  endfacet
  facet normal -1 0 0
    outer loop
      vertex -0.469999 5.61548 0.945103
      vertex -0.469999 5.60577 0.961055
      vertex -0.469999 5.61251 0.961942
    endloop
  endfacet
  facet normal -1 0 0
    outer loop
      vertex -0.469999 5.55796 0.937531
      vertex -0.469999 5.60577 0.961055
      vertex -0.469999 5.61548 0.945103
    endloop
  endfacet
  facet normal -1 0 0
    outer loop
      vertex -0.469999 5.55796 0.937531
      vertex -0.469999 5.55647 0.954565
      vertex -0.469999 5.60577 0.961055
    endloop
  endfacet
  facet normal -1 0 0
    outer loop
      vertex -0.469999 5.55796 0.937531
      vertex -0.469999 5.50679 0.952395
      vertex -0.469999 5.55647 0.954565
    endloop
  endfacet
  facet normal -1 0 0
    outer loop
      vertex -0.469999 5.5 0.934999
      vertex -0.469999 5.50679 0.952395
      vertex -0.469999 5.55796 0.937531
    endloop
  endfacet
  facet normal -1 0 0
    outer loop
      vertex -0.469999 5.5 0.934999
      vertex -0.469999 5.5 0.952099
      vertex -0.469999 5.50679 0.952395
    endloop
  endfacet
  facet normal -1 0 0
    outer loop
      vertex -0.469999 5.5 0.934999
      vertex -0.469999 5.49321 0.952395
      vertex -0.469999 5.5 0.952099
    endloop
  endfacet
  facet normal -1 0 0
    outer loop
      vertex -0.469999 5.44204 0.937531
      vertex -0.469999 5.49321 0.952395
      vertex -0.469999 5.5 0.934999
    endloop
  endfacet
  facet normal -1 -0 0
    outer loop
      vertex -0.469999 5.49321 0.952395
      vertex -0.469999 5.44204 0.937531
      vertex -0.469999 5.44353 0.954565
    endloop
  endfacet
  facet normal -1 0 0
    outer loop
      vertex -0.469999 5.44204 0.937531
      vertex -0.469999 5.39423 0.961055
      vertex -0.469999 5.44353 0.954565
    endloop
  endfacet
  facet normal -1 0 0
    outer loop
      vertex -0.469999 5.38452 0.945103
      vertex -0.469999 5.39423 0.961055
      vertex -0.469999 5.44204 0.937531
    endloop
  endfacet
  facet normal -1 -0 0
    outer loop
      vertex -0.469999 5.39423 0.961055
      vertex -0.469999 5.38452 0.945103
      vertex -0.469999 5.38749 0.961942
    endloop
  endfacet
  facet normal -1 0 0
    outer loop
      vertex -0.469999 5.38452 0.945103
      vertex -0.469999 5.33894 0.972705
      vertex -0.469999 5.38749 0.961942
    endloop
  endfacet
  facet normal -1 0 0
    outer loop
      vertex -0.469999 5.32788 0.957659
      vertex -0.469999 5.33894 0.972705
      vertex -0.469999 5.38452 0.945103
    endloop
  endfacet
  facet normal -1 -0 0
    outer loop
      vertex -0.469999 5.33894 0.972705
      vertex -0.469999 5.32788 0.957659
      vertex -0.469999 5.33231 0.974176
    endloop
  endfacet
  facet normal -1 0 0
    outer loop
      vertex -0.469999 5.32788 0.957659
      vertex -0.469999 5.32583 0.976219
      vertex -0.469999 5.33231 0.974176
    endloop
  endfacet
  facet normal -1 0 0
    outer loop
      vertex -0.469999 5.27256 0.975104
      vertex -0.469999 5.32583 0.976219
      vertex -0.469999 5.32788 0.957659
    endloop
  endfacet
  facet normal -1 -0 0
    outer loop
      vertex -0.469999 5.32583 0.976219
      vertex -0.469999 5.27256 0.975104
      vertex -0.469999 5.2784 0.991173
    endloop
  endfacet
  facet normal -1 0 0
    outer loop
      vertex -0.469999 5.27256 0.975104
      vertex -0.469999 5.23246 1.0102
      vertex -0.469999 5.2784 0.991173
    endloop
  endfacet
  facet normal -1 0 0
    outer loop
      vertex -0.469999 5.21896 0.997305
      vertex -0.469999 5.23246 1.0102
      vertex -0.469999 5.27256 0.975104
    endloop
  endfacet
  facet normal -1 -0 0
    outer loop
      vertex -0.469999 5.23246 1.0102
      vertex -0.469999 5.21896 0.997305
      vertex -0.469999 5.22619 1.0128
    endloop
  endfacet
  facet normal -1 0 0
    outer loop
      vertex -0.469999 5.21896 0.997305
      vertex -0.469999 5.18208 1.03576
      vertex -0.469999 5.22619 1.0128
    endloop
  endfacet
  facet normal -1 0 0
    outer loop
      vertex -0.469999 5.1675 1.02409
      vertex -0.469999 5.18208 1.03576
      vertex -0.469999 5.21896 0.997305
    endloop
  endfacet
  facet normal -1 -0 0
    outer loop
      vertex -0.469999 5.18208 1.03576
      vertex -0.469999 5.1675 1.02409
      vertex -0.469999 5.17605 1.0389
    endloop
  endfacet
  facet normal -1 -0 0
    outer loop
      vertex -0.469999 5.17605 1.0389
      vertex -0.469999 5.1675 1.02409
      vertex -0.469999 5.17032 1.04255
    endloop
  endfacet
  facet normal -1 0 0
    outer loop
      vertex -0.469999 5.11857 1.05526
      vertex -0.469999 5.17032 1.04255
      vertex -0.469999 5.1675 1.02409
    endloop
  endfacet
  facet normal -1 0 0
    outer loop
      vertex -0.469999 5.17032 1.04255
      vertex -0.469999 5.11857 1.05526
      vertex -0.469999 5.12838 1.06927
    endloop
  endfacet
  facet normal -1 0 0
    outer loop
      vertex -0.469999 5.11857 1.05526
      vertex -0.469999 5.08893 1.09954
      vertex -0.469999 5.12838 1.06927
    endloop
  endfacet
  facet normal -1 0 0
    outer loop
      vertex -0.469999 5.07255 1.09058
      vertex -0.469999 5.08893 1.09954
      vertex -0.469999 5.11857 1.05526
    endloop
  endfacet
  facet normal -1 -0 0
    outer loop
      vertex -0.469999 5.08893 1.09954
      vertex -0.469999 5.07255 1.09058
      vertex -0.469999 5.08354 1.10368
    endloop
  endfacet
  facet normal -1 0 0
    outer loop
      vertex -0.469999 5.07255 1.09058
      vertex -0.469999 5.04688 1.13727
      vertex -0.469999 5.08354 1.10368
    endloop
  endfacet
  facet normal -1 0 0
    outer loop
      vertex -0.469999 5.02977 1.12977
      vertex -0.469999 5.04688 1.13727
      vertex -0.469999 5.07255 1.09058
    endloop
  endfacet
  facet normal -1 -0 0
    outer loop
      vertex -0.469999 5.04688 1.13727
      vertex -0.469999 5.02977 1.12977
      vertex -0.469999 5.04186 1.14186
    endloop
  endfacet
  facet normal -1 0 0
    outer loop
      vertex -0.469999 5.02977 1.12977
      vertex -0.469999 5.00827 1.17853
      vertex -0.469999 5.04186 1.14186
    endloop
  endfacet
  facet normal -1 0 0
    outer loop
      vertex -0.469999 4.99058 1.17255
      vertex -0.469999 5.00827 1.17853
      vertex -0.469999 5.02977 1.12977
    endloop
  endfacet
  facet normal -1 -0 0
    outer loop
      vertex -0.469999 5.00827 1.17853
      vertex -0.469999 4.99058 1.17255
      vertex -0.469999 5.00368 1.18354
    endloop
  endfacet
  facet normal -1 -0 0
    outer loop
      vertex -0.469999 5.00368 1.18354
      vertex -0.469999 4.99058 1.17255
      vertex -0.469999 4.99954 1.18893
    endloop
  endfacet
  facet normal -1 0 0
    outer loop
      vertex -0.469999 4.95526 1.21857
      vertex -0.469999 4.99954 1.18893
      vertex -0.469999 4.99058 1.17255
    endloop
  endfacet
  facet normal -1 0 0
    outer loop
      vertex -0.469999 4.99954 1.18893
      vertex -0.469999 4.95526 1.21857
      vertex -0.469999 4.96927 1.22838
    endloop
  endfacet
  facet normal -1 -0 0
    outer loop
      vertex -0.469999 4.96927 1.22838
      vertex -0.469999 4.95526 1.21857
      vertex -0.469999 4.96562 1.23411
    endloop
  endfacet
  facet normal -1 0 0
    outer loop
      vertex -0.469999 4.92409 1.2675
      vertex -0.469999 4.96562 1.23411
      vertex -0.469999 4.95526 1.21857
    endloop
  endfacet
  facet normal -1 0 0
    outer loop
      vertex -0.469999 4.96562 1.23411
      vertex -0.469999 4.92409 1.2675
      vertex -0.469999 4.9389 1.27605
    endloop
  endfacet
  facet normal -1 0 0
    outer loop
      vertex -0.469999 4.92409 1.2675
      vertex -0.469999 4.91594 1.32016
      vertex -0.469999 4.9389 1.27605
    endloop
  endfacet
  facet normal -1 0 0
    outer loop
      vertex -0.469999 4.8973 1.31896
      vertex -0.469999 4.91594 1.32016
      vertex -0.469999 4.92409 1.2675
    endloop
  endfacet
  facet normal -1 -0 0
    outer loop
      vertex -0.469999 4.91594 1.32016
      vertex -0.469999 4.8973 1.31896
      vertex -0.469999 4.9128 1.32618
    endloop
  endfacet
  facet normal -1 -0 0
    outer loop
      vertex -0.469999 4.9128 1.32618
      vertex -0.469999 4.8973 1.31896
      vertex -0.469999 4.9102 1.33246
    endloop
  endfacet
  facet normal -1 0 0
    outer loop
      vertex -0.469999 4.8751 1.37256
      vertex -0.469999 4.9102 1.33246
      vertex -0.469999 4.8973 1.31896
    endloop
  endfacet
  facet normal -1 0 0
    outer loop
      vertex -0.469999 4.9102 1.33246
      vertex -0.469999 4.8751 1.37256
      vertex -0.469999 4.89117 1.3784
    endloop
  endfacet
  facet normal -1 -0 0
    outer loop
      vertex -0.469999 4.89117 1.3784
      vertex -0.469999 4.8751 1.37256
      vertex -0.469999 4.88913 1.38489
    endloop
  endfacet
  facet normal -1 0 0
    outer loop
      vertex -0.469999 4.85766 1.42789
      vertex -0.469999 4.88913 1.38489
      vertex -0.469999 4.8751 1.37256
    endloop
  endfacet
  facet normal -1 0 0
    outer loop
      vertex -0.469999 4.88913 1.38489
      vertex -0.469999 4.85766 1.42789
      vertex -0.469999 4.87418 1.43231
    endloop
  endfacet
  facet normal -1 -0 0
    outer loop
      vertex -0.469999 4.87418 1.43231
      vertex -0.469999 4.85766 1.42789
      vertex -0.469999 4.86341 1.48086
    endloop
  endfacet
  facet normal -1 0 0
    outer loop
      vertex -0.469999 4.8451 1.48452
      vertex -0.469999 4.86341 1.48086
      vertex -0.469999 4.85766 1.42789
    endloop
  endfacet
  facet normal -1 0 0
    outer loop
      vertex -0.469999 4.86341 1.48086
      vertex -0.469999 4.8451 1.48452
      vertex -0.469999 4.86194 1.48749
    endloop
  endfacet
  facet normal -1 -0 0
    outer loop
      vertex -0.469999 4.86194 1.48749
      vertex -0.469999 4.8451 1.48452
      vertex -0.469999 4.86106 1.49423
    endloop
  endfacet
  facet normal -1 0 0
    outer loop
      vertex -0.469999 4.83753 1.54204
      vertex -0.469999 4.86106 1.49423
      vertex -0.469999 4.8451 1.48452
    endloop
  endfacet
  facet normal -1 0 0
    outer loop
      vertex -0.469999 4.86106 1.49423
      vertex -0.469999 4.83753 1.54204
      vertex -0.469999 4.85456 1.54353
    endloop
  endfacet
  facet normal -1 -0 0
    outer loop
      vertex -0.469999 4.85456 1.54353
      vertex -0.469999 4.83753 1.54204
      vertex -0.469999 4.8524 1.59321
    endloop
  endfacet
  facet normal -1 0 0
    outer loop
      vertex -0.469999 6.14543 1.65647
      vertex -0.469999 6.16247 1.65796
      vertex -0.469999 6.1476 1.60679
    endloop
  endfacet
  facet normal -1 0 0
    outer loop
      vertex -0.469999 6.13894 1.70577
      vertex -0.469999 6.16247 1.65796
      vertex -0.469999 6.14543 1.65647
    endloop
  endfacet
  facet normal -1 0 0
    outer loop
      vertex -0.469999 6.16247 1.65796
      vertex -0.469999 6.13894 1.70577
      vertex -0.469999 6.1549 1.71548
    endloop
  endfacet
  facet normal -1 0 0
    outer loop
      vertex -0.469999 6.13806 1.71251
      vertex -0.469999 6.1549 1.71548
      vertex -0.469999 6.13894 1.70577
    endloop
  endfacet
  facet normal -1 0 0
    outer loop
      vertex -0.469999 6.13659 1.71914
      vertex -0.469999 6.1549 1.71548
      vertex -0.469999 6.13806 1.71251
    endloop
  endfacet
  facet normal -1 0 0
    outer loop
      vertex -0.469999 6.1549 1.71548
      vertex -0.469999 6.13659 1.71914
      vertex -0.469999 6.14234 1.77211
    endloop
  endfacet
  facet normal -1 0 0
    outer loop
      vertex -0.469999 6.12582 1.76769
      vertex -0.469999 6.14234 1.77211
      vertex -0.469999 6.13659 1.71914
    endloop
  endfacet
  facet normal -1 0 0
    outer loop
      vertex -0.469999 6.11087 1.81511
      vertex -0.469999 6.14234 1.77211
      vertex -0.469999 6.12582 1.76769
    endloop
  endfacet
  facet normal -1 0 0
    outer loop
      vertex -0.469999 6.14234 1.77211
      vertex -0.469999 6.11087 1.81511
      vertex -0.469999 6.1249 1.82744
    endloop
  endfacet
  facet normal -1 0 0
    outer loop
      vertex -0.469999 6.10883 1.82159
      vertex -0.469999 6.1249 1.82744
      vertex -0.469999 6.11087 1.81511
    endloop
  endfacet
  facet normal -1 0 0
    outer loop
      vertex -0.469999 6.0898 1.86754
      vertex -0.469999 6.1249 1.82744
      vertex -0.469999 6.10883 1.82159
    endloop
  endfacet
  facet normal -1 0 0
    outer loop
      vertex -0.469999 6.1249 1.82744
      vertex -0.469999 6.0898 1.86754
      vertex -0.469999 6.10269 1.88104
    endloop
  endfacet
  facet normal -1 0 0
    outer loop
      vertex -0.469999 6.0872 1.87381
      vertex -0.469999 6.10269 1.88104
      vertex -0.469999 6.0898 1.86754
    endloop
  endfacet
  facet normal -1 0 0
    outer loop
      vertex -0.469999 6.06424 1.91792
      vertex -0.469999 6.10269 1.88104
      vertex -0.469999 6.0872 1.87381
    endloop
  endfacet
  facet normal -1 0 0
    outer loop
      vertex -0.469999 6.10269 1.88104
      vertex -0.469999 6.06424 1.91792
      vertex -0.469999 6.07591 1.9325
    endloop
  endfacet
  facet normal -1 0 0
    outer loop
      vertex -0.469999 6.0611 1.92395
      vertex -0.469999 6.07591 1.9325
      vertex -0.469999 6.06424 1.91792
    endloop
  endfacet
  facet normal -1 0 0
    outer loop
      vertex -0.469999 6.05745 1.92968
      vertex -0.469999 6.07591 1.9325
      vertex -0.469999 6.0611 1.92395
    endloop
  endfacet
  facet normal -1 0 0
    outer loop
      vertex -0.469999 6.05745 1.92968
      vertex -0.469999 6.04474 1.98143
      vertex -0.469999 6.07591 1.9325
    endloop
  endfacet
  facet normal -1 0 0
    outer loop
      vertex -0.469999 6.03073 1.97162
      vertex -0.469999 6.04474 1.98143
      vertex -0.469999 6.05745 1.92968
    endloop
  endfacet
  facet normal -1 0 0
    outer loop
      vertex -0.469999 6.02659 1.97701
      vertex -0.469999 6.04474 1.98143
      vertex -0.469999 6.03073 1.97162
    endloop
  endfacet
  facet normal -1 0 0
    outer loop
      vertex -0.469999 6.02659 1.97701
      vertex -0.469999 6.00942 2.02745
      vertex -0.469999 6.04474 1.98143
    endloop
  endfacet
  facet normal -1 0 0
    outer loop
      vertex -0.469999 5.99632 2.01646
      vertex -0.469999 6.00942 2.02745
      vertex -0.469999 6.02659 1.97701
    endloop
  endfacet
  facet normal -1 0 0
    outer loop
      vertex -0.469999 5.99173 2.02147
      vertex -0.469999 6.00942 2.02745
      vertex -0.469999 5.99632 2.01646
    endloop
  endfacet
  facet normal -1 0 0
    outer loop
      vertex -0.469999 5.99173 2.02147
      vertex -0.469999 5.97023 2.07023
      vertex -0.469999 6.00942 2.02745
    endloop
  endfacet
  facet normal -1 0 0
    outer loop
      vertex -0.469999 5.95813 2.05813
      vertex -0.469999 5.97023 2.07023
      vertex -0.469999 5.99173 2.02147
    endloop
  endfacet
  facet normal -1 0 0
    outer loop
      vertex -0.469999 5.92147 2.09173
      vertex -0.469999 5.97023 2.07023
      vertex -0.469999 5.95813 2.05813
    endloop
  endfacet
  facet normal -1 0 0
    outer loop
      vertex -0.469999 5.97023 2.07023
      vertex -0.469999 5.92147 2.09173
      vertex -0.469999 5.92745 2.10942
    endloop
  endfacet
  facet normal -1 0 0
    outer loop
      vertex -0.469999 5.91646 2.09632
      vertex -0.469999 5.92745 2.10942
      vertex -0.469999 5.92147 2.09173
    endloop
  endfacet
  facet normal -1 0 0
    outer loop
      vertex -0.469999 5.91107 2.10046
      vertex -0.469999 5.92745 2.10942
      vertex -0.469999 5.91646 2.09632
    endloop
  endfacet
  facet normal -1 0 0
    outer loop
      vertex -0.469999 5.91107 2.10046
      vertex -0.469999 5.88143 2.14474
      vertex -0.469999 5.92745 2.10942
    endloop
  endfacet
  facet normal -1 0 0
    outer loop
      vertex -0.469999 5.87162 2.13073
      vertex -0.469999 5.88143 2.14474
      vertex -0.469999 5.91107 2.10046
    endloop
  endfacet
  facet normal -1 0 0
    outer loop
      vertex -0.469999 5.82968 2.15745
      vertex -0.469999 5.88143 2.14474
      vertex -0.469999 5.87162 2.13073
    endloop
  endfacet
  facet normal -1 0 0
    outer loop
      vertex -0.469999 5.88143 2.14474
      vertex -0.469999 5.82968 2.15745
      vertex -0.469999 5.8325 2.17591
    endloop
  endfacet
  facet normal -1 0 0
    outer loop
      vertex -0.469999 5.82395 2.1611
      vertex -0.469999 5.8325 2.17591
      vertex -0.469999 5.82968 2.15745
    endloop
  endfacet
  facet normal -1 0 0
    outer loop
      vertex -0.469999 5.81792 2.16424
      vertex -0.469999 5.8325 2.17591
      vertex -0.469999 5.82395 2.1611
    endloop
  endfacet
  facet normal -1 0 0
    outer loop
      vertex -0.469999 5.81792 2.16424
      vertex -0.469999 5.78104 2.20269
      vertex -0.469999 5.8325 2.17591
    endloop
  endfacet
  facet normal -1 0 0
    outer loop
      vertex -0.469999 5.77381 2.1872
      vertex -0.469999 5.78104 2.20269
      vertex -0.469999 5.81792 2.16424
    endloop
  endfacet
  facet normal -1 0 0
    outer loop
      vertex -0.469999 5.76754 2.1898
      vertex -0.469999 5.78104 2.20269
      vertex -0.469999 5.77381 2.1872
    endloop
  endfacet
  facet normal -1 0 0
    outer loop
      vertex -0.469999 5.76754 2.1898
      vertex -0.469999 5.72744 2.2249
      vertex -0.469999 5.78104 2.20269
    endloop
  endfacet
  facet normal -1 0 0
    outer loop
      vertex -0.469999 5.72159 2.20883
      vertex -0.469999 5.72744 2.2249
      vertex -0.469999 5.76754 2.1898
    endloop
  endfacet
  facet normal -1 0 0
    outer loop
      vertex -0.469999 5.67417 2.22378
      vertex -0.469999 5.72744 2.2249
      vertex -0.469999 5.72159 2.20883
    endloop
  endfacet
  facet normal -1 0 0
    outer loop
      vertex -0.469999 5.67417 2.22378
      vertex -0.469999 5.67211 2.24234
      vertex -0.469999 5.72744 2.2249
    endloop
  endfacet
  facet normal -1 0 0
    outer loop
      vertex -0.469999 5.66769 2.22582
      vertex -0.469999 5.67211 2.24234
      vertex -0.469999 5.67417 2.22378
    endloop
  endfacet
  facet normal -1 0 0
    outer loop
      vertex -0.469999 5.66105 2.22729
      vertex -0.469999 5.67211 2.24234
      vertex -0.469999 5.66769 2.22582
    endloop
  endfacet
  facet normal -1 0 0
    outer loop
      vertex -0.469999 5.66105 2.22729
      vertex -0.469999 5.61548 2.2549
      vertex -0.469999 5.67211 2.24234
    endloop
  endfacet
  facet normal -1 0 0
    outer loop
      vertex -0.469999 5.61251 2.23806
      vertex -0.469999 5.61548 2.2549
      vertex -0.469999 5.66105 2.22729
    endloop
  endfacet
  facet normal -1 0 0
    outer loop
      vertex -0.469999 5.60577 2.23894
      vertex -0.469999 5.61548 2.2549
      vertex -0.469999 5.61251 2.23806
    endloop
  endfacet
  facet normal -1 0 0
    outer loop
      vertex -0.469999 5.60577 2.23894
      vertex -0.469999 5.55796 2.26247
      vertex -0.469999 5.61548 2.2549
    endloop
  endfacet
  facet normal -1 0 0
    outer loop
      vertex -0.469999 5.55647 2.24543
      vertex -0.469999 5.55796 2.26247
      vertex -0.469999 5.60577 2.23894
    endloop
  endfacet
  facet normal -1 0 0
    outer loop
      vertex -0.469999 5.54968 2.24573
      vertex -0.469999 5.55796 2.26247
      vertex -0.469999 5.55647 2.24543
    endloop
  endfacet
  facet normal -1 0 0
    outer loop
      vertex -0.469999 5.5 2.265
      vertex -0.469999 5.54968 2.24573
      vertex -0.469999 5.5 2.2479
    endloop
  endfacet
  facet normal -1 0 0
    outer loop
      vertex -0.469999 5.54968 2.24573
      vertex -0.469999 5.5 2.265
      vertex -0.469999 5.55796 2.26247
    endloop
  endfacet
  facet normal -1 0 0
    outer loop
      vertex -0.469999 5.45032 2.24573
      vertex -0.469999 5.5 2.265
      vertex -0.469999 5.5 2.2479
    endloop
  endfacet
  facet normal -1 0 0
    outer loop
      vertex -0.469999 5.44204 2.26247
      vertex -0.469999 5.45032 2.24573
      vertex -0.469999 5.44353 2.24543
    endloop
  endfacet
  facet normal -1 0 0
    outer loop
      vertex -0.469999 5.45032 2.24573
      vertex -0.469999 5.44204 2.26247
      vertex -0.469999 5.5 2.265
    endloop
  endfacet
  facet normal -1 0 0
    outer loop
      vertex -0.469999 5.39423 2.23894
      vertex -0.469999 5.44204 2.26247
      vertex -0.469999 5.44353 2.24543
    endloop
  endfacet
  facet normal -1 0 0
    outer loop
      vertex -0.469999 5.38452 2.2549
      vertex -0.469999 5.39423 2.23894
      vertex -0.469999 5.38749 2.23806
    endloop
  endfacet
  facet normal -1 0 0
    outer loop
      vertex -0.469999 5.39423 2.23894
      vertex -0.469999 5.38452 2.2549
      vertex -0.469999 5.44204 2.26247
    endloop
  endfacet
  facet normal -1 0 0
    outer loop
      vertex -0.469999 5.33894 2.22729
      vertex -0.469999 5.38452 2.2549
      vertex -0.469999 5.38749 2.23806
    endloop
  endfacet
  facet normal -1 0 0
    outer loop
      vertex -0.469999 5.32788 2.24234
      vertex -0.469999 5.33894 2.22729
      vertex -0.469999 5.33231 2.22582
    endloop
  endfacet
  facet normal -1 0 0
    outer loop
      vertex -0.469999 5.33894 2.22729
      vertex -0.469999 5.32788 2.24234
      vertex -0.469999 5.38452 2.2549
    endloop
  endfacet
  facet normal -1 0 0
    outer loop
      vertex -0.469999 5.32583 2.22378
      vertex -0.469999 5.32788 2.24234
      vertex -0.469999 5.33231 2.22582
    endloop
  endfacet
  facet normal -1 0 0
    outer loop
      vertex -0.469999 5.27256 2.2249
      vertex -0.469999 5.32583 2.22378
      vertex -0.469999 5.2784 2.20883
    endloop
  endfacet
  facet normal -1 0 0
    outer loop
      vertex -0.469999 5.32583 2.22378
      vertex -0.469999 5.27256 2.2249
      vertex -0.469999 5.32788 2.24234
    endloop
  endfacet
  facet normal -1 0 0
    outer loop
      vertex -0.469999 5.23246 2.1898
      vertex -0.469999 5.27256 2.2249
      vertex -0.469999 5.2784 2.20883
    endloop
  endfacet
  facet normal -1 0 0
    outer loop
      vertex -0.469999 5.21896 2.20269
      vertex -0.469999 5.23246 2.1898
      vertex -0.469999 5.22619 2.1872
    endloop
  endfacet
  facet normal -1 0 0
    outer loop
      vertex -0.469999 5.23246 2.1898
      vertex -0.469999 5.21896 2.20269
      vertex -0.469999 5.27256 2.2249
    endloop
  endfacet
  facet normal -1 0 0
    outer loop
      vertex -0.469999 5.18208 2.16424
      vertex -0.469999 5.21896 2.20269
      vertex -0.469999 5.22619 2.1872
    endloop
  endfacet
  facet normal -1 0 0
    outer loop
      vertex -0.469999 5.1675 2.17591
      vertex -0.469999 5.18208 2.16424
      vertex -0.469999 5.17605 2.1611
    endloop
  endfacet
  facet normal -1 0 0
    outer loop
      vertex -0.469999 5.1675 2.17591
      vertex -0.469999 5.17605 2.1611
      vertex -0.469999 5.17032 2.15745
    endloop
  endfacet
  facet normal -1 0 0
    outer loop
      vertex -0.469999 5.18208 2.16424
      vertex -0.469999 5.1675 2.17591
      vertex -0.469999 5.21896 2.20269
    endloop
  endfacet
  facet normal -1 0 0
    outer loop
      vertex -0.469999 5.11857 2.14474
      vertex -0.469999 5.17032 2.15745
      vertex -0.469999 5.12838 2.13073
    endloop
  endfacet
  facet normal -1 -0 0
    outer loop
      vertex -0.469999 5.17032 2.15745
      vertex -0.469999 5.11857 2.14474
      vertex -0.469999 5.1675 2.17591
    endloop
  endfacet
  facet normal -1 0 0
    outer loop
      vertex -0.469999 5.08893 2.10046
      vertex -0.469999 5.11857 2.14474
      vertex -0.469999 5.12838 2.13073
    endloop
  endfacet
  facet normal -1 0 0
    outer loop
      vertex -0.469999 5.07255 2.10942
      vertex -0.469999 5.08893 2.10046
      vertex -0.469999 5.08354 2.09632
    endloop
  endfacet
  facet normal -1 0 0
    outer loop
      vertex -0.469999 5.07255 2.10942
      vertex -0.469999 5.08354 2.09632
      vertex -0.469999 5.07853 2.09173
    endloop
  endfacet
  facet normal -1 0 0
    outer loop
      vertex -0.469999 5.08893 2.10046
      vertex -0.469999 5.07255 2.10942
      vertex -0.469999 5.11857 2.14474
    endloop
  endfacet
  facet normal -1 0 0
    outer loop
      vertex -0.469999 5.02977 2.07023
      vertex -0.469999 5.07853 2.09173
      vertex -0.469999 5.04186 2.05813
    endloop
  endfacet
  facet normal -1 -0 0
    outer loop
      vertex -0.469999 5.07853 2.09173
      vertex -0.469999 5.02977 2.07023
      vertex -0.469999 5.07255 2.10942
    endloop
  endfacet
  facet normal -1 0 0
    outer loop
      vertex -0.469999 5.00827 2.02147
      vertex -0.469999 5.02977 2.07023
      vertex -0.469999 5.04186 2.05813
    endloop
  endfacet
  facet normal -1 0 0
    outer loop
      vertex -0.469999 4.99058 2.02745
      vertex -0.469999 5.00827 2.02147
      vertex -0.469999 5.00368 2.01646
    endloop
  endfacet
  facet normal -1 0 0
    outer loop
      vertex -0.469999 5.00827 2.02147
      vertex -0.469999 4.99058 2.02745
      vertex -0.469999 5.02977 2.07023
    endloop
  endfacet
  facet normal -1 0 0
    outer loop
      vertex -0.469999 4.97341 1.97701
      vertex -0.469999 4.99058 2.02745
      vertex -0.469999 5.00368 2.01646
    endloop
  endfacet
  facet normal -1 0 0
    outer loop
      vertex -0.469999 4.95526 1.98143
      vertex -0.469999 4.97341 1.97701
      vertex -0.469999 4.96927 1.97162
    endloop
  endfacet
  facet normal -1 0 0
    outer loop
      vertex -0.469999 4.97341 1.97701
      vertex -0.469999 4.95526 1.98143
      vertex -0.469999 4.99058 2.02745
    endloop
  endfacet
  facet normal -1 0 0
    outer loop
      vertex -0.469999 4.94255 1.92968
      vertex -0.469999 4.95526 1.98143
      vertex -0.469999 4.96927 1.97162
    endloop
  endfacet
  facet normal -1 0 0
    outer loop
      vertex -0.469999 4.92409 1.9325
      vertex -0.469999 4.94255 1.92968
      vertex -0.469999 4.9389 1.92395
    endloop
  endfacet
  facet normal -1 0 0
    outer loop
      vertex -0.469999 4.92409 1.9325
      vertex -0.469999 4.9389 1.92395
      vertex -0.469999 4.93576 1.91792
    endloop
  endfacet
  facet normal -1 0 0
    outer loop
      vertex -0.469999 4.94255 1.92968
      vertex -0.469999 4.92409 1.9325
      vertex -0.469999 4.95526 1.98143
    endloop
  endfacet
  facet normal -1 0 0
    outer loop
      vertex -0.469999 4.8973 1.88104
      vertex -0.469999 4.93576 1.91792
      vertex -0.469999 4.9128 1.87381
    endloop
  endfacet
  facet normal -1 0 0
    outer loop
      vertex -0.469999 4.8973 1.88104
      vertex -0.469999 4.9128 1.87381
      vertex -0.469999 4.9102 1.86754
    endloop
  endfacet
  facet normal -1 -0 0
    outer loop
      vertex -0.469999 4.93576 1.91792
      vertex -0.469999 4.8973 1.88104
      vertex -0.469999 4.92409 1.9325
    endloop
  endfacet
  facet normal -1 0 0
    outer loop
      vertex -0.469999 4.8751 1.82744
      vertex -0.469999 4.9102 1.86754
      vertex -0.469999 4.89117 1.82159
    endloop
  endfacet
  facet normal -1 0 0
    outer loop
      vertex -0.469999 4.8751 1.82744
      vertex -0.469999 4.89117 1.82159
      vertex -0.469999 4.88913 1.81511
    endloop
  endfacet
  facet normal -1 -0 0
    outer loop
      vertex -0.469999 4.9102 1.86754
      vertex -0.469999 4.8751 1.82744
      vertex -0.469999 4.8973 1.88104
    endloop
  endfacet
  facet normal -1 0 0
    outer loop
      vertex -0.469999 4.85766 1.77211
      vertex -0.469999 4.88913 1.81511
      vertex -0.469999 4.87418 1.76769
    endloop
  endfacet
  facet normal -1 0 0
    outer loop
      vertex -0.469999 4.85766 1.77211
      vertex -0.469999 4.87418 1.76769
      vertex -0.469999 4.86341 1.71914
    endloop
  endfacet
  facet normal -1 0 0
    outer loop
      vertex -0.469999 4.8451 1.71548
      vertex -0.469999 4.86341 1.71914
      vertex -0.469999 4.86194 1.71251
    endloop
  endfacet
  facet normal -1 0 0
    outer loop
      vertex -0.469999 4.8451 1.71548
      vertex -0.469999 4.86194 1.71251
      vertex -0.469999 4.86106 1.70577
    endloop
  endfacet
  facet normal -1 -0 0
    outer loop
      vertex -0.469999 4.88913 1.81511
      vertex -0.469999 4.85766 1.77211
      vertex -0.469999 4.8751 1.82744
    endloop
  endfacet
  facet normal -1 0 0
    outer loop
      vertex -0.469999 4.83753 1.65796
      vertex -0.469999 4.86106 1.70577
      vertex -0.469999 4.85456 1.65647
    endloop
  endfacet
  facet normal -1 0 0
    outer loop
      vertex -0.469999 4.83753 1.65796
      vertex -0.469999 4.85456 1.65647
      vertex -0.469999 4.8524 1.60679
    endloop
  endfacet
  facet normal -1 0 0
    outer loop
      vertex -0.469999 4.835 1.6
      vertex -0.469999 4.8524 1.60679
      vertex -0.469999 4.8521 1.6
    endloop
  endfacet
  facet normal -1 0 0
    outer loop
      vertex -0.469999 4.835 1.6
      vertex -0.469999 4.8524 1.59321
      vertex -0.469999 4.83753 1.54204
    endloop
  endfacet
  facet normal -1 -0 0
    outer loop
      vertex -0.469999 4.86341 1.71914
      vertex -0.469999 4.8451 1.71548
      vertex -0.469999 4.85766 1.77211
    endloop
  endfacet
  facet normal -1 0 0
    outer loop
      vertex -0.469999 4.8524 1.59321
      vertex -0.469999 4.835 1.6
      vertex -0.469999 4.8521 1.6
    endloop
  endfacet
  facet normal -1 -0 0
    outer loop
      vertex -0.469999 4.86106 1.70577
      vertex -0.469999 4.83753 1.65796
      vertex -0.469999 4.8451 1.71548
    endloop
  endfacet
  facet normal -1 -0 0
    outer loop
      vertex -0.469999 4.8524 1.60679
      vertex -0.469999 4.835 1.6
      vertex -0.469999 4.83753 1.65796
    endloop
  endfacet
  facet normal 0 0.79329 0.608844
    outer loop
      vertex -0.12 6.04474 1.98143
      vertex -0.469999 6.00942 2.02745
      vertex -0.12 6.00942 2.02745
    endloop
  endfacet
  facet normal 0 0.79329 0.608844
    outer loop
      vertex -0.469999 6.00942 2.02745
      vertex -0.12 6.04474 1.98143
      vertex -0.469999 6.04474 1.98143
    endloop
  endfacet
  facet normal 0 0.843406 0.537277
    outer loop
      vertex -0.12 6.07591 1.9325
      vertex -0.469999 6.04474 1.98143
      vertex -0.12 6.04474 1.98143
    endloop
  endfacet
  facet normal 0 0.843406 0.537277
    outer loop
      vertex -0.469999 6.04474 1.98143
      vertex -0.12 6.07591 1.9325
      vertex -0.469999 6.07591 1.9325
    endloop
  endfacet
  facet normal 0 -0.67549 -0.737369
    outer loop
      vertex -0.469999 5.02977 1.12977
      vertex -0.12 5.07255 1.09058
      vertex -0.12 5.02977 1.12977
    endloop
  endfacet
  facet normal -0 -0.67549 -0.737369
    outer loop
      vertex -0.12 5.07255 1.09058
      vertex -0.469999 5.02977 1.12977
      vertex -0.469999 5.07255 1.09058
    endloop
  endfacet
  facet normal -0 0.130481 0.991451
    outer loop
      vertex -0.469999 5.61548 2.2549
      vertex -0.12 5.55796 2.26247
      vertex -0.12 5.61548 2.2549
    endloop
  endfacet
  facet normal 0 0.130481 0.991451
    outer loop
      vertex -0.12 5.55796 2.26247
      vertex -0.469999 5.61548 2.2549
      vertex -0.469999 5.55796 2.26247
    endloop
  endfacet
  facet normal 0 -0.0436093 0.999049
    outer loop
      vertex -0.469999 5.5 2.265
      vertex -0.12 5.44204 2.26247
      vertex -0.12 5.5 2.265
    endloop
  endfacet
  facet normal 0 -0.0436093 0.999049
    outer loop
      vertex -0.12 5.44204 2.26247
      vertex -0.469999 5.5 2.265
      vertex -0.469999 5.44204 2.26247
    endloop
  endfacet
  facet normal 0 -0.79329 0.608844
    outer loop
      vertex -0.469999 4.95526 1.98143
      vertex -0.12 4.99058 2.02745
      vertex -0.469999 4.99058 2.02745
    endloop
  endfacet
  facet normal 0 -0.79329 0.608844
    outer loop
      vertex -0.12 4.99058 2.02745
      vertex -0.469999 4.95526 1.98143
      vertex -0.12 4.95526 1.98143
    endloop
  endfacet
  facet normal 0 0.976276 -0.216529
    outer loop
      vertex -0.12 6.14234 1.42789
      vertex -0.469999 6.1549 1.48452
      vertex -0.12 6.1549 1.48452
    endloop
  endfacet
  facet normal 0 0.976276 -0.216529
    outer loop
      vertex -0.469999 6.1549 1.48452
      vertex -0.12 6.14234 1.42789
      vertex -0.469999 6.14234 1.42789
    endloop
  endfacet
  facet normal 0 -0.608844 0.79329
    outer loop
      vertex -0.469999 5.11857 2.14474
      vertex -0.12 5.07255 2.10942
      vertex -0.12 5.11857 2.14474
    endloop
  endfacet
  facet normal 0 -0.608844 0.79329
    outer loop
      vertex -0.12 5.07255 2.10942
      vertex -0.469999 5.11857 2.14474
      vertex -0.469999 5.07255 2.10942
    endloop
  endfacet
  facet normal 0 -0.537277 0.843406
    outer loop
      vertex -0.469999 5.1675 2.17591
      vertex -0.12 5.11857 2.14474
      vertex -0.12 5.1675 2.17591
    endloop
  endfacet
  facet normal 0 -0.537277 0.843406
    outer loop
      vertex -0.12 5.11857 2.14474
      vertex -0.469999 5.1675 2.17591
      vertex -0.469999 5.11857 2.14474
    endloop
  endfacet
  facet normal 0 -0.79329 -0.608844
    outer loop
      vertex -0.469999 4.99058 1.17255
      vertex -0.12 4.95526 1.21857
      vertex -0.469999 4.95526 1.21857
    endloop
  endfacet
  facet normal 0 -0.79329 -0.608844
    outer loop
      vertex -0.12 4.95526 1.21857
      vertex -0.469999 4.99058 1.17255
      vertex -0.12 4.99058 1.17255
    endloop
  endfacet
  facet normal 0 -0.843406 -0.537277
    outer loop
      vertex -0.469999 4.95526 1.21857
      vertex -0.12 4.92409 1.2675
      vertex -0.469999 4.92409 1.2675
    endloop
  endfacet
  facet normal 0 -0.843406 -0.537277
    outer loop
      vertex -0.12 4.92409 1.2675
      vertex -0.469999 4.95526 1.21857
      vertex -0.12 4.95526 1.21857
    endloop
  endfacet
  facet normal 0 -0.300669 0.953728
    outer loop
      vertex -0.469999 5.32788 2.24234
      vertex -0.12 5.27256 2.2249
      vertex -0.12 5.32788 2.24234
    endloop
  endfacet
  facet normal 0 -0.300669 0.953728
    outer loop
      vertex -0.12 5.27256 2.2249
      vertex -0.469999 5.32788 2.24234
      vertex -0.469999 5.27256 2.2249
    endloop
  endfacet
  facet normal -0 0.537277 0.843406
    outer loop
      vertex -0.469999 5.88143 2.14474
      vertex -0.12 5.8325 2.17591
      vertex -0.12 5.88143 2.14474
    endloop
  endfacet
  facet normal 0 0.537277 0.843406
    outer loop
      vertex -0.12 5.8325 2.17591
      vertex -0.469999 5.88143 2.14474
      vertex -0.469999 5.8325 2.17591
    endloop
  endfacet
  facet normal 0 0.991451 -0.130481
    outer loop
      vertex -0.12 6.1549 1.48452
      vertex -0.469999 6.16247 1.54204
      vertex -0.12 6.16247 1.54204
    endloop
  endfacet
  facet normal 0 0.991451 -0.130481
    outer loop
      vertex -0.469999 6.16247 1.54204
      vertex -0.12 6.1549 1.48452
      vertex -0.469999 6.1549 1.48452
    endloop
  endfacet
  facet normal -0.649499 0.0331154 -0.759641
    outer loop
      vertex -0.589999 5.5 1.0547
      vertex -0.469999 5.50679 0.952395
      vertex -0.469999 5.5 0.952099
    endloop
  endfacet
  facet normal -0.649499 0.0330835 -0.759642
    outer loop
      vertex -0.469999 5.50679 0.952395
      vertex -0.589999 5.5 1.0547
      vertex -0.589999 5.54753 1.05677
    endloop
  endfacet
  facet normal -0.649486 0.742328 0.164673
    outer loop
      vertex -0.469999 6.13659 1.71914
      vertex -0.589999 6.02672 1.74113
      vertex -0.469999 6.12582 1.76769
    endloop
  endfacet
  facet normal -0.649587 0.228303 0.725199
    outer loop
      vertex -0.589999 5.6865 2.11241
      vertex -0.469999 5.66769 2.22582
      vertex -0.469999 5.67417 2.22378
    endloop
  endfacet
  facet normal -0.649485 0.22872 0.72516
    outer loop
      vertex -0.469999 5.66769 2.22582
      vertex -0.589999 5.6865 2.11241
      vertex -0.589999 5.64113 2.12672
    endloop
  endfacet
  facet normal -0.649514 -0.408544 0.641267
    outer loop
      vertex -0.469999 5.17032 2.15745
      vertex -0.589999 5.22735 2.07224
      vertex -0.589999 5.18723 2.04668
    endloop
  endfacet
  facet normal -0.649513 -0.408503 0.641294
    outer loop
      vertex -0.589999 5.22735 2.07224
      vertex -0.469999 5.17032 2.15745
      vertex -0.469999 5.17605 2.1611
    endloop
  endfacet
  facet normal -0.649505 0.513667 -0.560615
    outer loop
      vertex -0.469999 5.91646 1.10368
      vertex -0.589999 5.85051 1.18228
      vertex -0.469999 5.95312 1.13727
    endloop
  endfacet
  facet normal -0.649493 -0.742329 0.164642
    outer loop
      vertex -0.589999 4.96298 1.69469
      vertex -0.469999 4.86341 1.71914
      vertex -0.589999 4.97328 1.74113
    endloop
  endfacet
  facet normal -0.649492 -0.74234 0.164591
    outer loop
      vertex -0.469999 4.86341 1.71914
      vertex -0.589999 4.96298 1.69469
      vertex -0.469999 4.86194 1.71251
    endloop
  endfacet
  facet normal -0.649479 0.164357 0.742404
    outer loop
      vertex -0.589999 5.64113 2.12672
      vertex -0.469999 5.66105 2.22729
      vertex -0.469999 5.66769 2.22582
    endloop
  endfacet
  facet normal -0.649476 0.164645 0.742343
    outer loop
      vertex -0.469999 5.66105 2.22729
      vertex -0.589999 5.64113 2.12672
      vertex -0.589999 5.59469 2.13702
    endloop
  endfacet
  facet normal -0.649495 0.753862 0.0992406
    outer loop
      vertex -0.469999 6.14543 1.65647
      vertex -0.589999 6.04322 1.64753
      vertex -0.469999 6.13894 1.70577
    endloop
  endfacet
  facet normal -0.649514 -0.641267 0.408544
    outer loop
      vertex -0.589999 5.02776 1.87265
      vertex -0.469999 4.94255 1.92968
      vertex -0.589999 5.05332 1.91277
    endloop
  endfacet
  facet normal -0.649513 -0.641294 0.408503
    outer loop
      vertex -0.469999 4.94255 1.92968
      vertex -0.589999 5.02776 1.87265
      vertex -0.469999 4.9389 1.92395
    endloop
  endfacet
  facet normal -0.649512 0.462863 -0.603235
    outer loop
      vertex -0.469999 5.87162 1.06927
      vertex -0.589999 5.81277 1.15332
      vertex -0.469999 5.91107 1.09954
    endloop
  endfacet
  facet normal -0.64949 0.164705 0.742317
    outer loop
      vertex -0.469999 5.66105 2.22729
      vertex -0.589999 5.59469 2.13702
      vertex -0.469999 5.61251 2.23806
    endloop
  endfacet
  facet normal -0.649493 -0.75965 0.0330283
    outer loop
      vertex -0.469999 4.85456 1.65647
      vertex -0.589999 4.95677 1.64753
      vertex -0.469999 4.8524 1.60679
    endloop
  endfacet
  facet normal -0.649474 0.0984431 0.753985
    outer loop
      vertex -0.589999 5.59469 2.13702
      vertex -0.469999 5.60577 2.23894
      vertex -0.469999 5.61251 2.23806
    endloop
  endfacet
  facet normal -0.649466 0.0991136 0.753903
    outer loop
      vertex -0.469999 5.60577 2.23894
      vertex -0.589999 5.59469 2.13702
      vertex -0.589999 5.54753 2.14322
    endloop
  endfacet
  facet normal -1 0 0
    outer loop
      vertex -0.589999 6.04322 1.55247
      vertex -0.589999 6.04322 1.64753
      vertex -0.589999 6.0453 1.6
    endloop
  endfacet
  facet normal -1 0 0
    outer loop
      vertex -0.589999 6.03701 1.50531
      vertex -0.589999 6.04322 1.64753
      vertex -0.589999 6.04322 1.55247
    endloop
  endfacet
  facet normal -1 0 0
    outer loop
      vertex -0.589999 6.03701 1.50531
      vertex -0.589999 6.03701 1.69469
      vertex -0.589999 6.04322 1.64753
    endloop
  endfacet
  facet normal -1 0 0
    outer loop
      vertex -0.589999 6.02672 1.45887
      vertex -0.589999 6.03701 1.69469
      vertex -0.589999 6.03701 1.50531
    endloop
  endfacet
  facet normal -1 0 0
    outer loop
      vertex -0.589999 6.02672 1.45887
      vertex -0.589999 6.02672 1.74113
      vertex -0.589999 6.03701 1.69469
    endloop
  endfacet
  facet normal -1 0 0
    outer loop
      vertex -0.589999 6.01241 1.4135
      vertex -0.589999 6.02672 1.74113
      vertex -0.589999 6.02672 1.45887
    endloop
  endfacet
  facet normal -1 0 0
    outer loop
      vertex -0.589999 6.01241 1.4135
      vertex -0.589999 6.01241 1.7865
      vertex -0.589999 6.02672 1.74113
    endloop
  endfacet
  facet normal -1 0 0
    outer loop
      vertex -0.589999 5.99421 1.36955
      vertex -0.589999 6.01241 1.7865
      vertex -0.589999 6.01241 1.4135
    endloop
  endfacet
  facet normal -1 0 0
    outer loop
      vertex -0.589999 5.99421 1.36955
      vertex -0.589999 5.99421 1.83045
      vertex -0.589999 6.01241 1.7865
    endloop
  endfacet
  facet normal -1 0 0
    outer loop
      vertex -0.589999 5.97224 1.32735
      vertex -0.589999 5.99421 1.83045
      vertex -0.589999 5.99421 1.36955
    endloop
  endfacet
  facet normal -1 0 0
    outer loop
      vertex -0.589999 5.97224 1.32735
      vertex -0.589999 5.97224 1.87265
      vertex -0.589999 5.99421 1.83045
    endloop
  endfacet
  facet normal -1 0 0
    outer loop
      vertex -0.589999 5.94668 1.28723
      vertex -0.589999 5.97224 1.87265
      vertex -0.589999 5.97224 1.32735
    endloop
  endfacet
  facet normal -1 0 0
    outer loop
      vertex -0.589999 5.94668 1.28723
      vertex -0.589999 5.94668 1.91277
      vertex -0.589999 5.97224 1.87265
    endloop
  endfacet
  facet normal -1 0 0
    outer loop
      vertex -0.589999 5.91772 1.24949
      vertex -0.589999 5.94668 1.91277
      vertex -0.589999 5.94668 1.28723
    endloop
  endfacet
  facet normal -1 0 0
    outer loop
      vertex -0.589999 5.91772 1.24949
      vertex -0.589999 5.91772 1.95051
      vertex -0.589999 5.94668 1.91277
    endloop
  endfacet
  facet normal -1 0 0
    outer loop
      vertex -0.589999 5.88558 1.21441
      vertex -0.589999 5.91772 1.95051
      vertex -0.589999 5.91772 1.24949
    endloop
  endfacet
  facet normal -1 0 0
    outer loop
      vertex -0.589999 5.88558 1.21441
      vertex -0.589999 5.88558 1.98559
      vertex -0.589999 5.91772 1.95051
    endloop
  endfacet
  facet normal -1 0 0
    outer loop
      vertex -0.589999 5.85051 1.18228
      vertex -0.589999 5.88558 1.98559
      vertex -0.589999 5.88558 1.21441
    endloop
  endfacet
  facet normal -1 0 0
    outer loop
      vertex -0.589999 5.85051 1.18228
      vertex -0.589999 5.85051 2.01772
      vertex -0.589999 5.88558 1.98559
    endloop
  endfacet
  facet normal -1 0 0
    outer loop
      vertex -0.589999 5.81277 1.15332
      vertex -0.589999 5.85051 2.01772
      vertex -0.589999 5.85051 1.18228
    endloop
  endfacet
  facet normal -1 0 0
    outer loop
      vertex -0.589999 5.81277 1.15332
      vertex -0.589999 5.81277 2.04668
      vertex -0.589999 5.85051 2.01772
    endloop
  endfacet
  facet normal -1 0 0
    outer loop
      vertex -0.589999 5.77265 1.12776
      vertex -0.589999 5.81277 2.04668
      vertex -0.589999 5.81277 1.15332
    endloop
  endfacet
  facet normal -1 0 0
    outer loop
      vertex -0.589999 5.77265 1.12776
      vertex -0.589999 5.77265 2.07224
      vertex -0.589999 5.81277 2.04668
    endloop
  endfacet
  facet normal -1 0 0
    outer loop
      vertex -0.589999 5.73045 1.10579
      vertex -0.589999 5.77265 2.07224
      vertex -0.589999 5.77265 1.12776
    endloop
  endfacet
  facet normal -1 0 0
    outer loop
      vertex -0.589999 5.73045 1.10579
      vertex -0.589999 5.73045 2.09421
      vertex -0.589999 5.77265 2.07224
    endloop
  endfacet
  facet normal -1 0 0
    outer loop
      vertex -0.589999 5.6865 1.08759
      vertex -0.589999 5.73045 2.09421
      vertex -0.589999 5.73045 1.10579
    endloop
  endfacet
  facet normal -1 0 0
    outer loop
      vertex -0.589999 5.6865 1.08759
      vertex -0.589999 5.6865 2.11241
      vertex -0.589999 5.73045 2.09421
    endloop
  endfacet
  facet normal -1 0 0
    outer loop
      vertex -0.589999 5.64113 1.07328
      vertex -0.589999 5.6865 2.11241
      vertex -0.589999 5.6865 1.08759
    endloop
  endfacet
  facet normal -1 0 0
    outer loop
      vertex -0.589999 5.64113 1.07328
      vertex -0.589999 5.64113 2.12672
      vertex -0.589999 5.6865 2.11241
    endloop
  endfacet
  facet normal -1 0 0
    outer loop
      vertex -0.589999 5.59469 1.06298
      vertex -0.589999 5.64113 2.12672
      vertex -0.589999 5.64113 1.07328
    endloop
  endfacet
  facet normal -1 0 0
    outer loop
      vertex -0.589999 5.59469 1.06298
      vertex -0.589999 5.59469 2.13702
      vertex -0.589999 5.64113 2.12672
    endloop
  endfacet
  facet normal -1 0 0
    outer loop
      vertex -0.589999 5.54753 1.05677
      vertex -0.589999 5.59469 2.13702
      vertex -0.589999 5.59469 1.06298
    endloop
  endfacet
  facet normal -1 0 0
    outer loop
      vertex -0.589999 5.54753 1.05677
      vertex -0.589999 5.54753 2.14322
      vertex -0.589999 5.59469 2.13702
    endloop
  endfacet
  facet normal -1 0 0
    outer loop
      vertex -0.589999 5.5 1.0547
      vertex -0.589999 5.54753 2.14322
      vertex -0.589999 5.54753 1.05677
    endloop
  endfacet
  facet normal -1 0 0
    outer loop
      vertex -0.589999 5.5 1.0547
      vertex -0.589999 5.5 2.1453
      vertex -0.589999 5.54753 2.14322
    endloop
  endfacet
  facet normal -1 0 0
    outer loop
      vertex -0.589999 5.45247 1.05677
      vertex -0.589999 5.5 2.1453
      vertex -0.589999 5.5 1.0547
    endloop
  endfacet
  facet normal -1 0 0
    outer loop
      vertex -0.589999 5.45247 1.05677
      vertex -0.589999 5.45247 2.14322
      vertex -0.589999 5.5 2.1453
    endloop
  endfacet
  facet normal -1 0 0
    outer loop
      vertex -0.589999 5.40531 1.06298
      vertex -0.589999 5.45247 2.14322
      vertex -0.589999 5.45247 1.05677
    endloop
  endfacet
  facet normal -1 0 0
    outer loop
      vertex -0.589999 5.40531 1.06298
      vertex -0.589999 5.40531 2.13702
      vertex -0.589999 5.45247 2.14322
    endloop
  endfacet
  facet normal -1 0 0
    outer loop
      vertex -0.589999 5.35887 1.07328
      vertex -0.589999 5.40531 2.13702
      vertex -0.589999 5.40531 1.06298
    endloop
  endfacet
  facet normal -1 0 0
    outer loop
      vertex -0.589999 5.35887 1.07328
      vertex -0.589999 5.35887 2.12672
      vertex -0.589999 5.40531 2.13702
    endloop
  endfacet
  facet normal -1 0 0
    outer loop
      vertex -0.589999 5.3135 1.08759
      vertex -0.589999 5.35887 2.12672
      vertex -0.589999 5.35887 1.07328
    endloop
  endfacet
  facet normal -1 0 0
    outer loop
      vertex -0.589999 5.3135 1.08759
      vertex -0.589999 5.3135 2.11241
      vertex -0.589999 5.35887 2.12672
    endloop
  endfacet
  facet normal -1 0 0
    outer loop
      vertex -0.589999 5.26955 1.10579
      vertex -0.589999 5.3135 2.11241
      vertex -0.589999 5.3135 1.08759
    endloop
  endfacet
  facet normal -1 0 0
    outer loop
      vertex -0.589999 5.26955 1.10579
      vertex -0.589999 5.26955 2.09421
      vertex -0.589999 5.3135 2.11241
    endloop
  endfacet
  facet normal -1 0 0
    outer loop
      vertex -0.589999 5.22735 1.12776
      vertex -0.589999 5.26955 2.09421
      vertex -0.589999 5.26955 1.10579
    endloop
  endfacet
  facet normal -1 0 0
    outer loop
      vertex -0.589999 5.22735 1.12776
      vertex -0.589999 5.22735 2.07224
      vertex -0.589999 5.26955 2.09421
    endloop
  endfacet
  facet normal -1 0 0
    outer loop
      vertex -0.589999 5.18723 1.15332
      vertex -0.589999 5.22735 2.07224
      vertex -0.589999 5.22735 1.12776
    endloop
  endfacet
  facet normal -1 0 0
    outer loop
      vertex -0.589999 5.18723 1.15332
      vertex -0.589999 5.18723 2.04668
      vertex -0.589999 5.22735 2.07224
    endloop
  endfacet
  facet normal -1 0 0
    outer loop
      vertex -0.589999 5.14949 1.18228
      vertex -0.589999 5.18723 2.04668
      vertex -0.589999 5.18723 1.15332
    endloop
  endfacet
  facet normal -1 0 0
    outer loop
      vertex -0.589999 5.14949 1.18228
      vertex -0.589999 5.14949 2.01772
      vertex -0.589999 5.18723 2.04668
    endloop
  endfacet
  facet normal -1 0 0
    outer loop
      vertex -0.589999 5.11441 1.21441
      vertex -0.589999 5.14949 2.01772
      vertex -0.589999 5.14949 1.18228
    endloop
  endfacet
  facet normal -1 0 0
    outer loop
      vertex -0.589999 5.11441 1.21441
      vertex -0.589999 5.11441 1.98559
      vertex -0.589999 5.14949 2.01772
    endloop
  endfacet
  facet normal -1 0 0
    outer loop
      vertex -0.589999 5.08228 1.24949
      vertex -0.589999 5.11441 1.98559
      vertex -0.589999 5.11441 1.21441
    endloop
  endfacet
  facet normal -1 0 0
    outer loop
      vertex -0.589999 5.08228 1.24949
      vertex -0.589999 5.08228 1.95051
      vertex -0.589999 5.11441 1.98559
    endloop
  endfacet
  facet normal -1 0 0
    outer loop
      vertex -0.589999 5.05332 1.28723
      vertex -0.589999 5.08228 1.95051
      vertex -0.589999 5.08228 1.24949
    endloop
  endfacet
  facet normal -1 0 0
    outer loop
      vertex -0.589999 5.05332 1.28723
      vertex -0.589999 5.05332 1.91277
      vertex -0.589999 5.08228 1.95051
    endloop
  endfacet
  facet normal -1 0 0
    outer loop
      vertex -0.589999 5.02776 1.32735
      vertex -0.589999 5.05332 1.91277
      vertex -0.589999 5.05332 1.28723
    endloop
  endfacet
  facet normal -1 0 0
    outer loop
      vertex -0.589999 5.02776 1.32735
      vertex -0.589999 5.02776 1.87265
      vertex -0.589999 5.05332 1.91277
    endloop
  endfacet
  facet normal -1 0 0
    outer loop
      vertex -0.589999 5.00579 1.36955
      vertex -0.589999 5.02776 1.87265
      vertex -0.589999 5.02776 1.32735
    endloop
  endfacet
  facet normal -1 0 0
    outer loop
      vertex -0.589999 5.00579 1.36955
      vertex -0.589999 5.00579 1.83045
      vertex -0.589999 5.02776 1.87265
    endloop
  endfacet
  facet normal -1 0 0
    outer loop
      vertex -0.589999 4.98759 1.4135
      vertex -0.589999 5.00579 1.83045
      vertex -0.589999 5.00579 1.36955
    endloop
  endfacet
  facet normal -1 0 0
    outer loop
      vertex -0.589999 4.98759 1.4135
      vertex -0.589999 4.98759 1.7865
      vertex -0.589999 5.00579 1.83045
    endloop
  endfacet
  facet normal -1 0 0
    outer loop
      vertex -0.589999 4.97328 1.45887
      vertex -0.589999 4.98759 1.7865
      vertex -0.589999 4.98759 1.4135
    endloop
  endfacet
  facet normal -1 0 0
    outer loop
      vertex -0.589999 4.97328 1.45887
      vertex -0.589999 4.97328 1.74113
      vertex -0.589999 4.98759 1.7865
    endloop
  endfacet
  facet normal -1 0 0
    outer loop
      vertex -0.589999 4.96298 1.50531
      vertex -0.589999 4.97328 1.74113
      vertex -0.589999 4.97328 1.45887
    endloop
  endfacet
  facet normal -1 0 0
    outer loop
      vertex -0.589999 4.96298 1.50531
      vertex -0.589999 4.96298 1.69469
      vertex -0.589999 4.97328 1.74113
    endloop
  endfacet
  facet normal -1 0 0
    outer loop
      vertex -0.589999 4.95677 1.55247
      vertex -0.589999 4.96298 1.69469
      vertex -0.589999 4.96298 1.50531
    endloop
  endfacet
  facet normal -1 0 0
    outer loop
      vertex -0.589999 4.95677 1.55247
      vertex -0.589999 4.95677 1.64753
      vertex -0.589999 4.96298 1.69469
    endloop
  endfacet
  facet normal -1 0 -0
    outer loop
      vertex -0.589999 4.95677 1.64753
      vertex -0.589999 4.95677 1.55247
      vertex -0.589999 4.9547 1.6
    endloop
  endfacet
  facet normal -0.649496 -0.56069 -0.513597
    outer loop
      vertex -0.469999 5.00827 1.17853
      vertex -0.589999 5.11441 1.21441
      vertex -0.469999 5.04186 1.14186
    endloop
  endfacet
  facet normal -0.64951 0.702361 0.29125
    outer loop
      vertex -0.469999 6.0898 1.86754
      vertex -0.589999 5.99421 1.83045
      vertex -0.469999 6.0872 1.87381
    endloop
  endfacet
  facet normal -0.649514 0.702498 0.290909
    outer loop
      vertex -0.589999 5.99421 1.83045
      vertex -0.469999 6.0898 1.86754
      vertex -0.589999 6.01241 1.7865
    endloop
  endfacet
  facet normal -0.649517 -0.462881 -0.603215
    outer loop
      vertex -0.469999 5.08893 1.09954
      vertex -0.589999 5.14949 1.18228
      vertex -0.589999 5.18723 1.15332
    endloop
  endfacet
  facet normal -0.649513 -0.463161 -0.603004
    outer loop
      vertex -0.589999 5.14949 1.18228
      vertex -0.469999 5.08893 1.09954
      vertex -0.469999 5.08354 1.10368
    endloop
  endfacet
  facet normal -0.649486 -0.164571 -0.742351
    outer loop
      vertex -0.469999 5.33894 0.972705
      vertex -0.589999 5.40531 1.06298
      vertex -0.469999 5.38749 0.961942
    endloop
  endfacet
  facet normal -0.649503 -0.67446 0.351068
    outer loop
      vertex -0.469999 4.93576 1.91792
      vertex -0.589999 5.00579 1.83045
      vertex -0.469999 4.9128 1.87381
    endloop
  endfacet
  facet normal -0.649494 -0.0331808 0.759642
    outer loop
      vertex -0.469999 5.5 2.2479
      vertex -0.589999 5.5 2.1453
      vertex -0.469999 5.45032 2.24573
    endloop
  endfacet
  facet normal -0.649486 0.759633 0.0335626
    outer loop
      vertex -0.589999 6.0453 1.6
      vertex -0.469999 6.1476 1.60679
      vertex -0.469999 6.1479 1.6
    endloop
  endfacet
  facet normal -0.649482 0.75965 0.0332437
    outer loop
      vertex -0.469999 6.1476 1.60679
      vertex -0.589999 6.0453 1.6
      vertex -0.589999 6.04322 1.64753
    endloop
  endfacet
  facet normal -0.649506 0.560639 -0.513639
    outer loop
      vertex -0.469999 5.99173 1.17853
      vertex -0.589999 5.91772 1.24949
      vertex -0.469999 5.99632 1.18354
    endloop
  endfacet
  facet normal -0.649506 0.560632 -0.513647
    outer loop
      vertex -0.589999 5.91772 1.24949
      vertex -0.469999 5.99173 1.17853
      vertex -0.589999 5.88558 1.21441
    endloop
  endfacet
  facet normal -0.649501 -0.164696 -0.742309
    outer loop
      vertex -0.589999 5.35887 1.07328
      vertex -0.469999 5.33894 0.972705
      vertex -0.469999 5.33231 0.974176
    endloop
  endfacet
  facet normal -0.649502 -0.164641 -0.742321
    outer loop
      vertex -0.469999 5.33894 0.972705
      vertex -0.589999 5.35887 1.07328
      vertex -0.589999 5.40531 1.06298
    endloop
  endfacet
  facet normal -0.649495 -0.0992406 0.753862
    outer loop
      vertex -0.469999 5.44353 2.24543
      vertex -0.589999 5.45247 2.14322
      vertex -0.469999 5.39423 2.23894
    endloop
  endfacet
  facet normal -0.649474 -0.513579 -0.560732
    outer loop
      vertex -0.469999 5.04688 1.13727
      vertex -0.589999 5.11441 1.21441
      vertex -0.589999 5.14949 1.18228
    endloop
  endfacet
  facet normal -0.649481 -0.513097 -0.561165
    outer loop
      vertex -0.589999 5.11441 1.21441
      vertex -0.469999 5.04688 1.13727
      vertex -0.469999 5.04186 1.14186
    endloop
  endfacet
  facet normal -0.64952 -0.228631 -0.725156
    outer loop
      vertex -0.469999 5.2784 0.991173
      vertex -0.589999 5.3135 1.08759
      vertex -0.469999 5.32583 0.976219
    endloop
  endfacet
  facet normal -0.649532 0.702452 -0.290981
    outer loop
      vertex -0.469999 6.0898 1.33246
      vertex -0.589999 6.01241 1.4135
      vertex -0.469999 6.10883 1.3784
    endloop
  endfacet
  facet normal -0.649486 0.742328 -0.164673
    outer loop
      vertex -0.469999 6.12582 1.43231
      vertex -0.589999 6.02672 1.45887
      vertex -0.469999 6.13659 1.48086
    endloop
  endfacet
  facet normal -0.649503 0.351068 -0.67446
    outer loop
      vertex -0.469999 5.77381 1.0128
      vertex -0.589999 5.73045 1.10579
      vertex -0.469999 5.81792 1.03576
    endloop
  endfacet
  facet normal -0.649528 0.742311 -0.164585
    outer loop
      vertex -0.469999 6.13659 1.48086
      vertex -0.589999 6.03701 1.50531
      vertex -0.469999 6.13806 1.48749
    endloop
  endfacet
  facet normal -0.649527 0.742334 -0.164484
    outer loop
      vertex -0.589999 6.03701 1.50531
      vertex -0.469999 6.13659 1.48086
      vertex -0.589999 6.02672 1.45887
    endloop
  endfacet
  facet normal -0.649505 -0.513667 -0.560615
    outer loop
      vertex -0.469999 5.04688 1.13727
      vertex -0.589999 5.14949 1.18228
      vertex -0.469999 5.08354 1.10368
    endloop
  endfacet
  facet normal -0.64951 0.228678 -0.725151
    outer loop
      vertex -0.469999 5.67417 0.976219
      vertex -0.589999 5.6865 1.08759
      vertex -0.469999 5.72159 0.991173
    endloop
  endfacet
  facet normal -0.649512 0.72526 0.228323
    outer loop
      vertex -0.469999 6.11087 1.81511
      vertex -0.589999 6.01241 1.7865
      vertex -0.469999 6.10883 1.82159
    endloop
  endfacet
  facet normal -0.649508 0.725141 0.228714
    outer loop
      vertex -0.589999 6.01241 1.7865
      vertex -0.469999 6.11087 1.81511
      vertex -0.589999 6.02672 1.74113
    endloop
  endfacet
  facet normal -0.649532 -0.702452 -0.290981
    outer loop
      vertex -0.469999 4.89117 1.3784
      vertex -0.589999 4.98759 1.4135
      vertex -0.469999 4.9102 1.33246
    endloop
  endfacet
  facet normal -0.649513 0.463161 -0.603004
    outer loop
      vertex -0.469999 5.91107 1.09954
      vertex -0.589999 5.85051 1.18228
      vertex -0.469999 5.91646 1.10368
    endloop
  endfacet
  facet normal -0.649517 0.462881 -0.603215
    outer loop
      vertex -0.589999 5.85051 1.18228
      vertex -0.469999 5.91107 1.09954
      vertex -0.589999 5.81277 1.15332
    endloop
  endfacet
  facet normal -0.649484 -0.164644 0.742336
    outer loop
      vertex -0.589999 5.35887 2.12672
      vertex -0.469999 5.33894 2.22729
      vertex -0.589999 5.40531 2.13702
    endloop
  endfacet
  facet normal -0.649485 -0.164593 0.742347
    outer loop
      vertex -0.469999 5.33894 2.22729
      vertex -0.589999 5.35887 2.12672
      vertex -0.469999 5.33231 2.22582
    endloop
  endfacet
  facet normal -0.649519 0.22862 0.725161
    outer loop
      vertex -0.469999 5.72159 2.20883
      vertex -0.589999 5.6865 2.11241
      vertex -0.469999 5.67417 2.22378
    endloop
  endfacet
  facet normal -0.649503 0.351068 0.67446
    outer loop
      vertex -0.469999 5.81792 2.16424
      vertex -0.589999 5.73045 2.09421
      vertex -0.469999 5.77381 2.1872
    endloop
  endfacet
  facet normal -0.649496 0.759641 -0.0331808
    outer loop
      vertex -0.469999 6.14543 1.54353
      vertex -0.589999 6.04322 1.55247
      vertex -0.469999 6.1476 1.59321
    endloop
  endfacet
  facet normal -0.649492 -0.753845 -0.0993913
    outer loop
      vertex -0.469999 4.85456 1.54353
      vertex -0.589999 4.95677 1.55247
      vertex -0.469999 4.86106 1.49423
    endloop
  endfacet
  facet normal -0.649486 -0.742328 -0.164673
    outer loop
      vertex -0.469999 4.86341 1.48086
      vertex -0.589999 4.97328 1.45887
      vertex -0.469999 4.87418 1.43231
    endloop
  endfacet
  facet normal -0.649514 -0.702498 -0.290909
    outer loop
      vertex -0.589999 5.00579 1.36955
      vertex -0.469999 4.9102 1.33246
      vertex -0.589999 4.98759 1.4135
    endloop
  endfacet
  facet normal -0.649514 -0.702521 -0.290853
    outer loop
      vertex -0.469999 4.9102 1.33246
      vertex -0.589999 5.00579 1.36955
      vertex -0.469999 4.9128 1.32618
    endloop
  endfacet
  facet normal -0.64951 -0.29125 -0.702361
    outer loop
      vertex -0.589999 5.26955 1.10579
      vertex -0.469999 5.23246 1.0102
      vertex -0.469999 5.22619 1.0128
    endloop
  endfacet
  facet normal -0.649514 -0.290909 -0.702498
    outer loop
      vertex -0.469999 5.23246 1.0102
      vertex -0.589999 5.26955 1.10579
      vertex -0.589999 5.3135 1.08759
    endloop
  endfacet
  facet normal -0.649477 0.0992426 -0.753877
    outer loop
      vertex -0.469999 5.55647 0.954565
      vertex -0.589999 5.54753 1.05677
      vertex -0.469999 5.60577 0.961055
    endloop
  endfacet
  facet normal -0.649512 -0.603235 -0.462863
    outer loop
      vertex -0.469999 4.96927 1.22838
      vertex -0.589999 5.05332 1.28723
      vertex -0.469999 4.99954 1.18893
    endloop
  endfacet
  facet normal -0.649519 0.674421 -0.351115
    outer loop
      vertex -0.469999 6.0872 1.32618
      vertex -0.589999 5.97224 1.32735
      vertex -0.589999 5.99421 1.36955
    endloop
  endfacet
  facet normal -0.649372 0.674262 -0.351691
    outer loop
      vertex -0.589999 5.97224 1.32735
      vertex -0.469999 6.0872 1.32618
      vertex -0.469999 6.08406 1.32016
    endloop
  endfacet
  facet normal -0.649512 0.641265 -0.40855
    outer loop
      vertex -0.469999 6.03438 1.23411
      vertex -0.589999 5.97224 1.32735
      vertex -0.469999 6.0611 1.27605
    endloop
  endfacet
  facet normal -0.649474 -0.753985 0.0984431
    outer loop
      vertex -0.589999 4.96298 1.69469
      vertex -0.469999 4.86106 1.70577
      vertex -0.469999 4.86194 1.71251
    endloop
  endfacet
  facet normal -0.649465 -0.753884 0.099271
    outer loop
      vertex -0.469999 4.86106 1.70577
      vertex -0.589999 4.96298 1.69469
      vertex -0.589999 4.95677 1.64753
    endloop
  endfacet
  facet normal -0.649474 0.513769 0.560558
    outer loop
      vertex -0.469999 5.95813 2.05813
      vertex -0.589999 5.88558 1.98559
      vertex -0.469999 5.92147 2.09173
    endloop
  endfacet
  facet normal -0.649481 -0.759658 0.0330842
    outer loop
      vertex -0.589999 4.9547 1.6
      vertex -0.469999 4.8524 1.60679
      vertex -0.589999 4.95677 1.64753
    endloop
  endfacet
  facet normal -0.649486 -0.759633 0.0335626
    outer loop
      vertex -0.469999 4.8524 1.60679
      vertex -0.589999 4.9547 1.6
      vertex -0.469999 4.8521 1.6
    endloop
  endfacet
  facet normal -0.649512 -0.40855 -0.641265
    outer loop
      vertex -0.469999 5.12838 1.06927
      vertex -0.589999 5.18723 1.15332
      vertex -0.469999 5.17032 1.04255
    endloop
  endfacet
  facet normal -0.649494 0.0331808 0.759642
    outer loop
      vertex -0.469999 5.54968 2.24573
      vertex -0.589999 5.5 2.1453
      vertex -0.469999 5.5 2.2479
    endloop
  endfacet
  facet normal -0.649519 0.290931 0.702484
    outer loop
      vertex -0.469999 5.76754 2.1898
      vertex -0.589999 5.6865 2.11241
      vertex -0.469999 5.72159 2.20883
    endloop
  endfacet
  facet normal -0.649492 -0.74234 -0.164591
    outer loop
      vertex -0.589999 4.96298 1.50531
      vertex -0.469999 4.86341 1.48086
      vertex -0.469999 4.86194 1.48749
    endloop
  endfacet
  facet normal -0.649493 -0.742329 -0.164642
    outer loop
      vertex -0.469999 4.86341 1.48086
      vertex -0.589999 4.96298 1.50531
      vertex -0.589999 4.97328 1.45887
    endloop
  endfacet
  facet normal -0.6495 -0.603227 0.46289
    outer loop
      vertex -0.589999 5.05332 1.91277
      vertex -0.469999 4.97341 1.97701
      vertex -0.589999 5.08228 1.95051
    endloop
  endfacet
  facet normal -0.649503 -0.603011 0.463166
    outer loop
      vertex -0.469999 4.97341 1.97701
      vertex -0.589999 5.05332 1.91277
      vertex -0.469999 4.96927 1.97162
    endloop
  endfacet
  facet normal -0.649473 -0.560635 0.513686
    outer loop
      vertex -0.469999 5.04186 2.05813
      vertex -0.589999 5.11441 1.98559
      vertex -0.469999 5.00827 2.02147
    endloop
  endfacet
  facet normal -0.649471 -0.513694 0.56063
    outer loop
      vertex -0.469999 5.07853 2.09173
      vertex -0.589999 5.11441 1.98559
      vertex -0.469999 5.04186 2.05813
    endloop
  endfacet
  facet normal -0.649529 -0.228573 0.725166
    outer loop
      vertex -0.469999 5.32583 2.22378
      vertex -0.589999 5.3135 2.11241
      vertex -0.469999 5.2784 2.20883
    endloop
  endfacet
  facet normal -0.64951 0.753954 0.0984391
    outer loop
      vertex -0.469999 6.13894 1.70577
      vertex -0.589999 6.03701 1.69469
      vertex -0.469999 6.13806 1.71251
    endloop
  endfacet
  facet normal -0.649501 0.753853 0.0992669
    outer loop
      vertex -0.589999 6.03701 1.69469
      vertex -0.469999 6.13894 1.70577
      vertex -0.589999 6.04322 1.64753
    endloop
  endfacet
  facet normal -0.649487 0.725187 -0.228628
    outer loop
      vertex -0.469999 6.11087 1.38489
      vertex -0.589999 6.02672 1.45887
      vertex -0.469999 6.12582 1.43231
    endloop
  endfacet
  facet normal -0.649487 -0.725187 -0.228628
    outer loop
      vertex -0.469999 4.87418 1.43231
      vertex -0.589999 4.97328 1.45887
      vertex -0.469999 4.88913 1.38489
    endloop
  endfacet
  facet normal -0.649514 0.290909 -0.702498
    outer loop
      vertex -0.589999 5.73045 1.10579
      vertex -0.469999 5.76754 1.0102
      vertex -0.589999 5.6865 1.08759
    endloop
  endfacet
  facet normal -0.64951 0.29125 -0.702361
    outer loop
      vertex -0.469999 5.76754 1.0102
      vertex -0.589999 5.73045 1.10579
      vertex -0.469999 5.77381 1.0128
    endloop
  endfacet
  facet normal -0.64951 0.29125 0.702361
    outer loop
      vertex -0.589999 5.73045 2.09421
      vertex -0.469999 5.76754 2.1898
      vertex -0.469999 5.77381 2.1872
    endloop
  endfacet
  facet normal -0.649514 0.290909 0.702498
    outer loop
      vertex -0.469999 5.76754 2.1898
      vertex -0.589999 5.73045 2.09421
      vertex -0.589999 5.6865 2.11241
    endloop
  endfacet
  facet normal -0.649508 -0.0332427 0.759628
    outer loop
      vertex -0.589999 5.45247 2.14322
      vertex -0.469999 5.45032 2.24573
      vertex -0.589999 5.5 2.1453
    endloop
  endfacet
  facet normal -0.649504 -0.0335619 0.759617
    outer loop
      vertex -0.469999 5.45032 2.24573
      vertex -0.589999 5.45247 2.14322
      vertex -0.469999 5.44353 2.24543
    endloop
  endfacet
  facet normal -0.649476 0.560557 0.513767
    outer loop
      vertex -0.469999 5.99173 2.02147
      vertex -0.589999 5.88558 1.98559
      vertex -0.469999 5.95813 2.05813
    endloop
  endfacet
  facet normal -0.649523 -0.290945 -0.702475
    outer loop
      vertex -0.469999 5.23246 1.0102
      vertex -0.589999 5.3135 1.08759
      vertex -0.469999 5.2784 0.991173
    endloop
  endfacet
  facet normal -0.649515 -0.674392 0.351176
    outer loop
      vertex -0.589999 5.02776 1.87265
      vertex -0.469999 4.93576 1.91792
      vertex -0.469999 4.9389 1.92395
    endloop
  endfacet
  facet normal -0.649516 -0.674423 0.351116
    outer loop
      vertex -0.469999 4.93576 1.91792
      vertex -0.589999 5.02776 1.87265
      vertex -0.589999 5.00579 1.83045
    endloop
  endfacet
  facet normal -0.649477 -0.0992426 -0.753877
    outer loop
      vertex -0.469999 5.39423 0.961055
      vertex -0.589999 5.45247 1.05677
      vertex -0.469999 5.44353 0.954565
    endloop
  endfacet
  facet normal -0.649478 0.0331814 -0.759656
    outer loop
      vertex -0.469999 5.50679 0.952395
      vertex -0.589999 5.54753 1.05677
      vertex -0.469999 5.55647 0.954565
    endloop
  endfacet
  facet normal -0.649499 -0.0330835 -0.759642
    outer loop
      vertex -0.589999 5.5 1.0547
      vertex -0.469999 5.49321 0.952395
      vertex -0.589999 5.45247 1.05677
    endloop
  endfacet
  facet normal -0.649499 -0.0331154 -0.759641
    outer loop
      vertex -0.469999 5.49321 0.952395
      vertex -0.589999 5.5 1.0547
      vertex -0.469999 5.5 0.952099
    endloop
  endfacet
  facet normal -0.649478 -0.0331814 -0.759656
    outer loop
      vertex -0.469999 5.44353 0.954565
      vertex -0.589999 5.45247 1.05677
      vertex -0.469999 5.49321 0.952395
    endloop
  endfacet
  facet normal -0.649515 0.674392 0.351176
    outer loop
      vertex -0.469999 6.06424 1.91792
      vertex -0.589999 5.97224 1.87265
      vertex -0.469999 6.0611 1.92395
    endloop
  endfacet
  facet normal -0.649516 0.674423 0.351116
    outer loop
      vertex -0.589999 5.97224 1.87265
      vertex -0.469999 6.06424 1.91792
      vertex -0.589999 5.99421 1.83045
    endloop
  endfacet
  facet normal -0.649513 -0.674453 -0.351064
    outer loop
      vertex -0.469999 4.91594 1.32016
      vertex -0.589999 5.02776 1.32735
      vertex -0.469999 4.9389 1.27605
    endloop
  endfacet
  facet normal -0.649512 0.603235 -0.462863
    outer loop
      vertex -0.469999 6.00046 1.18893
      vertex -0.589999 5.94668 1.28723
      vertex -0.469999 6.03073 1.22838
    endloop
  endfacet
  facet normal -0.649512 -0.641265 0.40855
    outer loop
      vertex -0.469999 4.96927 1.97162
      vertex -0.589999 5.05332 1.91277
      vertex -0.469999 4.94255 1.92968
    endloop
  endfacet
  facet normal -0.649512 -0.40855 0.641265
    outer loop
      vertex -0.469999 5.17032 2.15745
      vertex -0.589999 5.18723 2.04668
      vertex -0.469999 5.12838 2.13073
    endloop
  endfacet
  facet normal -0.649519 0.702484 0.290931
    outer loop
      vertex -0.469999 6.10883 1.82159
      vertex -0.589999 6.01241 1.7865
      vertex -0.469999 6.0898 1.86754
    endloop
  endfacet
  facet normal -0.649505 -0.560713 -0.51356
    outer loop
      vertex -0.469999 5.00827 1.17853
      vertex -0.589999 5.08228 1.24949
      vertex -0.589999 5.11441 1.21441
    endloop
  endfacet
  facet normal -0.649506 -0.560639 -0.513639
    outer loop
      vertex -0.589999 5.08228 1.24949
      vertex -0.469999 5.00827 1.17853
      vertex -0.469999 5.00368 1.18354
    endloop
  endfacet
  facet normal -0.649494 0.164642 -0.742328
    outer loop
      vertex -0.589999 5.64113 1.07328
      vertex -0.469999 5.66105 0.972705
      vertex -0.589999 5.59469 1.06298
    endloop
  endfacet
  facet normal -0.649496 0.164461 -0.742366
    outer loop
      vertex -0.469999 5.66105 0.972705
      vertex -0.589999 5.64113 1.07328
      vertex -0.469999 5.66769 0.974176
    endloop
  endfacet
  facet normal -0.64951 0.290895 -0.702508
    outer loop
      vertex -0.469999 5.72159 0.991173
      vertex -0.589999 5.6865 1.08759
      vertex -0.469999 5.76754 1.0102
    endloop
  endfacet
  facet normal -0.649513 0.674453 -0.351064
    outer loop
      vertex -0.469999 6.0611 1.27605
      vertex -0.589999 5.97224 1.32735
      vertex -0.469999 6.08406 1.32016
    endloop
  endfacet
  facet normal -0.649495 0.753862 -0.0992406
    outer loop
      vertex -0.469999 6.13894 1.49423
      vertex -0.589999 6.04322 1.55247
      vertex -0.469999 6.14543 1.54353
    endloop
  endfacet
  facet normal -0.649504 0.0335619 0.759617
    outer loop
      vertex -0.589999 5.54753 2.14322
      vertex -0.469999 5.54968 2.24573
      vertex -0.469999 5.55647 2.24543
    endloop
  endfacet
  facet normal -0.649508 0.0332427 0.759628
    outer loop
      vertex -0.469999 5.54968 2.24573
      vertex -0.589999 5.54753 2.14322
      vertex -0.589999 5.5 2.1453
    endloop
  endfacet
  facet normal -0.649495 0.0992406 0.753862
    outer loop
      vertex -0.469999 5.60577 2.23894
      vertex -0.589999 5.54753 2.14322
      vertex -0.469999 5.55647 2.24543
    endloop
  endfacet
  facet normal -0.649508 -0.725141 -0.228714
    outer loop
      vertex -0.589999 4.98759 1.4135
      vertex -0.469999 4.88913 1.38489
      vertex -0.589999 4.97328 1.45887
    endloop
  endfacet
  facet normal -0.649516 -0.725358 -0.228002
    outer loop
      vertex -0.469999 4.88913 1.38489
      vertex -0.589999 4.98759 1.4135
      vertex -0.469999 4.89117 1.3784
    endloop
  endfacet
  facet normal -0.649512 -0.462863 -0.603235
    outer loop
      vertex -0.469999 5.08893 1.09954
      vertex -0.589999 5.18723 1.15332
      vertex -0.469999 5.12838 1.06927
    endloop
  endfacet
  facet normal -0.649491 -0.164672 0.742324
    outer loop
      vertex -0.469999 5.38749 2.23806
      vertex -0.589999 5.40531 2.13702
      vertex -0.469999 5.33894 2.22729
    endloop
  endfacet
  facet normal -0.649466 -0.0991136 0.753903
    outer loop
      vertex -0.589999 5.40531 2.13702
      vertex -0.469999 5.39423 2.23894
      vertex -0.589999 5.45247 2.14322
    endloop
  endfacet
  facet normal -0.649474 -0.0984431 0.753985
    outer loop
      vertex -0.469999 5.39423 2.23894
      vertex -0.589999 5.40531 2.13702
      vertex -0.469999 5.38749 2.23806
    endloop
  endfacet
  facet normal -0.649512 0.40855 -0.641265
    outer loop
      vertex -0.469999 5.82968 1.04255
      vertex -0.589999 5.81277 1.15332
      vertex -0.469999 5.87162 1.06927
    endloop
  endfacet
  facet normal -0.649513 0.603004 -0.463161
    outer loop
      vertex -0.589999 5.91772 1.24949
      vertex -0.469999 6.00046 1.18893
      vertex -0.469999 5.99632 1.18354
    endloop
  endfacet
  facet normal -0.649517 0.603215 -0.462881
    outer loop
      vertex -0.469999 6.00046 1.18893
      vertex -0.589999 5.91772 1.24949
      vertex -0.589999 5.94668 1.28723
    endloop
  endfacet
  facet normal -0.649512 0.462863 0.603235
    outer loop
      vertex -0.469999 5.91107 2.10046
      vertex -0.589999 5.81277 2.04668
      vertex -0.469999 5.87162 2.13073
    endloop
  endfacet
  facet normal -0.649512 -0.462863 0.603235
    outer loop
      vertex -0.469999 5.12838 2.13073
      vertex -0.589999 5.18723 2.04668
      vertex -0.469999 5.08893 2.10046
    endloop
  endfacet
  facet normal -0.649487 0.725187 0.228628
    outer loop
      vertex -0.469999 6.12582 1.76769
      vertex -0.589999 6.02672 1.74113
      vertex -0.469999 6.11087 1.81511
    endloop
  endfacet
  facet normal -0.649486 -0.742328 0.164673
    outer loop
      vertex -0.469999 4.87418 1.76769
      vertex -0.589999 4.97328 1.74113
      vertex -0.469999 4.86341 1.71914
    endloop
  endfacet
  facet normal -0.649513 0.641294 0.408503
    outer loop
      vertex -0.589999 5.97224 1.87265
      vertex -0.469999 6.05745 1.92968
      vertex -0.469999 6.0611 1.92395
    endloop
  endfacet
  facet normal -0.649514 0.641267 0.408544
    outer loop
      vertex -0.469999 6.05745 1.92968
      vertex -0.589999 5.97224 1.87265
      vertex -0.589999 5.94668 1.91277
    endloop
  endfacet
  facet normal -0.649521 -0.228626 -0.725157
    outer loop
      vertex -0.589999 5.3135 1.08759
      vertex -0.469999 5.33231 0.974176
      vertex -0.469999 5.32583 0.976219
    endloop
  endfacet
  facet normal -0.649499 -0.228717 -0.725148
    outer loop
      vertex -0.469999 5.33231 0.974176
      vertex -0.589999 5.3135 1.08759
      vertex -0.589999 5.35887 1.07328
    endloop
  endfacet
  facet normal -0.649515 -0.351176 -0.674392
    outer loop
      vertex -0.589999 5.22735 1.12776
      vertex -0.469999 5.18208 1.03576
      vertex -0.469999 5.17605 1.0389
    endloop
  endfacet
  facet normal -0.649516 -0.351116 -0.674423
    outer loop
      vertex -0.469999 5.18208 1.03576
      vertex -0.589999 5.22735 1.12776
      vertex -0.589999 5.26955 1.10579
    endloop
  endfacet
  facet normal -0.649503 -0.351068 -0.67446
    outer loop
      vertex -0.469999 5.18208 1.03576
      vertex -0.589999 5.26955 1.10579
      vertex -0.469999 5.22619 1.0128
    endloop
  endfacet
  facet normal -0.649499 0.228717 -0.725148
    outer loop
      vertex -0.589999 5.6865 1.08759
      vertex -0.469999 5.66769 0.974176
      vertex -0.589999 5.64113 1.07328
    endloop
  endfacet
  facet normal -0.649521 0.228626 -0.725157
    outer loop
      vertex -0.469999 5.66769 0.974176
      vertex -0.589999 5.6865 1.08759
      vertex -0.469999 5.67417 0.976219
    endloop
  endfacet
  facet normal -0.649484 -0.0992118 -0.753875
    outer loop
      vertex -0.589999 5.40531 1.06298
      vertex -0.469999 5.39423 0.961055
      vertex -0.469999 5.38749 0.961942
    endloop
  endfacet
  facet normal -0.649483 -0.0992689 -0.753868
    outer loop
      vertex -0.469999 5.39423 0.961055
      vertex -0.589999 5.40531 1.06298
      vertex -0.589999 5.45247 1.05677
    endloop
  endfacet
  facet normal -0.649485 0.164603 -0.742344
    outer loop
      vertex -0.469999 5.61251 0.961942
      vertex -0.589999 5.59469 1.06298
      vertex -0.469999 5.66105 0.972705
    endloop
  endfacet
  facet normal -0.649483 0.0992689 -0.753868
    outer loop
      vertex -0.589999 5.59469 1.06298
      vertex -0.469999 5.60577 0.961055
      vertex -0.589999 5.54753 1.05677
    endloop
  endfacet
  facet normal -0.649484 0.0992118 -0.753875
    outer loop
      vertex -0.469999 5.60577 0.961055
      vertex -0.589999 5.59469 1.06298
      vertex -0.469999 5.61251 0.961942
    endloop
  endfacet
  facet normal -0.649503 0.67446 0.351068
    outer loop
      vertex -0.469999 6.0872 1.87381
      vertex -0.589999 5.99421 1.83045
      vertex -0.469999 6.06424 1.91792
    endloop
  endfacet
  facet normal -0.649519 -0.674421 -0.351115
    outer loop
      vertex -0.589999 5.02776 1.32735
      vertex -0.469999 4.9128 1.32618
      vertex -0.589999 5.00579 1.36955
    endloop
  endfacet
  facet normal -0.649372 -0.674262 -0.351691
    outer loop
      vertex -0.469999 4.9128 1.32618
      vertex -0.589999 5.02776 1.32735
      vertex -0.469999 4.91594 1.32016
    endloop
  endfacet
  facet normal -0.649508 0.725141 -0.228714
    outer loop
      vertex -0.469999 6.11087 1.38489
      vertex -0.589999 6.01241 1.4135
      vertex -0.589999 6.02672 1.45887
    endloop
  endfacet
  facet normal -0.649516 0.725358 -0.228002
    outer loop
      vertex -0.589999 6.01241 1.4135
      vertex -0.469999 6.11087 1.38489
      vertex -0.469999 6.10883 1.3784
    endloop
  endfacet
  facet normal -0.649493 -0.75965 -0.0330283
    outer loop
      vertex -0.469999 4.8524 1.59321
      vertex -0.589999 4.95677 1.55247
      vertex -0.469999 4.85456 1.54353
    endloop
  endfacet
  facet normal -0.649516 0.351116 -0.674423
    outer loop
      vertex -0.589999 5.77265 1.12776
      vertex -0.469999 5.81792 1.03576
      vertex -0.589999 5.73045 1.10579
    endloop
  endfacet
  facet normal -0.649515 0.351176 -0.674392
    outer loop
      vertex -0.469999 5.81792 1.03576
      vertex -0.589999 5.77265 1.12776
      vertex -0.469999 5.82395 1.0389
    endloop
  endfacet
  facet normal -0.649505 -0.60324 0.462866
    outer loop
      vertex -0.469999 5.00368 2.01646
      vertex -0.589999 5.08228 1.95051
      vertex -0.469999 4.97341 1.97701
    endloop
  endfacet
  facet normal -0.649505 -0.560713 0.51356
    outer loop
      vertex -0.589999 5.08228 1.95051
      vertex -0.469999 5.00827 2.02147
      vertex -0.589999 5.11441 1.98559
    endloop
  endfacet
  facet normal -0.649506 -0.560639 0.513639
    outer loop
      vertex -0.469999 5.00827 2.02147
      vertex -0.589999 5.08228 1.95051
      vertex -0.469999 5.00368 2.01646
    endloop
  endfacet
  facet normal -0.649503 -0.351068 0.67446
    outer loop
      vertex -0.469999 5.22619 2.1872
      vertex -0.589999 5.26955 2.09421
      vertex -0.469999 5.18208 2.16424
    endloop
  endfacet
  facet normal -0.649486 -0.759633 -0.0335626
    outer loop
      vertex -0.589999 4.9547 1.6
      vertex -0.469999 4.8524 1.59321
      vertex -0.469999 4.8521 1.6
    endloop
  endfacet
  facet normal -0.649481 -0.759658 -0.0330842
    outer loop
      vertex -0.469999 4.8524 1.59321
      vertex -0.589999 4.9547 1.6
      vertex -0.589999 4.95677 1.55247
    endloop
  endfacet
  facet normal -0.649514 0.408544 0.641267
    outer loop
      vertex -0.589999 5.77265 2.07224
      vertex -0.469999 5.82968 2.15745
      vertex -0.589999 5.81277 2.04668
    endloop
  endfacet
  facet normal -0.649513 0.408503 0.641294
    outer loop
      vertex -0.469999 5.82968 2.15745
      vertex -0.589999 5.77265 2.07224
      vertex -0.469999 5.82395 2.1611
    endloop
  endfacet
  facet normal -0.649515 0.351176 0.674392
    outer loop
      vertex -0.589999 5.77265 2.07224
      vertex -0.469999 5.81792 2.16424
      vertex -0.469999 5.82395 2.1611
    endloop
  endfacet
  facet normal -0.649516 0.351116 0.674423
    outer loop
      vertex -0.469999 5.81792 2.16424
      vertex -0.589999 5.77265 2.07224
      vertex -0.589999 5.73045 2.09421
    endloop
  endfacet
  facet normal -0.649517 -0.462881 0.603215
    outer loop
      vertex -0.589999 5.14949 2.01772
      vertex -0.469999 5.08893 2.10046
      vertex -0.589999 5.18723 2.04668
    endloop
  endfacet
  facet normal -0.649513 -0.463161 0.603004
    outer loop
      vertex -0.469999 5.08893 2.10046
      vertex -0.589999 5.14949 2.01772
      vertex -0.469999 5.08354 2.09632
    endloop
  endfacet
  facet normal -0.649528 0.742311 0.164585
    outer loop
      vertex -0.589999 6.03701 1.69469
      vertex -0.469999 6.13659 1.71914
      vertex -0.469999 6.13806 1.71251
    endloop
  endfacet
  facet normal -0.649527 0.742334 0.164484
    outer loop
      vertex -0.469999 6.13659 1.71914
      vertex -0.589999 6.03701 1.69469
      vertex -0.589999 6.02672 1.74113
    endloop
  endfacet
  facet normal -0.649505 -0.51356 0.560713
    outer loop
      vertex -0.469999 5.07853 2.09173
      vertex -0.589999 5.14949 2.01772
      vertex -0.589999 5.11441 1.98559
    endloop
  endfacet
  facet normal -0.649506 -0.513639 0.560639
    outer loop
      vertex -0.589999 5.14949 2.01772
      vertex -0.469999 5.07853 2.09173
      vertex -0.469999 5.08354 2.09632
    endloop
  endfacet
  facet normal -0.649501 0.753853 -0.0992669
    outer loop
      vertex -0.469999 6.13894 1.49423
      vertex -0.589999 6.03701 1.50531
      vertex -0.589999 6.04322 1.55247
    endloop
  endfacet
  facet normal -0.64951 0.753954 -0.0984391
    outer loop
      vertex -0.589999 6.03701 1.50531
      vertex -0.469999 6.13894 1.49423
      vertex -0.469999 6.13806 1.48749
    endloop
  endfacet
  facet normal -0.649532 -0.290981 0.702452
    outer loop
      vertex -0.469999 5.2784 2.20883
      vertex -0.589999 5.3135 2.11241
      vertex -0.469999 5.23246 2.1898
    endloop
  endfacet
  facet normal -0.649514 0.702498 -0.290909
    outer loop
      vertex -0.469999 6.0898 1.33246
      vertex -0.589999 5.99421 1.36955
      vertex -0.589999 6.01241 1.4135
    endloop
  endfacet
  facet normal -0.649514 0.702521 -0.290853
    outer loop
      vertex -0.589999 5.99421 1.36955
      vertex -0.469999 6.0898 1.33246
      vertex -0.469999 6.0872 1.32618
    endloop
  endfacet
  facet normal -0.649511 0.641295 -0.408504
    outer loop
      vertex -0.589999 5.94668 1.28723
      vertex -0.469999 6.03438 1.23411
      vertex -0.469999 6.03073 1.22838
    endloop
  endfacet
  facet normal -0.649511 0.641269 -0.408546
    outer loop
      vertex -0.469999 6.03438 1.23411
      vertex -0.589999 5.94668 1.28723
      vertex -0.589999 5.97224 1.32735
    endloop
  endfacet
  facet normal -0.649513 0.408503 -0.641294
    outer loop
      vertex -0.589999 5.77265 1.12776
      vertex -0.469999 5.82968 1.04255
      vertex -0.469999 5.82395 1.0389
    endloop
  endfacet
  facet normal -0.649514 0.408544 -0.641267
    outer loop
      vertex -0.469999 5.82968 1.04255
      vertex -0.589999 5.77265 1.12776
      vertex -0.589999 5.81277 1.15332
    endloop
  endfacet
  facet normal -0.649486 0.759633 -0.0335626
    outer loop
      vertex -0.469999 6.1476 1.59321
      vertex -0.589999 6.0453 1.6
      vertex -0.469999 6.1479 1.6
    endloop
  endfacet
  facet normal -0.649482 0.75965 -0.0332437
    outer loop
      vertex -0.589999 6.0453 1.6
      vertex -0.469999 6.1476 1.59321
      vertex -0.589999 6.04322 1.55247
    endloop
  endfacet
  facet normal -0.649498 0.560613 -0.513678
    outer loop
      vertex -0.469999 5.95813 1.14186
      vertex -0.589999 5.88558 1.21441
      vertex -0.469999 5.99173 1.17853
    endloop
  endfacet
  facet normal -0.649497 0.513645 -0.560645
    outer loop
      vertex -0.469999 5.95312 1.13727
      vertex -0.589999 5.88558 1.21441
      vertex -0.469999 5.95813 1.14186
    endloop
  endfacet
  facet normal -0.649497 0.513645 -0.560645
    outer loop
      vertex -0.589999 5.88558 1.21441
      vertex -0.469999 5.95312 1.13727
      vertex -0.589999 5.85051 1.18228
    endloop
  endfacet
  facet normal -0.649506 0.560639 0.513639
    outer loop
      vertex -0.589999 5.91772 1.95051
      vertex -0.469999 5.99173 2.02147
      vertex -0.469999 5.99632 2.01646
    endloop
  endfacet
  facet normal -0.649506 0.560632 0.513647
    outer loop
      vertex -0.469999 5.99173 2.02147
      vertex -0.589999 5.91772 1.95051
      vertex -0.589999 5.88558 1.98559
    endloop
  endfacet
  facet normal -0.649512 -0.641265 -0.40855
    outer loop
      vertex -0.469999 4.9389 1.27605
      vertex -0.589999 5.02776 1.32735
      vertex -0.469999 4.96562 1.23411
    endloop
  endfacet
  facet normal -0.649487 -0.725187 0.228628
    outer loop
      vertex -0.469999 4.88913 1.81511
      vertex -0.589999 4.97328 1.74113
      vertex -0.469999 4.87418 1.76769
    endloop
  endfacet
  facet normal -0.649513 0.463161 0.603004
    outer loop
      vertex -0.589999 5.85051 2.01772
      vertex -0.469999 5.91107 2.10046
      vertex -0.469999 5.91646 2.09632
    endloop
  endfacet
  facet normal -0.649517 0.462881 0.603215
    outer loop
      vertex -0.469999 5.91107 2.10046
      vertex -0.589999 5.85051 2.01772
      vertex -0.589999 5.81277 2.04668
    endloop
  endfacet
  facet normal -0.649512 -0.72526 0.228323
    outer loop
      vertex -0.589999 4.98759 1.7865
      vertex -0.469999 4.88913 1.81511
      vertex -0.469999 4.89117 1.82159
    endloop
  endfacet
  facet normal -0.649508 -0.725141 0.228714
    outer loop
      vertex -0.469999 4.88913 1.81511
      vertex -0.589999 4.98759 1.7865
      vertex -0.589999 4.97328 1.74113
    endloop
  endfacet
  facet normal -0.64951 -0.702361 0.29125
    outer loop
      vertex -0.589999 5.00579 1.83045
      vertex -0.469999 4.9102 1.86754
      vertex -0.469999 4.9128 1.87381
    endloop
  endfacet
  facet normal -0.649514 -0.702498 0.290909
    outer loop
      vertex -0.469999 4.9102 1.86754
      vertex -0.589999 5.00579 1.83045
      vertex -0.589999 4.98759 1.7865
    endloop
  endfacet
  facet normal -0.649512 0.40855 0.641265
    outer loop
      vertex -0.469999 5.87162 2.13073
      vertex -0.589999 5.81277 2.04668
      vertex -0.469999 5.82968 2.15745
    endloop
  endfacet
  facet normal -0.649505 0.60324 0.462866
    outer loop
      vertex -0.469999 6.02659 1.97701
      vertex -0.589999 5.91772 1.95051
      vertex -0.469999 5.99632 2.01646
    endloop
  endfacet
  facet normal -0.649513 -0.408503 -0.641294
    outer loop
      vertex -0.469999 5.17032 1.04255
      vertex -0.589999 5.22735 1.12776
      vertex -0.469999 5.17605 1.0389
    endloop
  endfacet
  facet normal -0.649514 -0.408544 -0.641267
    outer loop
      vertex -0.589999 5.22735 1.12776
      vertex -0.469999 5.17032 1.04255
      vertex -0.589999 5.18723 1.15332
    endloop
  endfacet
  facet normal -0.649514 -0.290909 0.702498
    outer loop
      vertex -0.589999 5.26955 2.09421
      vertex -0.469999 5.23246 2.1898
      vertex -0.589999 5.3135 2.11241
    endloop
  endfacet
  facet normal -0.64951 -0.29125 0.702361
    outer loop
      vertex -0.469999 5.23246 2.1898
      vertex -0.589999 5.26955 2.09421
      vertex -0.469999 5.22619 2.1872
    endloop
  endfacet
  facet normal -0.649485 -0.22872 0.72516
    outer loop
      vertex -0.589999 5.3135 2.11241
      vertex -0.469999 5.33231 2.22582
      vertex -0.589999 5.35887 2.12672
    endloop
  endfacet
  facet normal -0.649587 -0.228303 0.725199
    outer loop
      vertex -0.469999 5.33231 2.22582
      vertex -0.589999 5.3135 2.11241
      vertex -0.469999 5.32583 2.22378
    endloop
  endfacet
  facet normal -0.649519 -0.702484 0.290931
    outer loop
      vertex -0.469999 4.9102 1.86754
      vertex -0.589999 4.98759 1.7865
      vertex -0.469999 4.89117 1.82159
    endloop
  endfacet
  facet normal -0.649492 -0.753845 0.0993913
    outer loop
      vertex -0.469999 4.86106 1.70577
      vertex -0.589999 4.95677 1.64753
      vertex -0.469999 4.85456 1.65647
    endloop
  endfacet
  facet normal -0.649512 0.641265 0.40855
    outer loop
      vertex -0.469999 6.05745 1.92968
      vertex -0.589999 5.94668 1.91277
      vertex -0.469999 6.03073 1.97162
    endloop
  endfacet
  facet normal -0.649503 0.603011 0.463166
    outer loop
      vertex -0.589999 5.94668 1.91277
      vertex -0.469999 6.02659 1.97701
      vertex -0.469999 6.03073 1.97162
    endloop
  endfacet
  facet normal -0.6495 0.603227 0.46289
    outer loop
      vertex -0.469999 6.02659 1.97701
      vertex -0.589999 5.94668 1.91277
      vertex -0.589999 5.91772 1.95051
    endloop
  endfacet
  facet normal -0.649465 -0.753884 -0.099271
    outer loop
      vertex -0.589999 4.96298 1.50531
      vertex -0.469999 4.86106 1.49423
      vertex -0.589999 4.95677 1.55247
    endloop
  endfacet
  facet normal -0.649474 -0.753985 -0.0984431
    outer loop
      vertex -0.469999 4.86106 1.49423
      vertex -0.589999 4.96298 1.50531
      vertex -0.469999 4.86194 1.48749
    endloop
  endfacet
  facet normal -0.649496 0.759641 0.0331808
    outer loop
      vertex -0.469999 6.1476 1.60679
      vertex -0.589999 6.04322 1.64753
      vertex -0.469999 6.14543 1.65647
    endloop
  endfacet
  facet normal -0.649516 -0.351116 0.674423
    outer loop
      vertex -0.589999 5.22735 2.07224
      vertex -0.469999 5.18208 2.16424
      vertex -0.589999 5.26955 2.09421
    endloop
  endfacet
  facet normal -0.649515 -0.351176 0.674392
    outer loop
      vertex -0.469999 5.18208 2.16424
      vertex -0.589999 5.22735 2.07224
      vertex -0.469999 5.17605 2.1611
    endloop
  endfacet
  facet normal -0.649513 -0.603004 -0.463161
    outer loop
      vertex -0.469999 4.99954 1.18893
      vertex -0.589999 5.08228 1.24949
      vertex -0.469999 5.00368 1.18354
    endloop
  endfacet
  facet normal -0.649517 -0.603215 -0.462881
    outer loop
      vertex -0.589999 5.08228 1.24949
      vertex -0.469999 4.99954 1.18893
      vertex -0.589999 5.05332 1.28723
    endloop
  endfacet
  facet normal -0.649511 -0.641295 -0.408504
    outer loop
      vertex -0.469999 4.96562 1.23411
      vertex -0.589999 5.05332 1.28723
      vertex -0.469999 4.96927 1.22838
    endloop
  endfacet
  facet normal -0.649511 -0.641269 -0.408546
    outer loop
      vertex -0.589999 5.05332 1.28723
      vertex -0.469999 4.96562 1.23411
      vertex -0.589999 5.02776 1.32735
    endloop
  endfacet
  facet normal -0.649506 0.513639 0.560639
    outer loop
      vertex -0.589999 5.85051 2.01772
      vertex -0.469999 5.92147 2.09173
      vertex -0.589999 5.88558 1.98559
    endloop
  endfacet
  facet normal -0.649506 0.513639 0.560639
    outer loop
      vertex -0.469999 5.92147 2.09173
      vertex -0.589999 5.85051 2.01772
      vertex -0.469999 5.91646 2.09632
    endloop
  endfacet
  facet normal 0 0.216353 -0.976315
    outer loop
      vertex -0.12 2.35116 1.08298
      vertex 0.0469494 2.39588 1.09289
      vertex 0.0515781 2.35116 1.08298
    endloop
  endfacet
  facet normal 0 0.216353 -0.976315
    outer loop
      vertex 0.0469494 2.39588 1.09289
      vertex -0.12 2.35116 1.08298
      vertex -0.12 2.39588 1.09289
    endloop
  endfacet
  facet normal 0 0.953731 0.300661
    outer loop
      vertex 0.017936 2.76711 1.73588
      vertex -0.12 2.75334 1.77956
      vertex 0.0185489 2.75334 1.77956
    endloop
  endfacet
  facet normal 0 0.953731 0.300661
    outer loop
      vertex -0.12 2.75334 1.77956
      vertex 0.017936 2.76711 1.73588
      vertex -0.12 2.76711 1.73588
    endloop
  endfacet
  facet normal 0 0.216353 0.976315
    outer loop
      vertex -0.12 2.35116 2.11702
      vertex 0.0469494 2.39588 2.10711
      vertex -0.12 2.39588 2.10711
    endloop
  endfacet
  facet normal 0 0.216353 0.976315
    outer loop
      vertex 0.0469494 2.39588 2.10711
      vertex -0.12 2.35116 2.11702
      vertex 0.0515781 2.35116 2.11702
    endloop
  endfacet
  facet normal 0 0.999046 -0.0436646
    outer loop
      vertex 0.0172289 2.783 1.55424
      vertex -0.12 2.785 1.6
      vertex 0.01714 2.785 1.6
    endloop
  endfacet
  facet normal 0 0.999046 -0.0436646
    outer loop
      vertex -0.12 2.785 1.6
      vertex 0.0172289 2.783 1.55424
      vertex -0.12 2.783 1.55424
    endloop
  endfacet
  facet normal 0 0.0436646 -0.999046
    outer loop
      vertex -0.12 2.26 1.075
      vertex 0.0565962 2.30576 1.077
      vertex 0.0629418 2.26 1.075
    endloop
  endfacet
  facet normal 0 0.0436646 -0.999046
    outer loop
      vertex 0.0565962 2.30576 1.077
      vertex -0.12 2.26 1.075
      vertex -0.12 2.30576 1.077
    endloop
  endfacet
  facet normal -0 -0.976305 -0.216399
    outer loop
      vertex 0.161202 1.75289 1.46412
      vertex -0.12 1.74298 1.50883
      vertex -0.12 1.75289 1.46412
    endloop
  endfacet
  facet normal 0 -0.976305 -0.216399
    outer loop
      vertex -0.12 1.74298 1.50883
      vertex 0.161202 1.75289 1.46412
      vertex 0.163847 1.74298 1.50883
    endloop
  endfacet
  facet normal 0 0.99144 -0.130562
    outer loop
      vertex 0.017495 2.77702 1.50883
      vertex -0.12 2.783 1.55424
      vertex 0.0172289 2.783 1.55424
    endloop
  endfacet
  facet normal 0 0.99144 -0.130562
    outer loop
      vertex -0.12 2.783 1.55424
      vertex 0.017495 2.77702 1.50883
      vertex -0.12 2.77702 1.50883
    endloop
  endfacet
  facet normal -0 -0.737326 -0.675537
    outer loop
      vertex 0.127903 1.88877 1.22877
      vertex -0.12 1.85783 1.26254
      vertex -0.12 1.88877 1.22877
    endloop
  endfacet
  facet normal 0 -0.737326 -0.675537
    outer loop
      vertex -0.12 1.85783 1.26254
      vertex 0.127903 1.88877 1.22877
      vertex 0.134717 1.85783 1.26254
    endloop
  endfacet
  facet normal 0 -0.737326 0.675537
    outer loop
      vertex -0.12 1.85783 1.93746
      vertex 0.127903 1.88877 1.97123
      vertex -0.12 1.88877 1.97123
    endloop
  endfacet
  facet normal 0 -0.737326 0.675537
    outer loop
      vertex 0.127903 1.88877 1.97123
      vertex -0.12 1.85783 1.93746
      vertex 0.134717 1.85783 1.93746
    endloop
  endfacet
  facet normal -0 -0.99144 -0.130562
    outer loop
      vertex 0.163847 1.74298 1.50883
      vertex -0.12 1.737 1.55424
      vertex -0.12 1.74298 1.50883
    endloop
  endfacet
  facet normal 0 -0.99144 -0.130562
    outer loop
      vertex -0.12 1.737 1.55424
      vertex 0.163847 1.74298 1.50883
      vertex 0.165443 1.737 1.55424
    endloop
  endfacet
  facet normal 0 0.537299 0.843392
    outer loop
      vertex -0.12 2.5225 2.05466
      vertex 0.0315378 2.56113 2.03005
      vertex -0.12 2.56113 2.03005
    endloop
  endfacet
  facet normal 0 0.537299 0.843392
    outer loop
      vertex 0.0315378 2.56113 2.03005
      vertex -0.12 2.5225 2.05466
      vertex 0.0343173 2.5225 2.05466
    endloop
  endfacet
  facet normal 0 0.737326 0.675537
    outer loop
      vertex 0.024267 2.66217 1.93746
      vertex -0.12 2.63123 1.97123
      vertex 0.0264935 2.63123 1.97123
    endloop
  endfacet
  facet normal 0 0.737326 0.675537
    outer loop
      vertex -0.12 2.63123 1.97123
      vertex 0.024267 2.66217 1.93746
      vertex -0.12 2.66217 1.93746
    endloop
  endfacet
  facet normal 0 0.461582 -0.887098
    outer loop
      vertex -0.12 2.48187 1.12419
      vertex 0.0354004 2.50745 1.1375
      vertex 0.0380475 2.48187 1.12419
    endloop
  endfacet
  facet normal -3.25506e-05 0.461738 -0.887017
    outer loop
      vertex -0.12 2.5225 1.14534
      vertex 0.0354004 2.50745 1.1375
      vertex -0.12 2.48187 1.12419
    endloop
  endfacet
  facet normal 0 0.462002 -0.886879
    outer loop
      vertex 0.0354004 2.50745 1.1375
      vertex -0.12 2.5225 1.14534
      vertex 0.0343173 2.5225 1.14534
    endloop
  endfacet
  facet normal 0 0.976315 0.216353
    outer loop
      vertex 0.017495 2.77702 1.69116
      vertex -0.12 2.76711 1.73588
      vertex 0.017936 2.76711 1.73588
    endloop
  endfacet
  facet normal 0 0.976315 0.216353
    outer loop
      vertex -0.12 2.76711 1.73588
      vertex 0.017495 2.77702 1.69116
      vertex -0.12 2.77702 1.69116
    endloop
  endfacet
  facet normal 0 -0.38277 0.923844
    outer loop
      vertex -0.12 2.03813 2.07581
      vertex 0.0901214 2.08044 2.09334
      vertex -0.12 2.08044 2.09334
    endloop
  endfacet
  facet normal 0 -0.38277 0.923844
    outer loop
      vertex 0.0901214 2.08044 2.09334
      vertex -0.12 2.03813 2.07581
      vertex 0.0976367 2.03813 2.07581
    endloop
  endfacet
  facet normal 0 -0.216399 0.976305
    outer loop
      vertex -0.12 2.12412 2.10711
      vertex 0.0755844 2.16883 2.11702
      vertex -0.12 2.16883 2.11702
    endloop
  endfacet
  facet normal -5.10238e-06 -0.216377 0.97631
    outer loop
      vertex 0.0755844 2.16883 2.11702
      vertex -0.12 2.12412 2.10711
      vertex 0.0797272 2.13896 2.1104
    endloop
  endfacet
  facet normal 0 -0.216443 0.976295
    outer loop
      vertex 0.0797272 2.13896 2.1104
      vertex -0.12 2.12412 2.10711
      vertex 0.0823632 2.12412 2.10711
    endloop
  endfacet
  facet normal 0 -0.300661 0.953731
    outer loop
      vertex -0.12 2.08044 2.09334
      vertex 0.0823632 2.12412 2.10711
      vertex -0.12 2.12412 2.10711
    endloop
  endfacet
  facet normal 0 -0.300661 0.953731
    outer loop
      vertex 0.0823632 2.12412 2.10711
      vertex -0.12 2.08044 2.09334
      vertex 0.0901214 2.08044 2.09334
    endloop
  endfacet
  facet normal 0 -0.216443 -0.976295
    outer loop
      vertex -0.12 2.12412 1.09289
      vertex 0.0797272 2.13896 1.0896
      vertex 0.0823632 2.12412 1.09289
    endloop
  endfacet
  facet normal -5.10238e-06 -0.216377 -0.97631
    outer loop
      vertex -0.12 2.12412 1.09289
      vertex 0.0755844 2.16883 1.08298
      vertex 0.0797272 2.13896 1.0896
    endloop
  endfacet
  facet normal -0 -0.216399 -0.976305
    outer loop
      vertex 0.0755844 2.16883 1.08298
      vertex -0.12 2.12412 1.09289
      vertex -0.12 2.16883 1.08298
    endloop
  endfacet
  facet normal 0 0.300661 -0.953731
    outer loop
      vertex -0.12 2.39588 1.09289
      vertex 0.0424278 2.43956 1.10666
      vertex 0.0469494 2.39588 1.09289
    endloop
  endfacet
  facet normal 0 0.300661 -0.953731
    outer loop
      vertex 0.0424278 2.43956 1.10666
      vertex -0.12 2.39588 1.09289
      vertex -0.12 2.43956 1.10666
    endloop
  endfacet
  facet normal 0 -0.130562 -0.99144
    outer loop
      vertex -0.12 2.16883 1.08298
      vertex 0.0692872 2.21424 1.077
      vertex 0.0755844 2.16883 1.08298
    endloop
  endfacet
  facet normal -0 -0.130562 -0.99144
    outer loop
      vertex 0.0692872 2.21424 1.077
      vertex -0.12 2.16883 1.08298
      vertex -0.12 2.21424 1.077
    endloop
  endfacet
  facet normal 0 -0.84345 -0.537208
    outer loop
      vertex -0.12 1.80534 1.3375
      vertex 0.141907 1.82518 1.30635
      vertex 0.147203 1.80534 1.3375
    endloop
  endfacet
  facet normal -0 -0.843491 -0.537144
    outer loop
      vertex 0.140857 1.82994 1.29887
      vertex -0.12 1.80534 1.3375
      vertex -0.12 1.82994 1.29887
    endloop
  endfacet
  facet normal 5.47255e-05 -0.843658 -0.536881
    outer loop
      vertex -0.12 1.80534 1.3375
      vertex 0.140857 1.82994 1.29887
      vertex 0.141907 1.82518 1.30635
    endloop
  endfacet
  facet normal 0 0.300661 0.953731
    outer loop
      vertex -0.12 2.39588 2.10711
      vertex 0.0424278 2.43956 2.09334
      vertex -0.12 2.43956 2.09334
    endloop
  endfacet
  facet normal 0 0.300661 0.953731
    outer loop
      vertex 0.0424278 2.43956 2.09334
      vertex -0.12 2.39588 2.10711
      vertex 0.0469494 2.39588 2.10711
    endloop
  endfacet
  facet normal 0 -0.300661 -0.953731
    outer loop
      vertex -0.12 2.08044 1.10666
      vertex 0.0823632 2.12412 1.09289
      vertex 0.0901214 2.08044 1.10666
    endloop
  endfacet
  facet normal -0 -0.300661 -0.953731
    outer loop
      vertex 0.0823632 2.12412 1.09289
      vertex -0.12 2.08044 1.10666
      vertex -0.12 2.12412 1.09289
    endloop
  endfacet
  facet normal 0 0.923844 -0.38277
    outer loop
      vertex -0.12 2.73581 1.37813
      vertex 0.0185489 2.75334 1.42044
      vertex 0.0193287 2.73581 1.37813
    endloop
  endfacet
  facet normal 0 0.923844 -0.38277
    outer loop
      vertex 0.0185489 2.75334 1.42044
      vertex -0.12 2.73581 1.37813
      vertex -0.12 2.75334 1.42044
    endloop
  endfacet
  facet normal 0 0.793322 -0.608803
    outer loop
      vertex -0.12 2.66217 1.26254
      vertex 0.0222608 2.69005 1.29887
      vertex 0.024267 2.66217 1.26254
    endloop
  endfacet
  facet normal 0 0.793322 -0.608803
    outer loop
      vertex 0.0222608 2.69005 1.29887
      vertex -0.12 2.66217 1.26254
      vertex -0.12 2.69005 1.29887
    endloop
  endfacet
  facet normal 0 0.60894 -0.793216
    outer loop
      vertex -0.12 2.56113 1.16994
      vertex 0.0289232 2.59746 1.19783
      vertex 0.0315378 2.56113 1.16994
    endloop
  endfacet
  facet normal 0 0.60894 -0.793216
    outer loop
      vertex 0.0289232 2.59746 1.19783
      vertex -0.12 2.56113 1.16994
      vertex -0.12 2.59746 1.19783
    endloop
  endfacet
  facet normal -0 -0.923844 -0.38277
    outer loop
      vertex 0.152848 1.78419 1.37813
      vertex -0.12 1.76666 1.42044
      vertex -0.12 1.78419 1.37813
    endloop
  endfacet
  facet normal 0 -0.923844 -0.38277
    outer loop
      vertex -0.12 1.76666 1.42044
      vertex 0.152848 1.78419 1.37813
      vertex 0.157526 1.76666 1.42044
    endloop
  endfacet
  facet normal -0 0.462002 0.886879
    outer loop
      vertex -0.12 2.5225 2.05466
      vertex 0.0354004 2.50745 2.0625
      vertex 0.0343173 2.5225 2.05466
    endloop
  endfacet
  facet normal -3.25506e-05 0.461738 0.887017
    outer loop
      vertex -0.12 2.48187 2.07581
      vertex 0.0354004 2.50745 2.0625
      vertex -0.12 2.5225 2.05466
    endloop
  endfacet
  facet normal 0 0.461582 0.887098
    outer loop
      vertex 0.0354004 2.50745 2.0625
      vertex -0.12 2.48187 2.07581
      vertex 0.0380475 2.48187 2.07581
    endloop
  endfacet
  facet normal 0 0.130653 -0.991428
    outer loop
      vertex -0.12 2.30576 1.077
      vertex 0.0553436 2.31479 1.07819
      vertex 0.0565962 2.30576 1.077
    endloop
  endfacet
  facet normal 4.11344e-06 0.130575 -0.991438
    outer loop
      vertex -0.12 2.30576 1.077
      vertex 0.0515781 2.35116 1.08298
      vertex 0.0553436 2.31479 1.07819
    endloop
  endfacet
  facet normal 0 0.13059 -0.991436
    outer loop
      vertex 0.0515781 2.35116 1.08298
      vertex -0.12 2.30576 1.077
      vertex -0.12 2.35116 1.08298
    endloop
  endfacet
  facet normal 0 0.886821 0.462114
    outer loop
      vertex 0.0199127 2.72269 1.84709
      vertex -0.12 2.71466 1.8625
      vertex 0.0204901 2.71466 1.8625
    endloop
  endfacet
  facet normal -0 0.887136 0.461508
    outer loop
      vertex -0.12 2.73581 1.82187
      vertex 0.0199127 2.72269 1.84709
      vertex 0.0193287 2.73581 1.82187
    endloop
  endfacet
  facet normal -5.26469e-05 0.887017 0.461738
    outer loop
      vertex 0.0199127 2.72269 1.84709
      vertex -0.12 2.73581 1.82187
      vertex -0.12 2.71466 1.8625
    endloop
  endfacet
  facet normal 0 0.793322 0.608803
    outer loop
      vertex 0.0222608 2.69005 1.90113
      vertex -0.12 2.66217 1.93746
      vertex 0.024267 2.66217 1.93746
    endloop
  endfacet
  facet normal 0 0.793322 0.608803
    outer loop
      vertex -0.12 2.66217 1.93746
      vertex 0.0222608 2.69005 1.90113
      vertex -0.12 2.69005 1.90113
    endloop
  endfacet
  facet normal 0 0.608803 0.793322
    outer loop
      vertex -0.12 2.56113 2.03005
      vertex 0.0289232 2.59746 2.00217
      vertex -0.12 2.59746 2.00217
    endloop
  endfacet
  facet normal 0 0.608803 0.793322
    outer loop
      vertex 0.0289232 2.59746 2.00217
      vertex -0.12 2.56113 2.03005
      vertex 0.0315378 2.56113 2.03005
    endloop
  endfacet
  facet normal 0 0.843392 -0.537299
    outer loop
      vertex -0.12 2.69005 1.29887
      vertex 0.0204901 2.71466 1.3375
      vertex 0.0222608 2.69005 1.29887
    endloop
  endfacet
  facet normal 0 0.843392 -0.537299
    outer loop
      vertex 0.0204901 2.71466 1.3375
      vertex -0.12 2.69005 1.29887
      vertex -0.12 2.71466 1.3375
    endloop
  endfacet
  facet normal 0 0.843392 0.537299
    outer loop
      vertex 0.0204901 2.71466 1.8625
      vertex -0.12 2.69005 1.90113
      vertex 0.0222608 2.69005 1.90113
    endloop
  endfacet
  facet normal 0 0.843392 0.537299
    outer loop
      vertex -0.12 2.69005 1.90113
      vertex 0.0204901 2.71466 1.8625
      vertex -0.12 2.71466 1.8625
    endloop
  endfacet
  facet normal 0 -0.991436 0.13059
    outer loop
      vertex -0.12 1.737 1.64576
      vertex 0.163847 1.74298 1.69116
      vertex -0.12 1.74298 1.69116
    endloop
  endfacet
  facet normal 0 -0.991436 0.13059
    outer loop
      vertex 0.163847 1.74298 1.69116
      vertex -0.12 1.737 1.64576
      vertex 0.165443 1.737 1.64576
    endloop
  endfacet
  facet normal 0 0.537144 -0.843491
    outer loop
      vertex -0.12 2.5225 1.14534
      vertex 0.0315378 2.56113 1.16994
      vertex 0.0343173 2.5225 1.14534
    endloop
  endfacet
  facet normal 0 0.537144 -0.843491
    outer loop
      vertex 0.0315378 2.56113 1.16994
      vertex -0.12 2.5225 1.14534
      vertex -0.12 2.56113 1.16994
    endloop
  endfacet
  facet normal -0 -0.887017 -0.461738
    outer loop
      vertex 0.147203 1.80534 1.3375
      vertex -0.12 1.78419 1.37813
      vertex -0.12 1.80534 1.3375
    endloop
  endfacet
  facet normal 0 -0.887017 -0.461738
    outer loop
      vertex -0.12 1.78419 1.37813
      vertex 0.147203 1.80534 1.3375
      vertex 0.152848 1.78419 1.37813
    endloop
  endfacet
  facet normal 0 0.887136 -0.461508
    outer loop
      vertex 0.0199127 2.72269 1.35291
      vertex -0.12 2.73581 1.37813
      vertex 0.0193287 2.73581 1.37813
    endloop
  endfacet
  facet normal 0 0.886821 -0.462114
    outer loop
      vertex -0.12 2.71466 1.3375
      vertex 0.0199127 2.72269 1.35291
      vertex 0.0204901 2.71466 1.3375
    endloop
  endfacet
  facet normal -5.26469e-05 0.887017 -0.461738
    outer loop
      vertex 0.0199127 2.72269 1.35291
      vertex -0.12 2.71466 1.3375
      vertex -0.12 2.73581 1.37813
    endloop
  endfacet
  facet normal -0 -0.999046 -0.0436646
    outer loop
      vertex 0.165443 1.737 1.55424
      vertex -0.12 1.735 1.6
      vertex -0.12 1.737 1.55424
    endloop
  endfacet
  facet normal 0 -0.999046 -0.0436646
    outer loop
      vertex -0.12 1.735 1.6
      vertex 0.165443 1.737 1.55424
      vertex 0.165976 1.735 1.6
    endloop
  endfacet
  facet normal 0 -0.537247 -0.843425
    outer loop
      vertex -0.12 1.95887 1.16994
      vertex 0.108582 1.9765 1.15871
      vertex 0.112464 1.95887 1.16994
    endloop
  endfacet
  facet normal -2.02652e-05 -0.53706 -0.843544
    outer loop
      vertex -0.12 1.95887 1.16994
      vertex 0.104852 1.9975 1.14534
      vertex 0.108582 1.9765 1.15871
    endloop
  endfacet
  facet normal -0 -0.537144 -0.843491
    outer loop
      vertex 0.104852 1.9975 1.14534
      vertex -0.12 1.95887 1.16994
      vertex -0.12 1.9975 1.14534
    endloop
  endfacet
  facet normal 0 -0.130562 0.99144
    outer loop
      vertex -0.12 2.16883 2.11702
      vertex 0.0692872 2.21424 2.123
      vertex -0.12 2.21424 2.123
    endloop
  endfacet
  facet normal 0 -0.130562 0.99144
    outer loop
      vertex 0.0692872 2.21424 2.123
      vertex -0.12 2.16883 2.11702
      vertex 0.0755844 2.16883 2.11702
    endloop
  endfacet
  facet normal 0 0.923844 0.38277
    outer loop
      vertex 0.0185489 2.75334 1.77956
      vertex -0.12 2.73581 1.82187
      vertex 0.0193287 2.73581 1.82187
    endloop
  endfacet
  facet normal 0 0.923844 0.38277
    outer loop
      vertex -0.12 2.73581 1.82187
      vertex 0.0185489 2.75334 1.77956
      vertex -0.12 2.75334 1.77956
    endloop
  endfacet
  facet normal 0 -0.923844 0.38277
    outer loop
      vertex -0.12 1.76666 1.77956
      vertex 0.152848 1.78419 1.82187
      vertex -0.12 1.78419 1.82187
    endloop
  endfacet
  facet normal 0 -0.923844 0.38277
    outer loop
      vertex 0.152848 1.78419 1.82187
      vertex -0.12 1.76666 1.77956
      vertex 0.157526 1.76666 1.77956
    endloop
  endfacet
  facet normal 0 0.38277 -0.923844
    outer loop
      vertex -0.12 2.43956 1.10666
      vertex 0.0380475 2.48187 1.12419
      vertex 0.0424278 2.43956 1.10666
    endloop
  endfacet
  facet normal 0 0.38277 -0.923844
    outer loop
      vertex 0.0380475 2.48187 1.12419
      vertex -0.12 2.43956 1.10666
      vertex -0.12 2.48187 1.12419
    endloop
  endfacet
  facet normal 0 -0.60894 -0.793216
    outer loop
      vertex -0.12 1.92254 1.19783
      vertex 0.112464 1.95887 1.16994
      vertex 0.120466 1.92254 1.19783
    endloop
  endfacet
  facet normal -0 -0.60894 -0.793216
    outer loop
      vertex 0.112464 1.95887 1.16994
      vertex -0.12 1.92254 1.19783
      vertex -0.12 1.95887 1.16994
    endloop
  endfacet
  facet normal 0 -0.953731 0.300661
    outer loop
      vertex -0.12 1.75289 1.73588
      vertex 0.157526 1.76666 1.77956
      vertex -0.12 1.76666 1.77956
    endloop
  endfacet
  facet normal 0 -0.953731 0.300661
    outer loop
      vertex 0.157526 1.76666 1.77956
      vertex -0.12 1.75289 1.73588
      vertex 0.161202 1.75289 1.73588
    endloop
  endfacet
  facet normal 0 -0.999046 0.0436646
    outer loop
      vertex -0.12 1.735 1.6
      vertex 0.165443 1.737 1.64576
      vertex -0.12 1.737 1.64576
    endloop
  endfacet
  facet normal 0 -0.999046 0.0436646
    outer loop
      vertex 0.165443 1.737 1.64576
      vertex -0.12 1.735 1.6
      vertex 0.165976 1.735 1.6
    endloop
  endfacet
  facet normal 0 -0.608803 0.793322
    outer loop
      vertex -0.12 1.92254 2.00217
      vertex 0.112464 1.95887 2.03005
      vertex -0.12 1.95887 2.03005
    endloop
  endfacet
  facet normal 0 -0.608803 0.793322
    outer loop
      vertex 0.112464 1.95887 2.03005
      vertex -0.12 1.92254 2.00217
      vertex 0.120466 1.92254 2.00217
    endloop
  endfacet
  facet normal 0 0.675537 -0.737326
    outer loop
      vertex -0.12 2.59746 1.19783
      vertex 0.0264935 2.63123 1.22877
      vertex 0.0289232 2.59746 1.19783
    endloop
  endfacet
  facet normal 0 0.675537 -0.737326
    outer loop
      vertex 0.0264935 2.63123 1.22877
      vertex -0.12 2.59746 1.19783
      vertex -0.12 2.63123 1.22877
    endloop
  endfacet
  facet normal 0 0.999046 0.0436646
    outer loop
      vertex 0.01714 2.785 1.6
      vertex -0.12 2.783 1.64576
      vertex 0.0172289 2.783 1.64576
    endloop
  endfacet
  facet normal 0 0.999046 0.0436646
    outer loop
      vertex -0.12 2.783 1.64576
      vertex 0.01714 2.785 1.6
      vertex -0.12 2.785 1.6
    endloop
  endfacet
  facet normal 0 -0.793216 0.60894
    outer loop
      vertex -0.12 1.82994 1.90113
      vertex 0.134717 1.85783 1.93746
      vertex -0.12 1.85783 1.93746
    endloop
  endfacet
  facet normal 0 -0.793216 0.60894
    outer loop
      vertex 0.134717 1.85783 1.93746
      vertex -0.12 1.82994 1.90113
      vertex 0.140857 1.82994 1.90113
    endloop
  endfacet
  facet normal 0 -0.887017 0.461738
    outer loop
      vertex -0.12 1.78419 1.82187
      vertex 0.147203 1.80534 1.8625
      vertex -0.12 1.80534 1.8625
    endloop
  endfacet
  facet normal 0 -0.887017 0.461738
    outer loop
      vertex 0.147203 1.80534 1.8625
      vertex -0.12 1.78419 1.82187
      vertex 0.152848 1.78419 1.82187
    endloop
  endfacet
  facet normal 0 -0.0436646 0.999046
    outer loop
      vertex -0.12 2.21424 2.123
      vertex 0.0629418 2.26 2.125
      vertex -0.12 2.26 2.125
    endloop
  endfacet
  facet normal 0 -0.0436646 0.999046
    outer loop
      vertex 0.0629418 2.26 2.125
      vertex -0.12 2.21424 2.123
      vertex 0.0692872 2.21424 2.123
    endloop
  endfacet
  facet normal 0 -0.976315 0.216353
    outer loop
      vertex -0.12 1.74298 1.69116
      vertex 0.161202 1.75289 1.73588
      vertex -0.12 1.75289 1.73588
    endloop
  endfacet
  facet normal 0 -0.976315 0.216353
    outer loop
      vertex 0.161202 1.75289 1.73588
      vertex -0.12 1.74298 1.69116
      vertex 0.163847 1.74298 1.69116
    endloop
  endfacet
  facet normal 0 0.976305 -0.216399
    outer loop
      vertex 0.017936 2.76711 1.46412
      vertex -0.12 2.77702 1.50883
      vertex 0.017495 2.77702 1.50883
    endloop
  endfacet
  facet normal 0 0.976305 -0.216399
    outer loop
      vertex -0.12 2.77702 1.50883
      vertex 0.017936 2.76711 1.46412
      vertex -0.12 2.76711 1.46412
    endloop
  endfacet
  facet normal 0 0.13059 0.991436
    outer loop
      vertex -0.12 2.30576 2.123
      vertex 0.0515781 2.35116 2.11702
      vertex -0.12 2.35116 2.11702
    endloop
  endfacet
  facet normal 4.11344e-06 0.130575 0.991438
    outer loop
      vertex 0.0515781 2.35116 2.11702
      vertex -0.12 2.30576 2.123
      vertex 0.0553436 2.31479 2.12181
    endloop
  endfacet
  facet normal 0 0.130653 0.991428
    outer loop
      vertex 0.0553436 2.31479 2.12181
      vertex -0.12 2.30576 2.123
      vertex 0.0565962 2.30576 2.123
    endloop
  endfacet
  facet normal 0 -0.675537 0.737326
    outer loop
      vertex -0.12 1.88877 1.97123
      vertex 0.120466 1.92254 2.00217
      vertex -0.12 1.92254 2.00217
    endloop
  endfacet
  facet normal 0 -0.675537 0.737326
    outer loop
      vertex 0.120466 1.92254 2.00217
      vertex -0.12 1.88877 1.97123
      vertex 0.127903 1.88877 1.97123
    endloop
  endfacet
  facet normal 0 -0.675537 -0.737326
    outer loop
      vertex -0.12 1.88877 1.22877
      vertex 0.120466 1.92254 1.19783
      vertex 0.127903 1.88877 1.22877
    endloop
  endfacet
  facet normal -0 -0.675537 -0.737326
    outer loop
      vertex 0.120466 1.92254 1.19783
      vertex -0.12 1.88877 1.22877
      vertex -0.12 1.92254 1.19783
    endloop
  endfacet
  facet normal 0 -0.0436646 -0.999046
    outer loop
      vertex -0.12 2.21424 1.077
      vertex 0.0629418 2.26 1.075
      vertex 0.0692872 2.21424 1.077
    endloop
  endfacet
  facet normal -0 -0.0436646 -0.999046
    outer loop
      vertex 0.0629418 2.26 1.075
      vertex -0.12 2.21424 1.077
      vertex -0.12 2.26 1.075
    endloop
  endfacet
  facet normal 0 0.38277 0.923844
    outer loop
      vertex -0.12 2.43956 2.09334
      vertex 0.0380475 2.48187 2.07581
      vertex -0.12 2.48187 2.07581
    endloop
  endfacet
  facet normal 0 0.38277 0.923844
    outer loop
      vertex 0.0380475 2.48187 2.07581
      vertex -0.12 2.43956 2.09334
      vertex 0.0424278 2.43956 2.09334
    endloop
  endfacet
  facet normal -0 -0.953731 -0.300661
    outer loop
      vertex 0.157526 1.76666 1.42044
      vertex -0.12 1.75289 1.46412
      vertex -0.12 1.76666 1.42044
    endloop
  endfacet
  facet normal 0 -0.953731 -0.300661
    outer loop
      vertex -0.12 1.75289 1.46412
      vertex 0.157526 1.76666 1.42044
      vertex 0.161202 1.75289 1.46412
    endloop
  endfacet
  facet normal 0 -0.38277 -0.923844
    outer loop
      vertex -0.12 2.03813 1.12419
      vertex 0.0901214 2.08044 1.10666
      vertex 0.0976367 2.03813 1.12419
    endloop
  endfacet
  facet normal -0 -0.38277 -0.923844
    outer loop
      vertex 0.0901214 2.08044 1.10666
      vertex -0.12 2.03813 1.12419
      vertex -0.12 2.08044 1.10666
    endloop
  endfacet
  facet normal 0 -0.461738 -0.887017
    outer loop
      vertex -0.12 1.9975 1.14534
      vertex 0.0976367 2.03813 1.12419
      vertex 0.104852 1.9975 1.14534
    endloop
  endfacet
  facet normal -0 -0.461738 -0.887017
    outer loop
      vertex 0.0976367 2.03813 1.12419
      vertex -0.12 1.9975 1.14534
      vertex -0.12 2.03813 1.12419
    endloop
  endfacet
  facet normal 0 0.991436 0.13059
    outer loop
      vertex 0.0172289 2.783 1.64576
      vertex -0.12 2.77702 1.69116
      vertex 0.017495 2.77702 1.69116
    endloop
  endfacet
  facet normal 0 0.991436 0.13059
    outer loop
      vertex -0.12 2.77702 1.69116
      vertex 0.0172289 2.783 1.64576
      vertex -0.12 2.783 1.64576
    endloop
  endfacet
  facet normal 0 -0.843491 0.537144
    outer loop
      vertex -0.12 1.80534 1.8625
      vertex 0.140857 1.82994 1.90113
      vertex -0.12 1.82994 1.90113
    endloop
  endfacet
  facet normal 5.47255e-05 -0.843658 0.536881
    outer loop
      vertex 0.140857 1.82994 1.90113
      vertex -0.12 1.80534 1.8625
      vertex 0.141907 1.82518 1.89365
    endloop
  endfacet
  facet normal 0 -0.84345 0.537208
    outer loop
      vertex 0.141907 1.82518 1.89365
      vertex -0.12 1.80534 1.8625
      vertex 0.147203 1.80534 1.8625
    endloop
  endfacet
  facet normal 0 -0.537299 0.843392
    outer loop
      vertex -0.12 1.95887 2.03005
      vertex 0.104852 1.9975 2.05466
      vertex -0.12 1.9975 2.05466
    endloop
  endfacet
  facet normal -5.66697e-05 -0.537065 0.843541
    outer loop
      vertex 0.104852 1.9975 2.05466
      vertex -0.12 1.95887 2.03005
      vertex 0.108582 1.9765 2.04129
    endloop
  endfacet
  facet normal 0 -0.537587 0.843208
    outer loop
      vertex 0.108582 1.9765 2.04129
      vertex -0.12 1.95887 2.03005
      vertex 0.112464 1.95887 2.03005
    endloop
  endfacet
  facet normal 0 0.737326 -0.675537
    outer loop
      vertex -0.12 2.63123 1.22877
      vertex 0.024267 2.66217 1.26254
      vertex 0.0264935 2.63123 1.22877
    endloop
  endfacet
  facet normal 0 0.737326 -0.675537
    outer loop
      vertex 0.024267 2.66217 1.26254
      vertex -0.12 2.63123 1.22877
      vertex -0.12 2.66217 1.26254
    endloop
  endfacet
  facet normal 0 -0.461738 0.887017
    outer loop
      vertex -0.12 1.9975 2.05466
      vertex 0.0976367 2.03813 2.07581
      vertex -0.12 2.03813 2.07581
    endloop
  endfacet
  facet normal 0 -0.461738 0.887017
    outer loop
      vertex 0.0976367 2.03813 2.07581
      vertex -0.12 1.9975 2.05466
      vertex 0.104852 1.9975 2.05466
    endloop
  endfacet
  facet normal 0 0.0436646 0.999046
    outer loop
      vertex -0.12 2.26 2.125
      vertex 0.0565962 2.30576 2.123
      vertex -0.12 2.30576 2.123
    endloop
  endfacet
  facet normal 0 0.0436646 0.999046
    outer loop
      vertex 0.0565962 2.30576 2.123
      vertex -0.12 2.26 2.125
      vertex 0.0629418 2.26 2.125
    endloop
  endfacet
  facet normal 0 0.675537 0.737326
    outer loop
      vertex -0.12 2.59746 2.00217
      vertex 0.0264935 2.63123 1.97123
      vertex -0.12 2.63123 1.97123
    endloop
  endfacet
  facet normal 0 0.675537 0.737326
    outer loop
      vertex 0.0264935 2.63123 1.97123
      vertex -0.12 2.59746 2.00217
      vertex 0.0289232 2.59746 2.00217
    endloop
  endfacet
  facet normal -0 -0.793216 -0.60894
    outer loop
      vertex 0.134717 1.85783 1.26254
      vertex -0.12 1.82994 1.29887
      vertex -0.12 1.85783 1.26254
    endloop
  endfacet
  facet normal 0 -0.793216 -0.60894
    outer loop
      vertex -0.12 1.82994 1.29887
      vertex 0.134717 1.85783 1.26254
      vertex 0.140857 1.82994 1.29887
    endloop
  endfacet
  facet normal 0 0.953731 -0.300661
    outer loop
      vertex -0.12 2.75334 1.42044
      vertex 0.017936 2.76711 1.46412
      vertex 0.0185489 2.75334 1.42044
    endloop
  endfacet
  facet normal 0 0.953731 -0.300661
    outer loop
      vertex 0.017936 2.76711 1.46412
      vertex -0.12 2.75334 1.42044
      vertex -0.12 2.76711 1.46412
    endloop
  endfacet
  facet normal 0 0.216421 -0.9763
    outer loop
      vertex -0.509999 2.37634 0.940178
      vertex -0.12 2.43341 0.952829
      vertex -0.12 2.37634 0.940178
    endloop
  endfacet
  facet normal 0 0.216421 -0.9763
    outer loop
      vertex -0.12 2.43341 0.952829
      vertex -0.509999 2.37634 0.940178
      vertex -0.509999 2.43341 0.952829
    endloop
  endfacet
  facet normal 0 0.976304 0.216405
    outer loop
      vertex -0.12 2.91982 1.71634
      vertex -0.509999 2.90717 1.77341
      vertex -0.12 2.90717 1.77341
    endloop
  endfacet
  facet normal 0 0.976304 0.216405
    outer loop
      vertex -0.509999 2.90717 1.77341
      vertex -0.12 2.91982 1.71634
      vertex -0.509999 2.91982 1.71634
    endloop
  endfacet
  facet normal 0 -0.608751 -0.793361
    outer loop
      vertex -0.509999 1.82933 1.08675
      vertex -0.12 1.8757 1.05117
      vertex -0.12 1.82933 1.08675
    endloop
  endfacet
  facet normal -0 -0.608751 -0.793361
    outer loop
      vertex -0.12 1.8757 1.05117
      vertex -0.509999 1.82933 1.08675
      vertex -0.509999 1.8757 1.05117
    endloop
  endfacet
  facet normal 0 0.886984 -0.4618
    outer loop
      vertex -0.12 2.84024 1.265
      vertex -0.509999 2.86723 1.31684
      vertex -0.12 2.86723 1.31684
    endloop
  endfacet
  facet normal 0 0.886984 -0.4618
    outer loop
      vertex -0.509999 2.86723 1.31684
      vertex -0.12 2.84024 1.265
      vertex -0.509999 2.84024 1.265
    endloop
  endfacet
  facet normal 0 -0.130539 0.991443
    outer loop
      vertex -0.509999 2.2016 2.26745
      vertex -0.12 2.14365 2.25982
      vertex -0.12 2.2016 2.26745
    endloop
  endfacet
  facet normal 0 -0.130539 0.991443
    outer loop
      vertex -0.12 2.14365 2.25982
      vertex -0.509999 2.2016 2.26745
      vertex -0.509999 2.14365 2.25982
    endloop
  endfacet
  facet normal 0 0.843373 0.537329
    outer loop
      vertex -0.12 2.84024 1.935
      vertex -0.509999 2.80883 1.9843
      vertex -0.12 2.80883 1.9843
    endloop
  endfacet
  facet normal 0 0.843373 0.537329
    outer loop
      vertex -0.509999 2.80883 1.9843
      vertex -0.12 2.84024 1.935
      vertex -0.509999 2.84024 1.935
    endloop
  endfacet
  facet normal 0 0.0436303 -0.999048
    outer loop
      vertex -0.509999 2.26 0.929999
      vertex -0.12 2.31839 0.932549
      vertex -0.12 2.26 0.929999
    endloop
  endfacet
  facet normal 0 0.0436303 -0.999048
    outer loop
      vertex -0.12 2.31839 0.932549
      vertex -0.509999 2.26 0.929999
      vertex -0.509999 2.31839 0.932549
    endloop
  endfacet
  facet normal 0 -0.953691 -0.300787
    outer loop
      vertex -0.509999 1.63041 1.37085
      vertex -0.12 1.61283 1.42659
      vertex -0.509999 1.61283 1.42659
    endloop
  endfacet
  facet normal 0 -0.953691 -0.300787
    outer loop
      vertex -0.12 1.61283 1.42659
      vertex -0.509999 1.63041 1.37085
      vertex -0.12 1.63041 1.37085
    endloop
  endfacet
  facet normal 0 -0.300741 -0.953706
    outer loop
      vertex -0.509999 2.03085 0.970406
      vertex -0.12 2.08659 0.952829
      vertex -0.12 2.03085 0.970406
    endloop
  endfacet
  facet normal -0 -0.300741 -0.953706
    outer loop
      vertex -0.12 2.08659 0.952829
      vertex -0.509999 2.03085 0.970406
      vertex -0.509999 2.08659 0.952829
    endloop
  endfacet
  facet normal 0 -0.923925 0.382573
    outer loop
      vertex -0.509999 1.63041 1.82915
      vertex -0.12 1.65277 1.88315
      vertex -0.509999 1.65277 1.88315
    endloop
  endfacet
  facet normal 0 -0.923925 0.382573
    outer loop
      vertex -0.12 1.65277 1.88315
      vertex -0.509999 1.63041 1.82915
      vertex -0.12 1.63041 1.82915
    endloop
  endfacet
  facet normal 0 -0.843373 -0.537329
    outer loop
      vertex -0.509999 1.71117 1.2157
      vertex -0.12 1.67976 1.265
      vertex -0.509999 1.67976 1.265
    endloop
  endfacet
  facet normal 0 -0.843373 -0.537329
    outer loop
      vertex -0.12 1.67976 1.265
      vertex -0.509999 1.71117 1.2157
      vertex -0.12 1.71117 1.2157
    endloop
  endfacet
  facet normal 0 -0.216441 0.976296
    outer loop
      vertex -0.509999 2.14365 2.25982
      vertex -0.12 2.08659 2.24717
      vertex -0.12 2.14365 2.25982
    endloop
  endfacet
  facet normal 0 -0.216441 0.976296
    outer loop
      vertex -0.12 2.08659 2.24717
      vertex -0.509999 2.14365 2.25982
      vertex -0.509999 2.08659 2.24717
    endloop
  endfacet
  facet normal 0 0.537329 -0.843373
    outer loop
      vertex -0.509999 2.595 1.01976
      vertex -0.12 2.6443 1.05117
      vertex -0.12 2.595 1.01976
    endloop
  endfacet
  facet normal 0 0.537329 -0.843373
    outer loop
      vertex -0.12 2.6443 1.05117
      vertex -0.509999 2.595 1.01976
      vertex -0.509999 2.6443 1.05117
    endloop
  endfacet
  facet normal 0 -0.216458 -0.976292
    outer loop
      vertex -0.509999 2.08659 0.952829
      vertex -0.12 2.14365 0.940178
      vertex -0.12 2.08659 0.952829
    endloop
  endfacet
  facet normal -0 -0.216458 -0.976292
    outer loop
      vertex -0.12 2.14365 0.940178
      vertex -0.509999 2.08659 0.952829
      vertex -0.509999 2.14365 0.940178
    endloop
  endfacet
  facet normal 0 0.953691 -0.300787
    outer loop
      vertex -0.12 2.88959 1.37085
      vertex -0.509999 2.90717 1.42659
      vertex -0.12 2.90717 1.42659
    endloop
  endfacet
  facet normal 0 0.953691 -0.300787
    outer loop
      vertex -0.509999 2.90717 1.42659
      vertex -0.12 2.88959 1.37085
      vertex -0.509999 2.88959 1.37085
    endloop
  endfacet
  facet normal 0 -0.608751 0.793361
    outer loop
      vertex -0.509999 1.8757 2.14883
      vertex -0.12 1.82933 2.11325
      vertex -0.12 1.8757 2.14883
    endloop
  endfacet
  facet normal 0 -0.608751 0.793361
    outer loop
      vertex -0.12 1.82933 2.11325
      vertex -0.509999 1.8757 2.14883
      vertex -0.509999 1.82933 2.11325
    endloop
  endfacet
  facet normal 0 0.887021 0.46173
    outer loop
      vertex -0.12 2.86723 1.88315
      vertex -0.509999 2.84024 1.935
      vertex -0.12 2.84024 1.935
    endloop
  endfacet
  facet normal 0 0.887021 0.46173
    outer loop
      vertex -0.509999 2.84024 1.935
      vertex -0.12 2.86723 1.88315
      vertex -0.509999 2.86723 1.88315
    endloop
  endfacet
  facet normal 0 0.793361 0.608751
    outer loop
      vertex -0.12 2.80883 1.9843
      vertex -0.509999 2.77325 2.03067
      vertex -0.12 2.77325 2.03067
    endloop
  endfacet
  facet normal 0 0.793361 0.608751
    outer loop
      vertex -0.509999 2.77325 2.03067
      vertex -0.12 2.80883 1.9843
      vertex -0.509999 2.80883 1.9843
    endloop
  endfacet
  facet normal 0 0.675639 -0.737232
    outer loop
      vertex -0.509999 2.69067 1.08675
      vertex -0.12 2.73376 1.12624
      vertex -0.12 2.69067 1.08675
    endloop
  endfacet
  facet normal 0 0.675639 -0.737232
    outer loop
      vertex -0.12 2.73376 1.12624
      vertex -0.509999 2.69067 1.08675
      vertex -0.509999 2.73376 1.12624
    endloop
  endfacet
  facet normal 0 0.976296 -0.216441
    outer loop
      vertex -0.12 2.90717 1.42659
      vertex -0.509999 2.91982 1.48365
      vertex -0.12 2.91982 1.48365
    endloop
  endfacet
  facet normal 0 0.976296 -0.216441
    outer loop
      vertex -0.509999 2.91982 1.48365
      vertex -0.12 2.90717 1.42659
      vertex -0.509999 2.90717 1.42659
    endloop
  endfacet
  facet normal 0 0.737232 0.675639
    outer loop
      vertex -0.12 2.77325 2.03067
      vertex -0.509999 2.73376 2.07376
      vertex -0.12 2.73376 2.07376
    endloop
  endfacet
  facet normal 0 0.737232 0.675639
    outer loop
      vertex -0.509999 2.73376 2.07376
      vertex -0.12 2.77325 2.03067
      vertex -0.509999 2.77325 2.03067
    endloop
  endfacet
  facet normal 0 0.737232 -0.675639
    outer loop
      vertex -0.12 2.73376 1.12624
      vertex -0.509999 2.77325 1.16933
      vertex -0.12 2.77325 1.16933
    endloop
  endfacet
  facet normal 0 0.737232 -0.675639
    outer loop
      vertex -0.509999 2.77325 1.16933
      vertex -0.12 2.73376 1.12624
      vertex -0.509999 2.73376 1.12624
    endloop
  endfacet
  facet normal -0 0.300787 0.953691
    outer loop
      vertex -0.509999 2.48915 2.22959
      vertex -0.12 2.43341 2.24717
      vertex -0.12 2.48915 2.22959
    endloop
  endfacet
  facet normal 0 0.300787 0.953691
    outer loop
      vertex -0.12 2.43341 2.24717
      vertex -0.509999 2.48915 2.22959
      vertex -0.509999 2.43341 2.24717
    endloop
  endfacet
  facet normal 0 0.130522 -0.991445
    outer loop
      vertex -0.509999 2.31839 0.932549
      vertex -0.12 2.37634 0.940178
      vertex -0.12 2.31839 0.932549
    endloop
  endfacet
  facet normal 0 0.130522 -0.991445
    outer loop
      vertex -0.12 2.37634 0.940178
      vertex -0.509999 2.31839 0.932549
      vertex -0.509999 2.37634 0.940178
    endloop
  endfacet
  facet normal -0 0.537329 0.843373
    outer loop
      vertex -0.509999 2.6443 2.14883
      vertex -0.12 2.595 2.18024
      vertex -0.12 2.6443 2.14883
    endloop
  endfacet
  facet normal 0 0.537329 0.843373
    outer loop
      vertex -0.12 2.595 2.18024
      vertex -0.509999 2.6443 2.14883
      vertex -0.509999 2.595 2.18024
    endloop
  endfacet
  facet normal 0 -0.675639 0.737232
    outer loop
      vertex -0.509999 1.82933 2.11325
      vertex -0.12 1.78624 2.07376
      vertex -0.12 1.82933 2.11325
    endloop
  endfacet
  facet normal 0 -0.675639 0.737232
    outer loop
      vertex -0.12 1.78624 2.07376
      vertex -0.509999 1.82933 2.11325
      vertex -0.509999 1.78624 2.07376
    endloop
  endfacet
  facet normal 0 -0.0436228 -0.999048
    outer loop
      vertex -0.509999 2.2016 0.932549
      vertex -0.12 2.26 0.929999
      vertex -0.12 2.2016 0.932549
    endloop
  endfacet
  facet normal -0 -0.0436228 -0.999048
    outer loop
      vertex -0.12 2.26 0.929999
      vertex -0.509999 2.2016 0.932549
      vertex -0.509999 2.26 0.929999
    endloop
  endfacet
  facet normal 0 0.843373 -0.537329
    outer loop
      vertex -0.12 2.80883 1.2157
      vertex -0.509999 2.84024 1.265
      vertex -0.12 2.84024 1.265
    endloop
  endfacet
  facet normal 0 0.843373 -0.537329
    outer loop
      vertex -0.509999 2.84024 1.265
      vertex -0.12 2.80883 1.2157
      vertex -0.509999 2.80883 1.2157
    endloop
  endfacet
  facet normal -0 0.216405 0.976304
    outer loop
      vertex -0.509999 2.43341 2.24717
      vertex -0.12 2.37634 2.25982
      vertex -0.12 2.43341 2.24717
    endloop
  endfacet
  facet normal 0 0.216405 0.976304
    outer loop
      vertex -0.12 2.37634 2.25982
      vertex -0.509999 2.43341 2.24717
      vertex -0.509999 2.37634 2.25982
    endloop
  endfacet
  facet normal 0 -0.999048 -0.0436228
    outer loop
      vertex -0.509999 1.59255 1.5416
      vertex -0.12 1.59 1.6
      vertex -0.509999 1.59 1.6
    endloop
  endfacet
  facet normal 0 -0.999048 -0.0436228
    outer loop
      vertex -0.12 1.59 1.6
      vertex -0.509999 1.59255 1.5416
      vertex -0.12 1.59255 1.5416
    endloop
  endfacet
  facet normal 0 -0.843373 0.537329
    outer loop
      vertex -0.509999 1.67976 1.935
      vertex -0.12 1.71117 1.9843
      vertex -0.509999 1.71117 1.9843
    endloop
  endfacet
  facet normal 0 -0.843373 0.537329
    outer loop
      vertex -0.12 1.71117 1.9843
      vertex -0.509999 1.67976 1.935
      vertex -0.12 1.67976 1.935
    endloop
  endfacet
  facet normal 0 -0.92395 -0.382513
    outer loop
      vertex -0.509999 1.65277 1.31684
      vertex -0.12 1.63041 1.37085
      vertex -0.509999 1.63041 1.37085
    endloop
  endfacet
  facet normal 0 -0.92395 -0.382513
    outer loop
      vertex -0.12 1.63041 1.37085
      vertex -0.509999 1.65277 1.31684
      vertex -0.12 1.65277 1.31684
    endloop
  endfacet
  facet normal -0 0.608751 0.793361
    outer loop
      vertex -0.509999 2.69067 2.11325
      vertex -0.12 2.6443 2.14883
      vertex -0.12 2.69067 2.11325
    endloop
  endfacet
  facet normal 0 0.608751 0.793361
    outer loop
      vertex -0.12 2.6443 2.14883
      vertex -0.509999 2.69067 2.11325
      vertex -0.509999 2.6443 2.14883
    endloop
  endfacet
  facet normal 0 0.991443 0.130539
    outer loop
      vertex -0.12 2.92745 1.65839
      vertex -0.509999 2.91982 1.71634
      vertex -0.12 2.91982 1.71634
    endloop
  endfacet
  facet normal 0 0.991443 0.130539
    outer loop
      vertex -0.509999 2.91982 1.71634
      vertex -0.12 2.92745 1.65839
      vertex -0.509999 2.92745 1.65839
    endloop
  endfacet
  facet normal 0 0.999048 0.0436303
    outer loop
      vertex -0.12 2.93 1.6
      vertex -0.509999 2.92745 1.65839
      vertex -0.12 2.92745 1.65839
    endloop
  endfacet
  facet normal 0 0.999048 0.0436303
    outer loop
      vertex -0.509999 2.92745 1.65839
      vertex -0.12 2.93 1.6
      vertex -0.509999 2.93 1.6
    endloop
  endfacet
  facet normal 0 -0.382676 -0.923883
    outer loop
      vertex -0.509999 1.97685 0.992773
      vertex -0.12 2.03085 0.970406
      vertex -0.12 1.97685 0.992773
    endloop
  endfacet
  facet normal -0 -0.382676 -0.923883
    outer loop
      vertex -0.12 2.03085 0.970406
      vertex -0.509999 1.97685 0.992773
      vertex -0.509999 2.03085 0.970406
    endloop
  endfacet
  facet normal -0 0.0436303 0.999048
    outer loop
      vertex -0.509999 2.31839 2.26745
      vertex -0.12 2.26 2.27
      vertex -0.12 2.31839 2.26745
    endloop
  endfacet
  facet normal 0 0.0436303 0.999048
    outer loop
      vertex -0.12 2.26 2.27
      vertex -0.509999 2.31839 2.26745
      vertex -0.509999 2.26 2.27
    endloop
  endfacet
  facet normal 0 -0.461689 -0.887042
    outer loop
      vertex -0.509999 1.925 1.01976
      vertex -0.12 1.97685 0.992773
      vertex -0.12 1.925 1.01976
    endloop
  endfacet
  facet normal -0 -0.461689 -0.887042
    outer loop
      vertex -0.12 1.97685 0.992773
      vertex -0.509999 1.925 1.01976
      vertex -0.509999 1.97685 0.992773
    endloop
  endfacet
  facet normal 0 0.300741 -0.953706
    outer loop
      vertex -0.509999 2.43341 0.952829
      vertex -0.12 2.48915 0.970406
      vertex -0.12 2.43341 0.952829
    endloop
  endfacet
  facet normal 0 0.300741 -0.953706
    outer loop
      vertex -0.12 2.48915 0.970406
      vertex -0.509999 2.43341 0.952829
      vertex -0.509999 2.48915 0.970406
    endloop
  endfacet
  facet normal 0 0.793361 -0.608751
    outer loop
      vertex -0.12 2.77325 1.16933
      vertex -0.509999 2.80883 1.2157
      vertex -0.12 2.80883 1.2157
    endloop
  endfacet
  facet normal 0 0.793361 -0.608751
    outer loop
      vertex -0.509999 2.80883 1.2157
      vertex -0.12 2.77325 1.16933
      vertex -0.509999 2.77325 1.16933
    endloop
  endfacet
  facet normal 0 0.382676 -0.923883
    outer loop
      vertex -0.509999 2.48915 0.970406
      vertex -0.12 2.54315 0.992773
      vertex -0.12 2.48915 0.970406
    endloop
  endfacet
  facet normal 0 0.382676 -0.923883
    outer loop
      vertex -0.12 2.54315 0.992773
      vertex -0.509999 2.48915 0.970406
      vertex -0.509999 2.54315 0.992773
    endloop
  endfacet
  facet normal 0 -0.887021 0.46173
    outer loop
      vertex -0.509999 1.65277 1.88315
      vertex -0.12 1.67976 1.935
      vertex -0.509999 1.67976 1.935
    endloop
  endfacet
  facet normal 0 -0.887021 0.46173
    outer loop
      vertex -0.12 1.67976 1.935
      vertex -0.509999 1.65277 1.88315
      vertex -0.12 1.65277 1.88315
    endloop
  endfacet
  facet normal 0 0.461689 -0.887042
    outer loop
      vertex -0.509999 2.54315 0.992773
      vertex -0.12 2.595 1.01976
      vertex -0.12 2.54315 0.992773
    endloop
  endfacet
  facet normal 0 0.461689 -0.887042
    outer loop
      vertex -0.12 2.595 1.01976
      vertex -0.509999 2.54315 0.992773
      vertex -0.509999 2.595 1.01976
    endloop
  endfacet
  facet normal -0 0.675639 0.737232
    outer loop
      vertex -0.509999 2.73376 2.07376
      vertex -0.12 2.69067 2.11325
      vertex -0.12 2.73376 2.07376
    endloop
  endfacet
  facet normal 0 0.675639 0.737232
    outer loop
      vertex -0.12 2.69067 2.11325
      vertex -0.509999 2.73376 2.07376
      vertex -0.509999 2.69067 2.11325
    endloop
  endfacet
  facet normal 0 -0.793361 0.608751
    outer loop
      vertex -0.509999 1.71117 1.9843
      vertex -0.12 1.74675 2.03067
      vertex -0.509999 1.74675 2.03067
    endloop
  endfacet
  facet normal 0 -0.793361 0.608751
    outer loop
      vertex -0.12 1.74675 2.03067
      vertex -0.509999 1.71117 1.9843
      vertex -0.12 1.71117 1.9843
    endloop
  endfacet
  facet normal 0 -0.537329 -0.843373
    outer loop
      vertex -0.509999 1.8757 1.05117
      vertex -0.12 1.925 1.01976
      vertex -0.12 1.8757 1.05117
    endloop
  endfacet
  facet normal -0 -0.537329 -0.843373
    outer loop
      vertex -0.12 1.925 1.01976
      vertex -0.509999 1.8757 1.05117
      vertex -0.509999 1.925 1.01976
    endloop
  endfacet
  facet normal 0 -0.130522 -0.991445
    outer loop
      vertex -0.509999 2.14365 0.940178
      vertex -0.12 2.2016 0.932549
      vertex -0.12 2.14365 0.940178
    endloop
  endfacet
  facet normal -0 -0.130522 -0.991445
    outer loop
      vertex -0.12 2.2016 0.932549
      vertex -0.509999 2.14365 0.940178
      vertex -0.509999 2.2016 0.932549
    endloop
  endfacet
  facet normal 0 0.991443 -0.130539
    outer loop
      vertex -0.12 2.91982 1.48365
      vertex -0.509999 2.92745 1.5416
      vertex -0.12 2.92745 1.5416
    endloop
  endfacet
  facet normal 0 0.991443 -0.130539
    outer loop
      vertex -0.509999 2.92745 1.5416
      vertex -0.12 2.91982 1.48365
      vertex -0.509999 2.91982 1.48365
    endloop
  endfacet
  facet normal 0 0.92395 -0.382513
    outer loop
      vertex -0.12 2.86723 1.31684
      vertex -0.509999 2.88959 1.37085
      vertex -0.12 2.88959 1.37085
    endloop
  endfacet
  facet normal 0 0.92395 -0.382513
    outer loop
      vertex -0.509999 2.88959 1.37085
      vertex -0.12 2.86723 1.31684
      vertex -0.509999 2.86723 1.31684
    endloop
  endfacet
  facet normal 0 -0.991443 0.130539
    outer loop
      vertex -0.509999 1.59255 1.65839
      vertex -0.12 1.60018 1.71634
      vertex -0.509999 1.60018 1.71634
    endloop
  endfacet
  facet normal 0 -0.991443 0.130539
    outer loop
      vertex -0.12 1.60018 1.71634
      vertex -0.509999 1.59255 1.65839
      vertex -0.12 1.59255 1.65839
    endloop
  endfacet
  facet normal 0 -0.991443 -0.130539
    outer loop
      vertex -0.509999 1.60018 1.48365
      vertex -0.12 1.59255 1.5416
      vertex -0.509999 1.59255 1.5416
    endloop
  endfacet
  facet normal 0 -0.991443 -0.130539
    outer loop
      vertex -0.12 1.59255 1.5416
      vertex -0.509999 1.60018 1.48365
      vertex -0.12 1.60018 1.48365
    endloop
  endfacet
  facet normal 0 -0.976296 -0.216441
    outer loop
      vertex -0.509999 1.61283 1.42659
      vertex -0.12 1.60018 1.48365
      vertex -0.509999 1.60018 1.48365
    endloop
  endfacet
  facet normal 0 -0.976296 -0.216441
    outer loop
      vertex -0.12 1.60018 1.48365
      vertex -0.509999 1.61283 1.42659
      vertex -0.12 1.61283 1.42659
    endloop
  endfacet
  facet normal 0 -0.300787 0.953691
    outer loop
      vertex -0.509999 2.08659 2.24717
      vertex -0.12 2.03085 2.22959
      vertex -0.12 2.08659 2.24717
    endloop
  endfacet
  facet normal 0 -0.300787 0.953691
    outer loop
      vertex -0.12 2.03085 2.22959
      vertex -0.509999 2.08659 2.24717
      vertex -0.509999 2.03085 2.22959
    endloop
  endfacet
  facet normal -0 0.130539 0.991443
    outer loop
      vertex -0.509999 2.37634 2.25982
      vertex -0.12 2.31839 2.26745
      vertex -0.12 2.37634 2.25982
    endloop
  endfacet
  facet normal 0 0.130539 0.991443
    outer loop
      vertex -0.12 2.31839 2.26745
      vertex -0.509999 2.37634 2.25982
      vertex -0.509999 2.31839 2.26745
    endloop
  endfacet
  facet normal 0 0.999048 -0.0436228
    outer loop
      vertex -0.12 2.92745 1.5416
      vertex -0.509999 2.93 1.6
      vertex -0.12 2.93 1.6
    endloop
  endfacet
  facet normal 0 0.999048 -0.0436228
    outer loop
      vertex -0.509999 2.93 1.6
      vertex -0.12 2.92745 1.5416
      vertex -0.509999 2.92745 1.5416
    endloop
  endfacet
  facet normal 0 0.608751 -0.793361
    outer loop
      vertex -0.509999 2.6443 1.05117
      vertex -0.12 2.69067 1.08675
      vertex -0.12 2.6443 1.05117
    endloop
  endfacet
  facet normal 0 0.608751 -0.793361
    outer loop
      vertex -0.12 2.69067 1.08675
      vertex -0.509999 2.6443 1.05117
      vertex -0.509999 2.69067 1.08675
    endloop
  endfacet
  facet normal 0 -0.46173 0.887021
    outer loop
      vertex -0.509999 1.97685 2.20723
      vertex -0.12 1.925 2.18024
      vertex -0.12 1.97685 2.20723
    endloop
  endfacet
  facet normal 0 -0.46173 0.887021
    outer loop
      vertex -0.12 1.925 2.18024
      vertex -0.509999 1.97685 2.20723
      vertex -0.509999 1.925 2.18024
    endloop
  endfacet
  facet normal 0 -0.737232 -0.675639
    outer loop
      vertex -0.509999 1.78624 1.12624
      vertex -0.12 1.74675 1.16933
      vertex -0.509999 1.74675 1.16933
    endloop
  endfacet
  facet normal 0 -0.737232 -0.675639
    outer loop
      vertex -0.12 1.74675 1.16933
      vertex -0.509999 1.78624 1.12624
      vertex -0.12 1.78624 1.12624
    endloop
  endfacet
  facet normal 0 -0.886984 -0.4618
    outer loop
      vertex -0.509999 1.67976 1.265
      vertex -0.12 1.65277 1.31684
      vertex -0.509999 1.65277 1.31684
    endloop
  endfacet
  facet normal 0 -0.886984 -0.4618
    outer loop
      vertex -0.12 1.65277 1.31684
      vertex -0.509999 1.67976 1.265
      vertex -0.12 1.67976 1.265
    endloop
  endfacet
  facet normal 0 -0.737232 0.675639
    outer loop
      vertex -0.509999 1.74675 2.03067
      vertex -0.12 1.78624 2.07376
      vertex -0.509999 1.78624 2.07376
    endloop
  endfacet
  facet normal 0 -0.737232 0.675639
    outer loop
      vertex -0.12 1.78624 2.07376
      vertex -0.509999 1.74675 2.03067
      vertex -0.12 1.74675 2.03067
    endloop
  endfacet
  facet normal -0 0.382573 0.923925
    outer loop
      vertex -0.509999 2.54315 2.20723
      vertex -0.12 2.48915 2.22959
      vertex -0.12 2.54315 2.20723
    endloop
  endfacet
  facet normal 0 0.382573 0.923925
    outer loop
      vertex -0.12 2.48915 2.22959
      vertex -0.509999 2.54315 2.20723
      vertex -0.509999 2.48915 2.22959
    endloop
  endfacet
  facet normal 0 0.953691 0.300787
    outer loop
      vertex -0.12 2.90717 1.77341
      vertex -0.509999 2.88959 1.82915
      vertex -0.12 2.88959 1.82915
    endloop
  endfacet
  facet normal 0 0.953691 0.300787
    outer loop
      vertex -0.509999 2.88959 1.82915
      vertex -0.12 2.90717 1.77341
      vertex -0.509999 2.90717 1.77341
    endloop
  endfacet
  facet normal 0 0.923925 0.382573
    outer loop
      vertex -0.12 2.88959 1.82915
      vertex -0.509999 2.86723 1.88315
      vertex -0.12 2.86723 1.88315
    endloop
  endfacet
  facet normal 0 0.923925 0.382573
    outer loop
      vertex -0.509999 2.86723 1.88315
      vertex -0.12 2.88959 1.82915
      vertex -0.509999 2.88959 1.82915
    endloop
  endfacet
  facet normal 0 -0.675639 -0.737232
    outer loop
      vertex -0.509999 1.78624 1.12624
      vertex -0.12 1.82933 1.08675
      vertex -0.12 1.78624 1.12624
    endloop
  endfacet
  facet normal -0 -0.675639 -0.737232
    outer loop
      vertex -0.12 1.82933 1.08675
      vertex -0.509999 1.78624 1.12624
      vertex -0.509999 1.82933 1.08675
    endloop
  endfacet
  facet normal -1 0 0
    outer loop
      vertex -0.509999 2.91059 1.54995
      vertex -0.509999 2.93 1.6
      vertex -0.509999 2.92745 1.5416
    endloop
  endfacet
  facet normal -1 0 0
    outer loop
      vertex -0.509999 2.90375 1.49344
      vertex -0.509999 2.92745 1.5416
      vertex -0.509999 2.91982 1.48365
    endloop
  endfacet
  facet normal -1 -0 0
    outer loop
      vertex -0.509999 2.93 1.6
      vertex -0.509999 2.91059 1.54995
      vertex -0.509999 2.91277 1.6
    endloop
  endfacet
  facet normal -1 0 0
    outer loop
      vertex -0.509999 2.93 1.6
      vertex -0.509999 2.91059 1.65005
      vertex -0.509999 2.92745 1.65839
    endloop
  endfacet
  facet normal -1 0 0
    outer loop
      vertex -0.509999 2.91059 1.65005
      vertex -0.509999 2.93 1.6
      vertex -0.509999 2.91277 1.6
    endloop
  endfacet
  facet normal -1 0 0
    outer loop
      vertex -0.509999 2.92745 1.5416
      vertex -0.509999 2.91029 1.54311
      vertex -0.509999 2.91059 1.54995
    endloop
  endfacet
  facet normal -1 0 0
    outer loop
      vertex -0.509999 2.89201 1.43773
      vertex -0.509999 2.91982 1.48365
      vertex -0.509999 2.90717 1.42659
    endloop
  endfacet
  facet normal -1 -0 0
    outer loop
      vertex -0.509999 2.92745 1.5416
      vertex -0.509999 2.90375 1.49344
      vertex -0.509999 2.91029 1.54311
    endloop
  endfacet
  facet normal -1 0 0
    outer loop
      vertex -0.509999 2.91982 1.48365
      vertex -0.509999 2.90285 1.48665
      vertex -0.509999 2.90375 1.49344
    endloop
  endfacet
  facet normal -1 -0 0
    outer loop
      vertex -0.509999 2.91982 1.48365
      vertex -0.509999 2.89201 1.43773
      vertex -0.509999 2.90285 1.48665
    endloop
  endfacet
  facet normal -1 0 0
    outer loop
      vertex -0.509999 2.90717 1.42659
      vertex -0.509999 2.89053 1.43105
      vertex -0.509999 2.89201 1.43773
    endloop
  endfacet
  facet normal -1 0 0
    outer loop
      vertex -0.509999 2.88847 1.42452
      vertex -0.509999 2.90717 1.42659
      vertex -0.509999 2.88959 1.37085
    endloop
  endfacet
  facet normal -1 -0 0
    outer loop
      vertex -0.509999 2.90717 1.42659
      vertex -0.509999 2.88847 1.42452
      vertex -0.509999 2.89053 1.43105
    endloop
  endfacet
  facet normal -1 0 0
    outer loop
      vertex -0.509999 2.88959 1.37085
      vertex -0.509999 2.8734 1.37674
      vertex -0.509999 2.88847 1.42452
    endloop
  endfacet
  facet normal -1 0 0
    outer loop
      vertex -0.509999 2.85423 1.33045
      vertex -0.509999 2.88959 1.37085
      vertex -0.509999 2.86723 1.31684
    endloop
  endfacet
  facet normal -1 -0 0
    outer loop
      vertex -0.509999 2.88959 1.37085
      vertex -0.509999 2.85423 1.33045
      vertex -0.509999 2.8734 1.37674
    endloop
  endfacet
  facet normal -1 0 0
    outer loop
      vertex -0.509999 2.86723 1.31684
      vertex -0.509999 2.85161 1.32413
      vertex -0.509999 2.85423 1.33045
    endloop
  endfacet
  facet normal -1 0 0
    outer loop
      vertex -0.509999 2.86723 1.31684
      vertex -0.509999 2.84845 1.31805
      vertex -0.509999 2.85161 1.32413
    endloop
  endfacet
  facet normal -1 0 0
    outer loop
      vertex -0.509999 2.84024 1.265
      vertex -0.509999 2.84845 1.31805
      vertex -0.509999 2.86723 1.31684
    endloop
  endfacet
  facet normal -1 0 0
    outer loop
      vertex -0.509999 2.84024 1.265
      vertex -0.509999 2.82532 1.27361
      vertex -0.509999 2.84845 1.31805
    endloop
  endfacet
  facet normal -1 0 0
    outer loop
      vertex -0.509999 2.84024 1.265
      vertex -0.509999 2.82164 1.26784
      vertex -0.509999 2.82532 1.27361
    endloop
  endfacet
  facet normal -1 0 0
    outer loop
      vertex -0.509999 2.80883 1.2157
      vertex -0.509999 2.82164 1.26784
      vertex -0.509999 2.84024 1.265
    endloop
  endfacet
  facet normal -1 0 0
    outer loop
      vertex -0.509999 2.80883 1.2157
      vertex -0.509999 2.79472 1.22558
      vertex -0.509999 2.82164 1.26784
    endloop
  endfacet
  facet normal -1 0 0
    outer loop
      vertex -0.509999 2.76422 1.18584
      vertex -0.509999 2.80883 1.2157
      vertex -0.509999 2.77325 1.16933
    endloop
  endfacet
  facet normal -1 -0 0
    outer loop
      vertex -0.509999 2.80883 1.2157
      vertex -0.509999 2.76422 1.18584
      vertex -0.509999 2.79472 1.22558
    endloop
  endfacet
  facet normal -1 0 0
    outer loop
      vertex -0.509999 2.77325 1.16933
      vertex -0.509999 2.76005 1.18041
      vertex -0.509999 2.76422 1.18584
    endloop
  endfacet
  facet normal -1 0 0
    outer loop
      vertex -0.509999 2.77325 1.16933
      vertex -0.509999 2.75543 1.17536
      vertex -0.509999 2.76005 1.18041
    endloop
  endfacet
  facet normal -1 0 0
    outer loop
      vertex -0.509999 2.73376 1.12624
      vertex -0.509999 2.75543 1.17536
      vertex -0.509999 2.77325 1.16933
    endloop
  endfacet
  facet normal -1 0 0
    outer loop
      vertex -0.509999 2.73376 1.12624
      vertex -0.509999 2.72158 1.13842
      vertex -0.509999 2.75543 1.17536
    endloop
  endfacet
  facet normal -1 0 0
    outer loop
      vertex -0.509999 2.73376 1.12624
      vertex -0.509999 2.71653 1.13379
      vertex -0.509999 2.72158 1.13842
    endloop
  endfacet
  facet normal -1 0 0
    outer loop
      vertex -0.509999 2.69067 1.08675
      vertex -0.509999 2.71653 1.13379
      vertex -0.509999 2.73376 1.12624
    endloop
  endfacet
  facet normal -1 0 0
    outer loop
      vertex -0.509999 2.69067 1.08675
      vertex -0.509999 2.67959 1.09995
      vertex -0.509999 2.71653 1.13379
    endloop
  endfacet
  facet normal -1 0 0
    outer loop
      vertex -0.509999 2.63985 1.06945
      vertex -0.509999 2.69067 1.08675
      vertex -0.509999 2.6443 1.05117
    endloop
  endfacet
  facet normal -1 -0 0
    outer loop
      vertex -0.509999 2.69067 1.08675
      vertex -0.509999 2.63985 1.06945
      vertex -0.509999 2.67959 1.09995
    endloop
  endfacet
  facet normal -1 0 0
    outer loop
      vertex -0.509999 2.6443 1.05117
      vertex -0.509999 2.63441 1.06528
      vertex -0.509999 2.63985 1.06945
    endloop
  endfacet
  facet normal -1 0 0
    outer loop
      vertex -0.509999 2.59216 1.03836
      vertex -0.509999 2.6443 1.05117
      vertex -0.509999 2.595 1.01976
    endloop
  endfacet
  facet normal -1 -0 0
    outer loop
      vertex -0.509999 2.6443 1.05117
      vertex -0.509999 2.59216 1.03836
      vertex -0.509999 2.63441 1.06528
    endloop
  endfacet
  facet normal -1 0 0
    outer loop
      vertex -0.509999 2.595 1.01976
      vertex -0.509999 2.58639 1.03468
      vertex -0.509999 2.59216 1.03836
    endloop
  endfacet
  facet normal -1 0 0
    outer loop
      vertex -0.509999 2.595 1.01976
      vertex -0.509999 2.58031 1.03152
      vertex -0.509999 2.58639 1.03468
    endloop
  endfacet
  facet normal -1 0 0
    outer loop
      vertex -0.509999 2.54315 0.992773
      vertex -0.509999 2.58031 1.03152
      vertex -0.509999 2.595 1.01976
    endloop
  endfacet
  facet normal -1 0 0
    outer loop
      vertex -0.509999 2.54315 0.992773
      vertex -0.509999 2.53587 1.00839
      vertex -0.509999 2.58031 1.03152
    endloop
  endfacet
  facet normal -1 0 0
    outer loop
      vertex -0.509999 2.54315 0.992773
      vertex -0.509999 2.52955 1.00577
      vertex -0.509999 2.53587 1.00839
    endloop
  endfacet
  facet normal -1 0 0
    outer loop
      vertex -0.509999 2.48915 0.970406
      vertex -0.509999 2.52955 1.00577
      vertex -0.509999 2.54315 0.992773
    endloop
  endfacet
  facet normal -1 0 0
    outer loop
      vertex -0.509999 2.48915 0.970406
      vertex -0.509999 2.48326 0.986595
      vertex -0.509999 2.52955 1.00577
    endloop
  endfacet
  facet normal -1 0 0
    outer loop
      vertex -0.509999 2.48915 0.970406
      vertex -0.509999 2.47673 0.984536
      vertex -0.509999 2.48326 0.986595
    endloop
  endfacet
  facet normal -1 0 0
    outer loop
      vertex -0.509999 2.43341 0.952829
      vertex -0.509999 2.47673 0.984536
      vertex -0.509999 2.48915 0.970406
    endloop
  endfacet
  facet normal -1 0 0
    outer loop
      vertex -0.509999 2.43341 0.952829
      vertex -0.509999 2.42895 0.969471
      vertex -0.509999 2.47673 0.984536
    endloop
  endfacet
  facet normal -1 0 0
    outer loop
      vertex -0.509999 2.43341 0.952829
      vertex -0.509999 2.38004 0.958626
      vertex -0.509999 2.42895 0.969471
    endloop
  endfacet
  facet normal -1 0 0
    outer loop
      vertex -0.509999 2.37634 0.940178
      vertex -0.509999 2.38004 0.958626
      vertex -0.509999 2.43341 0.952829
    endloop
  endfacet
  facet normal -1 0 0
    outer loop
      vertex -0.509999 2.37634 0.940178
      vertex -0.509999 2.37335 0.957144
      vertex -0.509999 2.38004 0.958626
    endloop
  endfacet
  facet normal -1 0 0
    outer loop
      vertex -0.509999 2.37634 0.940178
      vertex -0.509999 2.36656 0.956251
      vertex -0.509999 2.37335 0.957144
    endloop
  endfacet
  facet normal -1 0 0
    outer loop
      vertex -0.509999 2.31839 0.932549
      vertex -0.509999 2.36656 0.956251
      vertex -0.509999 2.37634 0.940178
    endloop
  endfacet
  facet normal -1 0 0
    outer loop
      vertex -0.509999 2.31839 0.932549
      vertex -0.509999 2.31689 0.949712
      vertex -0.509999 2.36656 0.956251
    endloop
  endfacet
  facet normal -1 0 0
    outer loop
      vertex -0.509999 2.31839 0.932549
      vertex -0.509999 2.31005 0.949413
      vertex -0.509999 2.31689 0.949712
    endloop
  endfacet
  facet normal -1 0 0
    outer loop
      vertex -0.509999 2.26 0.929999
      vertex -0.509999 2.31005 0.949413
      vertex -0.509999 2.31839 0.932549
    endloop
  endfacet
  facet normal -1 0 0
    outer loop
      vertex -0.509999 2.26 0.929999
      vertex -0.509999 2.26 0.947228
      vertex -0.509999 2.31005 0.949413
    endloop
  endfacet
  facet normal -1 0 0
    outer loop
      vertex -0.509999 2.26 0.929999
      vertex -0.509999 2.20995 0.949413
      vertex -0.509999 2.26 0.947228
    endloop
  endfacet
  facet normal -1 0 0
    outer loop
      vertex -0.509999 2.2016 0.932549
      vertex -0.509999 2.20995 0.949413
      vertex -0.509999 2.26 0.929999
    endloop
  endfacet
  facet normal -1 -0 0
    outer loop
      vertex -0.509999 2.20995 0.949413
      vertex -0.509999 2.2016 0.932549
      vertex -0.509999 2.20311 0.949712
    endloop
  endfacet
  facet normal -1 0 0
    outer loop
      vertex -0.509999 2.2016 0.932549
      vertex -0.509999 2.15343 0.956251
      vertex -0.509999 2.20311 0.949712
    endloop
  endfacet
  facet normal -1 0 0
    outer loop
      vertex -0.509999 2.14365 0.940178
      vertex -0.509999 2.15343 0.956251
      vertex -0.509999 2.2016 0.932549
    endloop
  endfacet
  facet normal -1 -0 0
    outer loop
      vertex -0.509999 2.15343 0.956251
      vertex -0.509999 2.14365 0.940178
      vertex -0.509999 2.14665 0.957144
    endloop
  endfacet
  facet normal -1 0 0
    outer loop
      vertex -0.509999 2.14365 0.940178
      vertex -0.509999 2.13996 0.958626
      vertex -0.509999 2.14665 0.957144
    endloop
  endfacet
  facet normal -1 0 0
    outer loop
      vertex -0.509999 2.08659 0.952829
      vertex -0.509999 2.13996 0.958626
      vertex -0.509999 2.14365 0.940178
    endloop
  endfacet
  facet normal -1 -0 0
    outer loop
      vertex -0.509999 2.13996 0.958626
      vertex -0.509999 2.08659 0.952829
      vertex -0.509999 2.09105 0.969471
    endloop
  endfacet
  facet normal -1 0 0
    outer loop
      vertex -0.509999 2.08659 0.952829
      vertex -0.509999 2.04327 0.984536
      vertex -0.509999 2.09105 0.969471
    endloop
  endfacet
  facet normal -1 0 0
    outer loop
      vertex -0.509999 2.03085 0.970406
      vertex -0.509999 2.04327 0.984536
      vertex -0.509999 2.08659 0.952829
    endloop
  endfacet
  facet normal -1 -0 0
    outer loop
      vertex -0.509999 2.04327 0.984536
      vertex -0.509999 2.03085 0.970406
      vertex -0.509999 2.03674 0.986595
    endloop
  endfacet
  facet normal -1 0 0
    outer loop
      vertex -0.509999 2.03085 0.970406
      vertex -0.509999 2.03041 0.989215
      vertex -0.509999 2.03674 0.986595
    endloop
  endfacet
  facet normal -1 0 0
    outer loop
      vertex -0.509999 1.97685 0.992773
      vertex -0.509999 2.03041 0.989215
      vertex -0.509999 2.03085 0.970406
    endloop
  endfacet
  facet normal -1 0 0
    outer loop
      vertex -0.509999 2.03041 0.989215
      vertex -0.509999 1.97685 0.992773
      vertex -0.509999 1.98413 1.00839
    endloop
  endfacet
  facet normal -1 0 0
    outer loop
      vertex -0.509999 1.97685 0.992773
      vertex -0.509999 1.93969 1.03152
      vertex -0.509999 1.98413 1.00839
    endloop
  endfacet
  facet normal -1 0 0
    outer loop
      vertex -0.509999 1.925 1.01976
      vertex -0.509999 1.93969 1.03152
      vertex -0.509999 1.97685 0.992773
    endloop
  endfacet
  facet normal -1 -0 0
    outer loop
      vertex -0.509999 1.93969 1.03152
      vertex -0.509999 1.925 1.01976
      vertex -0.509999 1.93361 1.03468
    endloop
  endfacet
  facet normal -1 -0 0
    outer loop
      vertex -0.509999 1.93361 1.03468
      vertex -0.509999 1.925 1.01976
      vertex -0.509999 1.92784 1.03836
    endloop
  endfacet
  facet normal -1 0 0
    outer loop
      vertex -0.509999 1.8757 1.05117
      vertex -0.509999 1.92784 1.03836
      vertex -0.509999 1.925 1.01976
    endloop
  endfacet
  facet normal -1 0 0
    outer loop
      vertex -0.509999 1.92784 1.03836
      vertex -0.509999 1.8757 1.05117
      vertex -0.509999 1.88558 1.06528
    endloop
  endfacet
  facet normal -1 -0 0
    outer loop
      vertex -0.509999 1.88558 1.06528
      vertex -0.509999 1.8757 1.05117
      vertex -0.509999 1.88015 1.06945
    endloop
  endfacet
  facet normal -1 0 0
    outer loop
      vertex -0.509999 1.82933 1.08675
      vertex -0.509999 1.88015 1.06945
      vertex -0.509999 1.8757 1.05117
    endloop
  endfacet
  facet normal -1 0 0
    outer loop
      vertex -0.509999 1.88015 1.06945
      vertex -0.509999 1.82933 1.08675
      vertex -0.509999 1.84041 1.09995
    endloop
  endfacet
  facet normal -1 0 0
    outer loop
      vertex -0.509999 1.82933 1.08675
      vertex -0.509999 1.80347 1.13379
      vertex -0.509999 1.84041 1.09995
    endloop
  endfacet
  facet normal -1 0 0
    outer loop
      vertex -0.509999 1.78624 1.12624
      vertex -0.509999 1.80347 1.13379
      vertex -0.509999 1.82933 1.08675
    endloop
  endfacet
  facet normal -1 -0 0
    outer loop
      vertex -0.509999 1.80347 1.13379
      vertex -0.509999 1.78624 1.12624
      vertex -0.509999 1.79842 1.13842
    endloop
  endfacet
  facet normal -1 -0 0
    outer loop
      vertex -0.509999 1.79842 1.13842
      vertex -0.509999 1.78624 1.12624
      vertex -0.509999 1.79379 1.14347
    endloop
  endfacet
  facet normal -1 0 0
    outer loop
      vertex -0.509999 1.74675 1.16933
      vertex -0.509999 1.79379 1.14347
      vertex -0.509999 1.78624 1.12624
    endloop
  endfacet
  facet normal -1 0 0
    outer loop
      vertex -0.509999 1.79379 1.14347
      vertex -0.509999 1.74675 1.16933
      vertex -0.509999 1.75995 1.18041
    endloop
  endfacet
  facet normal -1 0 0
    outer loop
      vertex -0.509999 1.74675 1.16933
      vertex -0.509999 1.72945 1.22015
      vertex -0.509999 1.75995 1.18041
    endloop
  endfacet
  facet normal -1 0 0
    outer loop
      vertex -0.509999 1.71117 1.2157
      vertex -0.509999 1.72945 1.22015
      vertex -0.509999 1.74675 1.16933
    endloop
  endfacet
  facet normal -1 -0 0
    outer loop
      vertex -0.509999 1.72945 1.22015
      vertex -0.509999 1.71117 1.2157
      vertex -0.509999 1.72528 1.22558
    endloop
  endfacet
  facet normal -1 -0 0
    outer loop
      vertex -0.509999 1.72528 1.22558
      vertex -0.509999 1.71117 1.2157
      vertex -0.509999 1.7216 1.23136
    endloop
  endfacet
  facet normal -1 0 0
    outer loop
      vertex -0.509999 1.67976 1.265
      vertex -0.509999 1.7216 1.23136
      vertex -0.509999 1.71117 1.2157
    endloop
  endfacet
  facet normal -1 0 0
    outer loop
      vertex -0.509999 1.7216 1.23136
      vertex -0.509999 1.67976 1.265
      vertex -0.509999 1.69468 1.27361
    endloop
  endfacet
  facet normal -1 0 0
    outer loop
      vertex -0.509999 1.67976 1.265
      vertex -0.509999 1.67155 1.31805
      vertex -0.509999 1.69468 1.27361
    endloop
  endfacet
  facet normal -1 0 0
    outer loop
      vertex -0.509999 1.65277 1.31684
      vertex -0.509999 1.67155 1.31805
      vertex -0.509999 1.67976 1.265
    endloop
  endfacet
  facet normal -1 -0 0
    outer loop
      vertex -0.509999 1.67155 1.31805
      vertex -0.509999 1.65277 1.31684
      vertex -0.509999 1.66839 1.32413
    endloop
  endfacet
  facet normal -1 -0 0
    outer loop
      vertex -0.509999 1.66839 1.32413
      vertex -0.509999 1.65277 1.31684
      vertex -0.509999 1.66577 1.33045
    endloop
  endfacet
  facet normal -1 0 0
    outer loop
      vertex -0.509999 1.63041 1.37085
      vertex -0.509999 1.66577 1.33045
      vertex -0.509999 1.65277 1.31684
    endloop
  endfacet
  facet normal -1 0 0
    outer loop
      vertex -0.509999 1.66577 1.33045
      vertex -0.509999 1.63041 1.37085
      vertex -0.509999 1.64659 1.37674
    endloop
  endfacet
  facet normal -1 -0 0
    outer loop
      vertex -0.509999 1.64659 1.37674
      vertex -0.509999 1.63041 1.37085
      vertex -0.509999 1.64454 1.38327
    endloop
  endfacet
  facet normal -1 0 0
    outer loop
      vertex -0.509999 1.61283 1.42659
      vertex -0.509999 1.64454 1.38327
      vertex -0.509999 1.63041 1.37085
    endloop
  endfacet
  facet normal -1 0 0
    outer loop
      vertex -0.509999 1.64454 1.38327
      vertex -0.509999 1.61283 1.42659
      vertex -0.509999 1.62947 1.43105
    endloop
  endfacet
  facet normal -1 -0 0
    outer loop
      vertex -0.509999 1.62947 1.43105
      vertex -0.509999 1.61283 1.42659
      vertex -0.509999 1.61863 1.47996
    endloop
  endfacet
  facet normal -1 0 0
    outer loop
      vertex -0.509999 1.60018 1.48365
      vertex -0.509999 1.61863 1.47996
      vertex -0.509999 1.61283 1.42659
    endloop
  endfacet
  facet normal -1 0 0
    outer loop
      vertex -0.509999 1.61863 1.47996
      vertex -0.509999 1.60018 1.48365
      vertex -0.509999 1.61715 1.48665
    endloop
  endfacet
  facet normal -1 -0 0
    outer loop
      vertex -0.509999 1.61715 1.48665
      vertex -0.509999 1.60018 1.48365
      vertex -0.509999 1.61625 1.49344
    endloop
  endfacet
  facet normal -1 0 0
    outer loop
      vertex -0.509999 1.59255 1.5416
      vertex -0.509999 1.61625 1.49344
      vertex -0.509999 1.60018 1.48365
    endloop
  endfacet
  facet normal -1 0 0
    outer loop
      vertex -0.509999 1.61625 1.49344
      vertex -0.509999 1.59255 1.5416
      vertex -0.509999 1.60971 1.54311
    endloop
  endfacet
  facet normal -1 -0 0
    outer loop
      vertex -0.509999 1.60971 1.54311
      vertex -0.509999 1.59255 1.5416
      vertex -0.509999 1.60753 1.59316
    endloop
  endfacet
  facet normal -1 0 0
    outer loop
      vertex -0.509999 2.91029 1.65689
      vertex -0.509999 2.92745 1.65839
      vertex -0.509999 2.91059 1.65005
    endloop
  endfacet
  facet normal -1 0 0
    outer loop
      vertex -0.509999 2.90939 1.66368
      vertex -0.509999 2.92745 1.65839
      vertex -0.509999 2.91029 1.65689
    endloop
  endfacet
  facet normal -1 0 0
    outer loop
      vertex -0.509999 2.92745 1.65839
      vertex -0.509999 2.90939 1.66368
      vertex -0.509999 2.91982 1.71634
    endloop
  endfacet
  facet normal -1 0 0
    outer loop
      vertex -0.509999 2.90285 1.71335
      vertex -0.509999 2.91982 1.71634
      vertex -0.509999 2.90939 1.66368
    endloop
  endfacet
  facet normal -1 0 0
    outer loop
      vertex -0.509999 2.89201 1.76226
      vertex -0.509999 2.91982 1.71634
      vertex -0.509999 2.90285 1.71335
    endloop
  endfacet
  facet normal -1 0 0
    outer loop
      vertex -0.509999 2.91982 1.71634
      vertex -0.509999 2.89201 1.76226
      vertex -0.509999 2.90717 1.77341
    endloop
  endfacet
  facet normal -1 0 0
    outer loop
      vertex -0.509999 2.89053 1.76895
      vertex -0.509999 2.90717 1.77341
      vertex -0.509999 2.89201 1.76226
    endloop
  endfacet
  facet normal -1 0 0
    outer loop
      vertex -0.509999 2.88847 1.77548
      vertex -0.509999 2.90717 1.77341
      vertex -0.509999 2.89053 1.76895
    endloop
  endfacet
  facet normal -1 0 0
    outer loop
      vertex -0.509999 2.90717 1.77341
      vertex -0.509999 2.88847 1.77548
      vertex -0.509999 2.88959 1.82915
    endloop
  endfacet
  facet normal -1 0 0
    outer loop
      vertex -0.509999 2.8734 1.82326
      vertex -0.509999 2.88959 1.82915
      vertex -0.509999 2.88847 1.77548
    endloop
  endfacet
  facet normal -1 0 0
    outer loop
      vertex -0.509999 2.85423 1.86955
      vertex -0.509999 2.88959 1.82915
      vertex -0.509999 2.8734 1.82326
    endloop
  endfacet
  facet normal -1 0 0
    outer loop
      vertex -0.509999 2.88959 1.82915
      vertex -0.509999 2.85423 1.86955
      vertex -0.509999 2.86723 1.88315
    endloop
  endfacet
  facet normal -1 0 0
    outer loop
      vertex -0.509999 2.85161 1.87587
      vertex -0.509999 2.86723 1.88315
      vertex -0.509999 2.85423 1.86955
    endloop
  endfacet
  facet normal -1 0 0
    outer loop
      vertex -0.509999 2.84845 1.88195
      vertex -0.509999 2.86723 1.88315
      vertex -0.509999 2.85161 1.87587
    endloop
  endfacet
  facet normal -1 0 0
    outer loop
      vertex -0.509999 2.84845 1.88195
      vertex -0.509999 2.84024 1.935
      vertex -0.509999 2.86723 1.88315
    endloop
  endfacet
  facet normal -1 0 0
    outer loop
      vertex -0.509999 2.82532 1.92639
      vertex -0.509999 2.84024 1.935
      vertex -0.509999 2.84845 1.88195
    endloop
  endfacet
  facet normal -1 0 0
    outer loop
      vertex -0.509999 2.82164 1.93216
      vertex -0.509999 2.84024 1.935
      vertex -0.509999 2.82532 1.92639
    endloop
  endfacet
  facet normal -1 0 0
    outer loop
      vertex -0.509999 2.82164 1.93216
      vertex -0.509999 2.80883 1.9843
      vertex -0.509999 2.84024 1.935
    endloop
  endfacet
  facet normal -1 0 0
    outer loop
      vertex -0.509999 2.79472 1.97441
      vertex -0.509999 2.80883 1.9843
      vertex -0.509999 2.82164 1.93216
    endloop
  endfacet
  facet normal -1 0 0
    outer loop
      vertex -0.509999 2.76422 2.01416
      vertex -0.509999 2.80883 1.9843
      vertex -0.509999 2.79472 1.97441
    endloop
  endfacet
  facet normal -1 0 0
    outer loop
      vertex -0.509999 2.80883 1.9843
      vertex -0.509999 2.76422 2.01416
      vertex -0.509999 2.77325 2.03067
    endloop
  endfacet
  facet normal -1 0 0
    outer loop
      vertex -0.509999 2.76005 2.01959
      vertex -0.509999 2.77325 2.03067
      vertex -0.509999 2.76422 2.01416
    endloop
  endfacet
  facet normal -1 0 0
    outer loop
      vertex -0.509999 2.75543 2.02464
      vertex -0.509999 2.77325 2.03067
      vertex -0.509999 2.76005 2.01959
    endloop
  endfacet
  facet normal -1 0 0
    outer loop
      vertex -0.509999 2.75543 2.02464
      vertex -0.509999 2.73376 2.07376
      vertex -0.509999 2.77325 2.03067
    endloop
  endfacet
  facet normal -1 0 0
    outer loop
      vertex -0.509999 2.72158 2.06158
      vertex -0.509999 2.73376 2.07376
      vertex -0.509999 2.75543 2.02464
    endloop
  endfacet
  facet normal -1 0 0
    outer loop
      vertex -0.509999 2.68464 2.09543
      vertex -0.509999 2.73376 2.07376
      vertex -0.509999 2.72158 2.06158
    endloop
  endfacet
  facet normal -1 0 0
    outer loop
      vertex -0.509999 2.73376 2.07376
      vertex -0.509999 2.68464 2.09543
      vertex -0.509999 2.69067 2.11325
    endloop
  endfacet
  facet normal -1 0 0
    outer loop
      vertex -0.509999 2.67959 2.10005
      vertex -0.509999 2.69067 2.11325
      vertex -0.509999 2.68464 2.09543
    endloop
  endfacet
  facet normal -1 0 0
    outer loop
      vertex -0.509999 2.63985 2.13055
      vertex -0.509999 2.69067 2.11325
      vertex -0.509999 2.67959 2.10005
    endloop
  endfacet
  facet normal -1 0 0
    outer loop
      vertex -0.509999 2.69067 2.11325
      vertex -0.509999 2.63985 2.13055
      vertex -0.509999 2.6443 2.14883
    endloop
  endfacet
  facet normal -1 0 0
    outer loop
      vertex -0.509999 2.63441 2.13472
      vertex -0.509999 2.6443 2.14883
      vertex -0.509999 2.63985 2.13055
    endloop
  endfacet
  facet normal -1 0 0
    outer loop
      vertex -0.509999 2.62864 2.1384
      vertex -0.509999 2.6443 2.14883
      vertex -0.509999 2.63441 2.13472
    endloop
  endfacet
  facet normal -1 0 0
    outer loop
      vertex -0.509999 2.62864 2.1384
      vertex -0.509999 2.595 2.18024
      vertex -0.509999 2.6443 2.14883
    endloop
  endfacet
  facet normal -1 0 0
    outer loop
      vertex -0.509999 2.58639 2.16532
      vertex -0.509999 2.595 2.18024
      vertex -0.509999 2.62864 2.1384
    endloop
  endfacet
  facet normal -1 0 0
    outer loop
      vertex -0.509999 2.54195 2.18845
      vertex -0.509999 2.595 2.18024
      vertex -0.509999 2.58639 2.16532
    endloop
  endfacet
  facet normal -1 0 0
    outer loop
      vertex -0.509999 2.595 2.18024
      vertex -0.509999 2.54195 2.18845
      vertex -0.509999 2.54315 2.20723
    endloop
  endfacet
  facet normal -1 0 0
    outer loop
      vertex -0.509999 2.53587 2.19161
      vertex -0.509999 2.54315 2.20723
      vertex -0.509999 2.54195 2.18845
    endloop
  endfacet
  facet normal -1 0 0
    outer loop
      vertex -0.509999 2.52955 2.19423
      vertex -0.509999 2.54315 2.20723
      vertex -0.509999 2.53587 2.19161
    endloop
  endfacet
  facet normal -1 0 0
    outer loop
      vertex -0.509999 2.52955 2.19423
      vertex -0.509999 2.48915 2.22959
      vertex -0.509999 2.54315 2.20723
    endloop
  endfacet
  facet normal -1 0 0
    outer loop
      vertex -0.509999 2.48326 2.2134
      vertex -0.509999 2.48915 2.22959
      vertex -0.509999 2.52955 2.19423
    endloop
  endfacet
  facet normal -1 0 0
    outer loop
      vertex -0.509999 2.47673 2.21546
      vertex -0.509999 2.48915 2.22959
      vertex -0.509999 2.48326 2.2134
    endloop
  endfacet
  facet normal -1 0 0
    outer loop
      vertex -0.509999 2.47673 2.21546
      vertex -0.509999 2.43341 2.24717
      vertex -0.509999 2.48915 2.22959
    endloop
  endfacet
  facet normal -1 0 0
    outer loop
      vertex -0.509999 2.42895 2.23053
      vertex -0.509999 2.43341 2.24717
      vertex -0.509999 2.47673 2.21546
    endloop
  endfacet
  facet normal -1 0 0
    outer loop
      vertex -0.509999 2.38004 2.24137
      vertex -0.509999 2.43341 2.24717
      vertex -0.509999 2.42895 2.23053
    endloop
  endfacet
  facet normal -1 0 0
    outer loop
      vertex -0.509999 2.38004 2.24137
      vertex -0.509999 2.37634 2.25982
      vertex -0.509999 2.43341 2.24717
    endloop
  endfacet
  facet normal -1 0 0
    outer loop
      vertex -0.509999 2.37335 2.24285
      vertex -0.509999 2.37634 2.25982
      vertex -0.509999 2.38004 2.24137
    endloop
  endfacet
  facet normal -1 0 0
    outer loop
      vertex -0.509999 2.36656 2.24375
      vertex -0.509999 2.37634 2.25982
      vertex -0.509999 2.37335 2.24285
    endloop
  endfacet
  facet normal -1 0 0
    outer loop
      vertex -0.509999 2.36656 2.24375
      vertex -0.509999 2.31839 2.26745
      vertex -0.509999 2.37634 2.25982
    endloop
  endfacet
  facet normal -1 0 0
    outer loop
      vertex -0.509999 2.31689 2.25029
      vertex -0.509999 2.31839 2.26745
      vertex -0.509999 2.36656 2.24375
    endloop
  endfacet
  facet normal -1 0 0
    outer loop
      vertex -0.509999 2.31005 2.25059
      vertex -0.509999 2.31839 2.26745
      vertex -0.509999 2.31689 2.25029
    endloop
  endfacet
  facet normal -1 0 0
    outer loop
      vertex -0.509999 2.26 2.27
      vertex -0.509999 2.31005 2.25059
      vertex -0.509999 2.26 2.25277
    endloop
  endfacet
  facet normal -1 0 0
    outer loop
      vertex -0.509999 2.31005 2.25059
      vertex -0.509999 2.26 2.27
      vertex -0.509999 2.31839 2.26745
    endloop
  endfacet
  facet normal -1 0 0
    outer loop
      vertex -0.509999 2.20995 2.25059
      vertex -0.509999 2.26 2.27
      vertex -0.509999 2.26 2.25277
    endloop
  endfacet
  facet normal -1 0 0
    outer loop
      vertex -0.509999 2.2016 2.26745
      vertex -0.509999 2.20995 2.25059
      vertex -0.509999 2.20311 2.25029
    endloop
  endfacet
  facet normal -1 0 0
    outer loop
      vertex -0.509999 2.20995 2.25059
      vertex -0.509999 2.2016 2.26745
      vertex -0.509999 2.26 2.27
    endloop
  endfacet
  facet normal -1 0 0
    outer loop
      vertex -0.509999 2.15343 2.24375
      vertex -0.509999 2.2016 2.26745
      vertex -0.509999 2.20311 2.25029
    endloop
  endfacet
  facet normal -1 0 0
    outer loop
      vertex -0.509999 2.14365 2.25982
      vertex -0.509999 2.15343 2.24375
      vertex -0.509999 2.14665 2.24285
    endloop
  endfacet
  facet normal -1 0 0
    outer loop
      vertex -0.509999 2.15343 2.24375
      vertex -0.509999 2.14365 2.25982
      vertex -0.509999 2.2016 2.26745
    endloop
  endfacet
  facet normal -1 0 0
    outer loop
      vertex -0.509999 2.13996 2.24137
      vertex -0.509999 2.14365 2.25982
      vertex -0.509999 2.14665 2.24285
    endloop
  endfacet
  facet normal -1 0 0
    outer loop
      vertex -0.509999 2.08659 2.24717
      vertex -0.509999 2.13996 2.24137
      vertex -0.509999 2.09105 2.23053
    endloop
  endfacet
  facet normal -1 0 0
    outer loop
      vertex -0.509999 2.13996 2.24137
      vertex -0.509999 2.08659 2.24717
      vertex -0.509999 2.14365 2.25982
    endloop
  endfacet
  facet normal -1 0 0
    outer loop
      vertex -0.509999 2.04327 2.21546
      vertex -0.509999 2.08659 2.24717
      vertex -0.509999 2.09105 2.23053
    endloop
  endfacet
  facet normal -1 0 0
    outer loop
      vertex -0.509999 2.03085 2.22959
      vertex -0.509999 2.04327 2.21546
      vertex -0.509999 2.03674 2.2134
    endloop
  endfacet
  facet normal -1 0 0
    outer loop
      vertex -0.509999 2.04327 2.21546
      vertex -0.509999 2.03085 2.22959
      vertex -0.509999 2.08659 2.24717
    endloop
  endfacet
  facet normal -1 0 0
    outer loop
      vertex -0.509999 2.03041 2.21078
      vertex -0.509999 2.03085 2.22959
      vertex -0.509999 2.03674 2.2134
    endloop
  endfacet
  facet normal -1 0 0
    outer loop
      vertex -0.509999 1.97685 2.20723
      vertex -0.509999 2.03041 2.21078
      vertex -0.509999 1.98413 2.19161
    endloop
  endfacet
  facet normal -1 -0 0
    outer loop
      vertex -0.509999 2.03041 2.21078
      vertex -0.509999 1.97685 2.20723
      vertex -0.509999 2.03085 2.22959
    endloop
  endfacet
  facet normal -1 0 0
    outer loop
      vertex -0.509999 1.93969 2.16848
      vertex -0.509999 1.97685 2.20723
      vertex -0.509999 1.98413 2.19161
    endloop
  endfacet
  facet normal -1 0 0
    outer loop
      vertex -0.509999 1.925 2.18024
      vertex -0.509999 1.93969 2.16848
      vertex -0.509999 1.93361 2.16532
    endloop
  endfacet
  facet normal -1 0 0
    outer loop
      vertex -0.509999 1.93969 2.16848
      vertex -0.509999 1.925 2.18024
      vertex -0.509999 1.97685 2.20723
    endloop
  endfacet
  facet normal -1 0 0
    outer loop
      vertex -0.509999 1.89136 2.1384
      vertex -0.509999 1.925 2.18024
      vertex -0.509999 1.93361 2.16532
    endloop
  endfacet
  facet normal -1 0 0
    outer loop
      vertex -0.509999 1.8757 2.14883
      vertex -0.509999 1.89136 2.1384
      vertex -0.509999 1.88558 2.13472
    endloop
  endfacet
  facet normal -1 0 0
    outer loop
      vertex -0.509999 1.8757 2.14883
      vertex -0.509999 1.88558 2.13472
      vertex -0.509999 1.88015 2.13055
    endloop
  endfacet
  facet normal -1 0 0
    outer loop
      vertex -0.509999 1.89136 2.1384
      vertex -0.509999 1.8757 2.14883
      vertex -0.509999 1.925 2.18024
    endloop
  endfacet
  facet normal -1 0 0
    outer loop
      vertex -0.509999 1.82933 2.11325
      vertex -0.509999 1.88015 2.13055
      vertex -0.509999 1.84041 2.10005
    endloop
  endfacet
  facet normal -1 -0 0
    outer loop
      vertex -0.509999 1.88015 2.13055
      vertex -0.509999 1.82933 2.11325
      vertex -0.509999 1.8757 2.14883
    endloop
  endfacet
  facet normal -1 0 0
    outer loop
      vertex -0.509999 1.80347 2.0662
      vertex -0.509999 1.82933 2.11325
      vertex -0.509999 1.84041 2.10005
    endloop
  endfacet
  facet normal -1 0 0
    outer loop
      vertex -0.509999 1.78624 2.07376
      vertex -0.509999 1.80347 2.0662
      vertex -0.509999 1.79842 2.06158
    endloop
  endfacet
  facet normal -1 0 0
    outer loop
      vertex -0.509999 1.80347 2.0662
      vertex -0.509999 1.78624 2.07376
      vertex -0.509999 1.82933 2.11325
    endloop
  endfacet
  facet normal -1 0 0
    outer loop
      vertex -0.509999 1.76457 2.02464
      vertex -0.509999 1.78624 2.07376
      vertex -0.509999 1.79842 2.06158
    endloop
  endfacet
  facet normal -1 0 0
    outer loop
      vertex -0.509999 1.74675 2.03067
      vertex -0.509999 1.76457 2.02464
      vertex -0.509999 1.75995 2.01959
    endloop
  endfacet
  facet normal -1 0 0
    outer loop
      vertex -0.509999 1.76457 2.02464
      vertex -0.509999 1.74675 2.03067
      vertex -0.509999 1.78624 2.07376
    endloop
  endfacet
  facet normal -1 0 0
    outer loop
      vertex -0.509999 1.72945 1.97985
      vertex -0.509999 1.74675 2.03067
      vertex -0.509999 1.75995 2.01959
    endloop
  endfacet
  facet normal -1 0 0
    outer loop
      vertex -0.509999 1.71117 1.9843
      vertex -0.509999 1.72945 1.97985
      vertex -0.509999 1.72528 1.97441
    endloop
  endfacet
  facet normal -1 0 0
    outer loop
      vertex -0.509999 1.71117 1.9843
      vertex -0.509999 1.72528 1.97441
      vertex -0.509999 1.7216 1.96864
    endloop
  endfacet
  facet normal -1 0 0
    outer loop
      vertex -0.509999 1.72945 1.97985
      vertex -0.509999 1.71117 1.9843
      vertex -0.509999 1.74675 2.03067
    endloop
  endfacet
  facet normal -1 0 0
    outer loop
      vertex -0.509999 1.67976 1.935
      vertex -0.509999 1.7216 1.96864
      vertex -0.509999 1.69468 1.92639
    endloop
  endfacet
  facet normal -1 -0 0
    outer loop
      vertex -0.509999 1.7216 1.96864
      vertex -0.509999 1.67976 1.935
      vertex -0.509999 1.71117 1.9843
    endloop
  endfacet
  facet normal -1 0 0
    outer loop
      vertex -0.509999 1.67155 1.88195
      vertex -0.509999 1.67976 1.935
      vertex -0.509999 1.69468 1.92639
    endloop
  endfacet
  facet normal -1 0 0
    outer loop
      vertex -0.509999 1.65277 1.88315
      vertex -0.509999 1.67155 1.88195
      vertex -0.509999 1.66839 1.87587
    endloop
  endfacet
  facet normal -1 0 0
    outer loop
      vertex -0.509999 1.65277 1.88315
      vertex -0.509999 1.66839 1.87587
      vertex -0.509999 1.66577 1.86955
    endloop
  endfacet
  facet normal -1 0 0
    outer loop
      vertex -0.509999 1.67155 1.88195
      vertex -0.509999 1.65277 1.88315
      vertex -0.509999 1.67976 1.935
    endloop
  endfacet
  facet normal -1 0 0
    outer loop
      vertex -0.509999 1.63041 1.82915
      vertex -0.509999 1.66577 1.86955
      vertex -0.509999 1.64659 1.82326
    endloop
  endfacet
  facet normal -1 0 0
    outer loop
      vertex -0.509999 1.63041 1.82915
      vertex -0.509999 1.64659 1.82326
      vertex -0.509999 1.64454 1.81673
    endloop
  endfacet
  facet normal -1 -0 0
    outer loop
      vertex -0.509999 1.66577 1.86955
      vertex -0.509999 1.63041 1.82915
      vertex -0.509999 1.65277 1.88315
    endloop
  endfacet
  facet normal -1 0 0
    outer loop
      vertex -0.509999 1.61283 1.77341
      vertex -0.509999 1.64454 1.81673
      vertex -0.509999 1.62947 1.76895
    endloop
  endfacet
  facet normal -1 0 0
    outer loop
      vertex -0.509999 1.61283 1.77341
      vertex -0.509999 1.62947 1.76895
      vertex -0.509999 1.61863 1.72004
    endloop
  endfacet
  facet normal -1 0 0
    outer loop
      vertex -0.509999 1.60018 1.71634
      vertex -0.509999 1.61863 1.72004
      vertex -0.509999 1.61715 1.71335
    endloop
  endfacet
  facet normal -1 -0 0
    outer loop
      vertex -0.509999 1.64454 1.81673
      vertex -0.509999 1.61283 1.77341
      vertex -0.509999 1.63041 1.82915
    endloop
  endfacet
  facet normal -1 0 0
    outer loop
      vertex -0.509999 1.60018 1.71634
      vertex -0.509999 1.61715 1.71335
      vertex -0.509999 1.61061 1.66368
    endloop
  endfacet
  facet normal -1 0 0
    outer loop
      vertex -0.509999 1.59255 1.65839
      vertex -0.509999 1.61061 1.66368
      vertex -0.509999 1.60971 1.65689
    endloop
  endfacet
  facet normal -1 0 0
    outer loop
      vertex -0.509999 1.59255 1.65839
      vertex -0.509999 1.60971 1.65689
      vertex -0.509999 1.60753 1.60684
    endloop
  endfacet
  facet normal -1 0 0
    outer loop
      vertex -0.509999 1.59 1.6
      vertex -0.509999 1.60753 1.60684
      vertex -0.509999 1.60723 1.6
    endloop
  endfacet
  facet normal -1 0 0
    outer loop
      vertex -0.509999 1.59 1.6
      vertex -0.509999 1.60753 1.59316
      vertex -0.509999 1.59255 1.5416
    endloop
  endfacet
  facet normal -1 -0 0
    outer loop
      vertex -0.509999 1.61863 1.72004
      vertex -0.509999 1.60018 1.71634
      vertex -0.509999 1.61283 1.77341
    endloop
  endfacet
  facet normal -1 0 0
    outer loop
      vertex -0.509999 1.60753 1.59316
      vertex -0.509999 1.59 1.6
      vertex -0.509999 1.60723 1.6
    endloop
  endfacet
  facet normal -1 -0 0
    outer loop
      vertex -0.509999 1.61061 1.66368
      vertex -0.509999 1.59255 1.65839
      vertex -0.509999 1.60018 1.71634
    endloop
  endfacet
  facet normal -1 -0 0
    outer loop
      vertex -0.509999 1.60753 1.60684
      vertex -0.509999 1.59 1.6
      vertex -0.509999 1.59255 1.65839
    endloop
  endfacet
  facet normal 0 -0.0436228 0.999048
    outer loop
      vertex -0.509999 2.26 2.27
      vertex -0.12 2.2016 2.26745
      vertex -0.12 2.26 2.27
    endloop
  endfacet
  facet normal 0 -0.0436228 0.999048
    outer loop
      vertex -0.12 2.2016 2.26745
      vertex -0.509999 2.26 2.27
      vertex -0.509999 2.2016 2.26745
    endloop
  endfacet
  facet normal 0 -0.537329 0.843373
    outer loop
      vertex -0.509999 1.925 2.18024
      vertex -0.12 1.8757 2.14883
      vertex -0.12 1.925 2.18024
    endloop
  endfacet
  facet normal 0 -0.537329 0.843373
    outer loop
      vertex -0.12 1.8757 2.14883
      vertex -0.509999 1.925 2.18024
      vertex -0.509999 1.8757 2.14883
    endloop
  endfacet
  facet normal 0 -0.382573 0.923925
    outer loop
      vertex -0.509999 2.03085 2.22959
      vertex -0.12 1.97685 2.20723
      vertex -0.12 2.03085 2.22959
    endloop
  endfacet
  facet normal 0 -0.382573 0.923925
    outer loop
      vertex -0.12 1.97685 2.20723
      vertex -0.509999 2.03085 2.22959
      vertex -0.509999 1.97685 2.20723
    endloop
  endfacet
  facet normal 0 -0.999048 0.0436303
    outer loop
      vertex -0.509999 1.59 1.6
      vertex -0.12 1.59255 1.65839
      vertex -0.509999 1.59255 1.65839
    endloop
  endfacet
  facet normal 0 -0.999048 0.0436303
    outer loop
      vertex -0.12 1.59255 1.65839
      vertex -0.509999 1.59 1.6
      vertex -0.12 1.59 1.6
    endloop
  endfacet
  facet normal 0 -0.953691 0.300787
    outer loop
      vertex -0.509999 1.61283 1.77341
      vertex -0.12 1.63041 1.82915
      vertex -0.509999 1.63041 1.82915
    endloop
  endfacet
  facet normal 0 -0.953691 0.300787
    outer loop
      vertex -0.12 1.63041 1.82915
      vertex -0.509999 1.61283 1.77341
      vertex -0.12 1.61283 1.77341
    endloop
  endfacet
  facet normal 0 -0.793361 -0.608751
    outer loop
      vertex -0.509999 1.74675 1.16933
      vertex -0.12 1.71117 1.2157
      vertex -0.509999 1.71117 1.2157
    endloop
  endfacet
  facet normal 0 -0.793361 -0.608751
    outer loop
      vertex -0.12 1.71117 1.2157
      vertex -0.509999 1.74675 1.16933
      vertex -0.12 1.74675 1.16933
    endloop
  endfacet
  facet normal 1 0 0
    outer loop
      vertex -0.12 2.785 1.6
      vertex -0.12 2.93 1.6
      vertex -0.12 2.92745 1.65839
    endloop
  endfacet
  facet normal 1 0 0
    outer loop
      vertex -0.12 2.783 1.64576
      vertex -0.12 2.92745 1.65839
      vertex -0.12 2.91982 1.71634
    endloop
  endfacet
  facet normal 1 0 0
    outer loop
      vertex -0.12 2.93 1.6
      vertex -0.12 2.785 1.6
      vertex -0.12 2.92745 1.5416
    endloop
  endfacet
  facet normal 1 0 0
    outer loop
      vertex -0.12 2.77702 1.69116
      vertex -0.12 2.91982 1.71634
      vertex -0.12 2.90717 1.77341
    endloop
  endfacet
  facet normal 1 -0 0
    outer loop
      vertex -0.12 2.783 1.55424
      vertex -0.12 2.92745 1.5416
      vertex -0.12 2.785 1.6
    endloop
  endfacet
  facet normal 1 0 0
    outer loop
      vertex -0.12 2.76711 1.73588
      vertex -0.12 2.90717 1.77341
      vertex -0.12 2.88959 1.82915
    endloop
  endfacet
  facet normal 1 0 0
    outer loop
      vertex -0.12 2.92745 1.5416
      vertex -0.12 2.783 1.55424
      vertex -0.12 2.91982 1.48365
    endloop
  endfacet
  facet normal 1 0 0
    outer loop
      vertex -0.12 2.75334 1.77956
      vertex -0.12 2.88959 1.82915
      vertex -0.12 2.86723 1.88315
    endloop
  endfacet
  facet normal 1 -0 0
    outer loop
      vertex -0.12 2.77702 1.50883
      vertex -0.12 2.91982 1.48365
      vertex -0.12 2.783 1.55424
    endloop
  endfacet
  facet normal 1 0 0
    outer loop
      vertex -0.12 2.73581 1.82187
      vertex -0.12 2.86723 1.88315
      vertex -0.12 2.84024 1.935
    endloop
  endfacet
  facet normal 1 0 0
    outer loop
      vertex -0.12 2.91982 1.48365
      vertex -0.12 2.77702 1.50883
      vertex -0.12 2.90717 1.42659
    endloop
  endfacet
  facet normal 1 0 0
    outer loop
      vertex -0.12 2.71466 1.8625
      vertex -0.12 2.84024 1.935
      vertex -0.12 2.80883 1.9843
    endloop
  endfacet
  facet normal 1 -0 0
    outer loop
      vertex -0.12 2.76711 1.46412
      vertex -0.12 2.90717 1.42659
      vertex -0.12 2.77702 1.50883
    endloop
  endfacet
  facet normal 1 0 0
    outer loop
      vertex -0.12 2.90717 1.42659
      vertex -0.12 2.76711 1.46412
      vertex -0.12 2.88959 1.37085
    endloop
  endfacet
  facet normal 1 0 0
    outer loop
      vertex -0.12 2.92745 1.65839
      vertex -0.12 2.783 1.64576
      vertex -0.12 2.785 1.6
    endloop
  endfacet
  facet normal 1 0 0
    outer loop
      vertex -0.12 2.91982 1.71634
      vertex -0.12 2.77702 1.69116
      vertex -0.12 2.783 1.64576
    endloop
  endfacet
  facet normal 1 0 0
    outer loop
      vertex -0.12 2.69005 1.90113
      vertex -0.12 2.80883 1.9843
      vertex -0.12 2.77325 2.03067
    endloop
  endfacet
  facet normal 1 0 0
    outer loop
      vertex -0.12 2.90717 1.77341
      vertex -0.12 2.76711 1.73588
      vertex -0.12 2.77702 1.69116
    endloop
  endfacet
  facet normal 1 0 0
    outer loop
      vertex -0.12 2.88959 1.82915
      vertex -0.12 2.75334 1.77956
      vertex -0.12 2.76711 1.73588
    endloop
  endfacet
  facet normal 1 0 0
    outer loop
      vertex -0.12 2.86723 1.88315
      vertex -0.12 2.73581 1.82187
      vertex -0.12 2.75334 1.77956
    endloop
  endfacet
  facet normal 1 0 0
    outer loop
      vertex -0.12 2.66217 1.93746
      vertex -0.12 2.77325 2.03067
      vertex -0.12 2.73376 2.07376
    endloop
  endfacet
  facet normal 1 0 0
    outer loop
      vertex -0.12 2.84024 1.935
      vertex -0.12 2.71466 1.8625
      vertex -0.12 2.73581 1.82187
    endloop
  endfacet
  facet normal 1 0 0
    outer loop
      vertex -0.12 2.63123 1.97123
      vertex -0.12 2.73376 2.07376
      vertex -0.12 2.69067 2.11325
    endloop
  endfacet
  facet normal 1 0 0
    outer loop
      vertex -0.12 2.80883 1.9843
      vertex -0.12 2.69005 1.90113
      vertex -0.12 2.71466 1.8625
    endloop
  endfacet
  facet normal 1 0 0
    outer loop
      vertex -0.12 2.77325 2.03067
      vertex -0.12 2.66217 1.93746
      vertex -0.12 2.69005 1.90113
    endloop
  endfacet
  facet normal 1 0 0
    outer loop
      vertex -0.12 2.59746 2.00217
      vertex -0.12 2.69067 2.11325
      vertex -0.12 2.6443 2.14883
    endloop
  endfacet
  facet normal 1 0 0
    outer loop
      vertex -0.12 2.73376 2.07376
      vertex -0.12 2.63123 1.97123
      vertex -0.12 2.66217 1.93746
    endloop
  endfacet
  facet normal 1 0 0
    outer loop
      vertex -0.12 2.69067 2.11325
      vertex -0.12 2.59746 2.00217
      vertex -0.12 2.63123 1.97123
    endloop
  endfacet
  facet normal 1 0 0
    outer loop
      vertex -0.12 2.56113 2.03005
      vertex -0.12 2.6443 2.14883
      vertex -0.12 2.595 2.18024
    endloop
  endfacet
  facet normal 1 0 0
    outer loop
      vertex -0.12 2.6443 2.14883
      vertex -0.12 2.56113 2.03005
      vertex -0.12 2.59746 2.00217
    endloop
  endfacet
  facet normal 1 0 0
    outer loop
      vertex -0.12 2.5225 2.05466
      vertex -0.12 2.595 2.18024
      vertex -0.12 2.54315 2.20723
    endloop
  endfacet
  facet normal 1 0 0
    outer loop
      vertex -0.12 2.595 2.18024
      vertex -0.12 2.5225 2.05466
      vertex -0.12 2.56113 2.03005
    endloop
  endfacet
  facet normal 1 0 0
    outer loop
      vertex -0.12 2.48187 2.07581
      vertex -0.12 2.54315 2.20723
      vertex -0.12 2.48915 2.22959
    endloop
  endfacet
  facet normal 1 0 0
    outer loop
      vertex -0.12 2.54315 2.20723
      vertex -0.12 2.48187 2.07581
      vertex -0.12 2.5225 2.05466
    endloop
  endfacet
  facet normal 1 0 0
    outer loop
      vertex -0.12 2.48915 2.22959
      vertex -0.12 2.43956 2.09334
      vertex -0.12 2.48187 2.07581
    endloop
  endfacet
  facet normal 1 0 0
    outer loop
      vertex -0.12 2.43341 2.24717
      vertex -0.12 2.43956 2.09334
      vertex -0.12 2.48915 2.22959
    endloop
  endfacet
  facet normal 1 0 0
    outer loop
      vertex -0.12 2.43341 2.24717
      vertex -0.12 2.39588 2.10711
      vertex -0.12 2.43956 2.09334
    endloop
  endfacet
  facet normal 1 0 0
    outer loop
      vertex -0.12 2.37634 2.25982
      vertex -0.12 2.39588 2.10711
      vertex -0.12 2.43341 2.24717
    endloop
  endfacet
  facet normal 1 0 0
    outer loop
      vertex -0.12 2.37634 2.25982
      vertex -0.12 2.35116 2.11702
      vertex -0.12 2.39588 2.10711
    endloop
  endfacet
  facet normal 1 0 0
    outer loop
      vertex -0.12 2.31839 2.26745
      vertex -0.12 2.35116 2.11702
      vertex -0.12 2.37634 2.25982
    endloop
  endfacet
  facet normal 1 0 0
    outer loop
      vertex -0.12 2.31839 2.26745
      vertex -0.12 2.30576 2.123
      vertex -0.12 2.35116 2.11702
    endloop
  endfacet
  facet normal 1 0 0
    outer loop
      vertex -0.12 2.26 2.27
      vertex -0.12 2.30576 2.123
      vertex -0.12 2.31839 2.26745
    endloop
  endfacet
  facet normal 1 0 0
    outer loop
      vertex -0.12 2.26 2.27
      vertex -0.12 2.26 2.125
      vertex -0.12 2.30576 2.123
    endloop
  endfacet
  facet normal 1 0 0
    outer loop
      vertex -0.12 2.26 2.27
      vertex -0.12 2.21424 2.123
      vertex -0.12 2.26 2.125
    endloop
  endfacet
  facet normal 1 -0 0
    outer loop
      vertex -0.12 2.2016 2.26745
      vertex -0.12 2.21424 2.123
      vertex -0.12 2.26 2.27
    endloop
  endfacet
  facet normal 1 0 0
    outer loop
      vertex -0.12 2.2016 2.26745
      vertex -0.12 2.16883 2.11702
      vertex -0.12 2.21424 2.123
    endloop
  endfacet
  facet normal 1 -0 0
    outer loop
      vertex -0.12 2.14365 2.25982
      vertex -0.12 2.16883 2.11702
      vertex -0.12 2.2016 2.26745
    endloop
  endfacet
  facet normal 1 0 0
    outer loop
      vertex -0.12 2.14365 2.25982
      vertex -0.12 2.12412 2.10711
      vertex -0.12 2.16883 2.11702
    endloop
  endfacet
  facet normal 1 -0 0
    outer loop
      vertex -0.12 2.08659 2.24717
      vertex -0.12 2.12412 2.10711
      vertex -0.12 2.14365 2.25982
    endloop
  endfacet
  facet normal 1 0 0
    outer loop
      vertex -0.12 2.08659 2.24717
      vertex -0.12 2.08044 2.09334
      vertex -0.12 2.12412 2.10711
    endloop
  endfacet
  facet normal 1 -0 0
    outer loop
      vertex -0.12 2.03085 2.22959
      vertex -0.12 2.08044 2.09334
      vertex -0.12 2.08659 2.24717
    endloop
  endfacet
  facet normal 1 0 0
    outer loop
      vertex -0.12 2.08044 2.09334
      vertex -0.12 2.03085 2.22959
      vertex -0.12 2.03813 2.07581
    endloop
  endfacet
  facet normal 1 -0 0
    outer loop
      vertex -0.12 1.97685 2.20723
      vertex -0.12 2.03813 2.07581
      vertex -0.12 2.03085 2.22959
    endloop
  endfacet
  facet normal 1 0 0
    outer loop
      vertex -0.12 2.03813 2.07581
      vertex -0.12 1.97685 2.20723
      vertex -0.12 1.9975 2.05466
    endloop
  endfacet
  facet normal 1 -0 0
    outer loop
      vertex -0.12 1.925 2.18024
      vertex -0.12 1.9975 2.05466
      vertex -0.12 1.97685 2.20723
    endloop
  endfacet
  facet normal 1 0 0
    outer loop
      vertex -0.12 1.9975 2.05466
      vertex -0.12 1.925 2.18024
      vertex -0.12 1.95887 2.03005
    endloop
  endfacet
  facet normal 1 -0 0
    outer loop
      vertex -0.12 1.8757 2.14883
      vertex -0.12 1.95887 2.03005
      vertex -0.12 1.925 2.18024
    endloop
  endfacet
  facet normal 1 0 0
    outer loop
      vertex -0.12 1.95887 2.03005
      vertex -0.12 1.8757 2.14883
      vertex -0.12 1.92254 2.00217
    endloop
  endfacet
  facet normal 1 -0 0
    outer loop
      vertex -0.12 1.82933 2.11325
      vertex -0.12 1.92254 2.00217
      vertex -0.12 1.8757 2.14883
    endloop
  endfacet
  facet normal 1 0 0
    outer loop
      vertex -0.12 1.92254 2.00217
      vertex -0.12 1.82933 2.11325
      vertex -0.12 1.88877 1.97123
    endloop
  endfacet
  facet normal 1 -0 0
    outer loop
      vertex -0.12 1.78624 2.07376
      vertex -0.12 1.88877 1.97123
      vertex -0.12 1.82933 2.11325
    endloop
  endfacet
  facet normal 1 0 0
    outer loop
      vertex -0.12 1.88877 1.97123
      vertex -0.12 1.78624 2.07376
      vertex -0.12 1.85783 1.93746
    endloop
  endfacet
  facet normal 1 -0 0
    outer loop
      vertex -0.12 1.74675 2.03067
      vertex -0.12 1.85783 1.93746
      vertex -0.12 1.78624 2.07376
    endloop
  endfacet
  facet normal 1 0 0
    outer loop
      vertex -0.12 1.85783 1.93746
      vertex -0.12 1.74675 2.03067
      vertex -0.12 1.82994 1.90113
    endloop
  endfacet
  facet normal 1 -0 0
    outer loop
      vertex -0.12 1.71117 1.9843
      vertex -0.12 1.82994 1.90113
      vertex -0.12 1.74675 2.03067
    endloop
  endfacet
  facet normal 1 0 0
    outer loop
      vertex -0.12 1.82994 1.90113
      vertex -0.12 1.71117 1.9843
      vertex -0.12 1.80534 1.8625
    endloop
  endfacet
  facet normal 1 -0 0
    outer loop
      vertex -0.12 1.67976 1.935
      vertex -0.12 1.80534 1.8625
      vertex -0.12 1.71117 1.9843
    endloop
  endfacet
  facet normal 1 0 0
    outer loop
      vertex -0.12 1.80534 1.8625
      vertex -0.12 1.67976 1.935
      vertex -0.12 1.78419 1.82187
    endloop
  endfacet
  facet normal 1 -0 0
    outer loop
      vertex -0.12 1.65277 1.88315
      vertex -0.12 1.78419 1.82187
      vertex -0.12 1.67976 1.935
    endloop
  endfacet
  facet normal 1 0 0
    outer loop
      vertex -0.12 1.78419 1.82187
      vertex -0.12 1.65277 1.88315
      vertex -0.12 1.76666 1.77956
    endloop
  endfacet
  facet normal 1 -0 0
    outer loop
      vertex -0.12 1.63041 1.82915
      vertex -0.12 1.76666 1.77956
      vertex -0.12 1.65277 1.88315
    endloop
  endfacet
  facet normal 1 0 0
    outer loop
      vertex -0.12 1.76666 1.77956
      vertex -0.12 1.63041 1.82915
      vertex -0.12 1.75289 1.73588
    endloop
  endfacet
  facet normal 1 -0 0
    outer loop
      vertex -0.12 2.75334 1.42044
      vertex -0.12 2.88959 1.37085
      vertex -0.12 2.76711 1.46412
    endloop
  endfacet
  facet normal 1 0 0
    outer loop
      vertex -0.12 2.88959 1.37085
      vertex -0.12 2.75334 1.42044
      vertex -0.12 2.86723 1.31684
    endloop
  endfacet
  facet normal 1 -0 0
    outer loop
      vertex -0.12 2.73581 1.37813
      vertex -0.12 2.86723 1.31684
      vertex -0.12 2.75334 1.42044
    endloop
  endfacet
  facet normal 1 0 0
    outer loop
      vertex -0.12 2.86723 1.31684
      vertex -0.12 2.73581 1.37813
      vertex -0.12 2.84024 1.265
    endloop
  endfacet
  facet normal 1 -0 0
    outer loop
      vertex -0.12 2.71466 1.3375
      vertex -0.12 2.84024 1.265
      vertex -0.12 2.73581 1.37813
    endloop
  endfacet
  facet normal 1 0 0
    outer loop
      vertex -0.12 2.84024 1.265
      vertex -0.12 2.71466 1.3375
      vertex -0.12 2.80883 1.2157
    endloop
  endfacet
  facet normal 1 -0 0
    outer loop
      vertex -0.12 2.69005 1.29887
      vertex -0.12 2.80883 1.2157
      vertex -0.12 2.71466 1.3375
    endloop
  endfacet
  facet normal 1 0 0
    outer loop
      vertex -0.12 2.80883 1.2157
      vertex -0.12 2.69005 1.29887
      vertex -0.12 2.77325 1.16933
    endloop
  endfacet
  facet normal 1 -0 0
    outer loop
      vertex -0.12 2.66217 1.26254
      vertex -0.12 2.77325 1.16933
      vertex -0.12 2.69005 1.29887
    endloop
  endfacet
  facet normal 1 0 0
    outer loop
      vertex -0.12 2.77325 1.16933
      vertex -0.12 2.66217 1.26254
      vertex -0.12 2.73376 1.12624
    endloop
  endfacet
  facet normal 1 -0 0
    outer loop
      vertex -0.12 2.63123 1.22877
      vertex -0.12 2.73376 1.12624
      vertex -0.12 2.66217 1.26254
    endloop
  endfacet
  facet normal 1 0 0
    outer loop
      vertex -0.12 2.73376 1.12624
      vertex -0.12 2.63123 1.22877
      vertex -0.12 2.69067 1.08675
    endloop
  endfacet
  facet normal 1 -0 0
    outer loop
      vertex -0.12 2.59746 1.19783
      vertex -0.12 2.69067 1.08675
      vertex -0.12 2.63123 1.22877
    endloop
  endfacet
  facet normal 1 0 0
    outer loop
      vertex -0.12 2.69067 1.08675
      vertex -0.12 2.59746 1.19783
      vertex -0.12 2.6443 1.05117
    endloop
  endfacet
  facet normal 1 -0 0
    outer loop
      vertex -0.12 2.56113 1.16994
      vertex -0.12 2.6443 1.05117
      vertex -0.12 2.59746 1.19783
    endloop
  endfacet
  facet normal 1 0 0
    outer loop
      vertex -0.12 2.6443 1.05117
      vertex -0.12 2.56113 1.16994
      vertex -0.12 2.595 1.01976
    endloop
  endfacet
  facet normal 1 -0 0
    outer loop
      vertex -0.12 2.5225 1.14534
      vertex -0.12 2.595 1.01976
      vertex -0.12 2.56113 1.16994
    endloop
  endfacet
  facet normal 1 0 0
    outer loop
      vertex -0.12 2.595 1.01976
      vertex -0.12 2.5225 1.14534
      vertex -0.12 2.54315 0.992773
    endloop
  endfacet
  facet normal 1 -0 0
    outer loop
      vertex -0.12 2.48187 1.12419
      vertex -0.12 2.54315 0.992773
      vertex -0.12 2.5225 1.14534
    endloop
  endfacet
  facet normal 1 0 0
    outer loop
      vertex -0.12 2.54315 0.992773
      vertex -0.12 2.48187 1.12419
      vertex -0.12 2.48915 0.970406
    endloop
  endfacet
  facet normal 1 -0 0
    outer loop
      vertex -0.12 2.43956 1.10666
      vertex -0.12 2.48915 0.970406
      vertex -0.12 2.48187 1.12419
    endloop
  endfacet
  facet normal 1 0 0
    outer loop
      vertex -0.12 2.43956 1.10666
      vertex -0.12 2.43341 0.952829
      vertex -0.12 2.48915 0.970406
    endloop
  endfacet
  facet normal 1 -0 0
    outer loop
      vertex -0.12 2.39588 1.09289
      vertex -0.12 2.43341 0.952829
      vertex -0.12 2.43956 1.10666
    endloop
  endfacet
  facet normal 1 0 0
    outer loop
      vertex -0.12 2.39588 1.09289
      vertex -0.12 2.37634 0.940178
      vertex -0.12 2.43341 0.952829
    endloop
  endfacet
  facet normal 1 -0 0
    outer loop
      vertex -0.12 2.35116 1.08298
      vertex -0.12 2.37634 0.940178
      vertex -0.12 2.39588 1.09289
    endloop
  endfacet
  facet normal 1 0 0
    outer loop
      vertex -0.12 2.35116 1.08298
      vertex -0.12 2.31839 0.932549
      vertex -0.12 2.37634 0.940178
    endloop
  endfacet
  facet normal 1 -0 0
    outer loop
      vertex -0.12 2.30576 1.077
      vertex -0.12 2.31839 0.932549
      vertex -0.12 2.35116 1.08298
    endloop
  endfacet
  facet normal 1 -0 0
    outer loop
      vertex -0.12 2.26 1.075
      vertex -0.12 2.31839 0.932549
      vertex -0.12 2.30576 1.077
    endloop
  endfacet
  facet normal 1 0 0
    outer loop
      vertex -0.12 2.26 1.075
      vertex -0.12 2.26 0.929999
      vertex -0.12 2.31839 0.932549
    endloop
  endfacet
  facet normal 1 0 0
    outer loop
      vertex -0.12 2.21424 1.077
      vertex -0.12 2.26 0.929999
      vertex -0.12 2.26 1.075
    endloop
  endfacet
  facet normal 1 0 0
    outer loop
      vertex -0.12 2.21424 1.077
      vertex -0.12 2.2016 0.932549
      vertex -0.12 2.26 0.929999
    endloop
  endfacet
  facet normal 1 0 0
    outer loop
      vertex -0.12 2.16883 1.08298
      vertex -0.12 2.2016 0.932549
      vertex -0.12 2.21424 1.077
    endloop
  endfacet
  facet normal 1 0 0
    outer loop
      vertex -0.12 2.16883 1.08298
      vertex -0.12 2.14365 0.940178
      vertex -0.12 2.2016 0.932549
    endloop
  endfacet
  facet normal 1 0 0
    outer loop
      vertex -0.12 2.12412 1.09289
      vertex -0.12 2.14365 0.940178
      vertex -0.12 2.16883 1.08298
    endloop
  endfacet
  facet normal 1 0 0
    outer loop
      vertex -0.12 2.12412 1.09289
      vertex -0.12 2.08659 0.952829
      vertex -0.12 2.14365 0.940178
    endloop
  endfacet
  facet normal 1 0 0
    outer loop
      vertex -0.12 2.08044 1.10666
      vertex -0.12 2.08659 0.952829
      vertex -0.12 2.12412 1.09289
    endloop
  endfacet
  facet normal 1 0 0
    outer loop
      vertex -0.12 2.03085 0.970406
      vertex -0.12 2.08044 1.10666
      vertex -0.12 2.03813 1.12419
    endloop
  endfacet
  facet normal 1 0 0
    outer loop
      vertex -0.12 2.08044 1.10666
      vertex -0.12 2.03085 0.970406
      vertex -0.12 2.08659 0.952829
    endloop
  endfacet
  facet normal 1 0 0
    outer loop
      vertex -0.12 1.97685 0.992773
      vertex -0.12 2.03813 1.12419
      vertex -0.12 1.9975 1.14534
    endloop
  endfacet
  facet normal 1 0 0
    outer loop
      vertex -0.12 2.03813 1.12419
      vertex -0.12 1.97685 0.992773
      vertex -0.12 2.03085 0.970406
    endloop
  endfacet
  facet normal 1 0 0
    outer loop
      vertex -0.12 1.925 1.01976
      vertex -0.12 1.9975 1.14534
      vertex -0.12 1.95887 1.16994
    endloop
  endfacet
  facet normal 1 0 0
    outer loop
      vertex -0.12 1.9975 1.14534
      vertex -0.12 1.925 1.01976
      vertex -0.12 1.97685 0.992773
    endloop
  endfacet
  facet normal 1 0 0
    outer loop
      vertex -0.12 1.8757 1.05117
      vertex -0.12 1.95887 1.16994
      vertex -0.12 1.92254 1.19783
    endloop
  endfacet
  facet normal 1 0 0
    outer loop
      vertex -0.12 1.82933 1.08675
      vertex -0.12 1.92254 1.19783
      vertex -0.12 1.88877 1.22877
    endloop
  endfacet
  facet normal 1 0 0
    outer loop
      vertex -0.12 1.95887 1.16994
      vertex -0.12 1.8757 1.05117
      vertex -0.12 1.925 1.01976
    endloop
  endfacet
  facet normal 1 0 0
    outer loop
      vertex -0.12 1.78624 1.12624
      vertex -0.12 1.88877 1.22877
      vertex -0.12 1.85783 1.26254
    endloop
  endfacet
  facet normal 1 0 0
    outer loop
      vertex -0.12 1.74675 1.16933
      vertex -0.12 1.85783 1.26254
      vertex -0.12 1.82994 1.29887
    endloop
  endfacet
  facet normal 1 0 0
    outer loop
      vertex -0.12 1.92254 1.19783
      vertex -0.12 1.82933 1.08675
      vertex -0.12 1.8757 1.05117
    endloop
  endfacet
  facet normal 1 0 0
    outer loop
      vertex -0.12 1.71117 1.2157
      vertex -0.12 1.82994 1.29887
      vertex -0.12 1.80534 1.3375
    endloop
  endfacet
  facet normal 1 0 0
    outer loop
      vertex -0.12 1.88877 1.22877
      vertex -0.12 1.78624 1.12624
      vertex -0.12 1.82933 1.08675
    endloop
  endfacet
  facet normal 1 0 0
    outer loop
      vertex -0.12 1.67976 1.265
      vertex -0.12 1.80534 1.3375
      vertex -0.12 1.78419 1.37813
    endloop
  endfacet
  facet normal 1 0 0
    outer loop
      vertex -0.12 1.65277 1.31684
      vertex -0.12 1.78419 1.37813
      vertex -0.12 1.76666 1.42044
    endloop
  endfacet
  facet normal 1 0 0
    outer loop
      vertex -0.12 1.63041 1.37085
      vertex -0.12 1.76666 1.42044
      vertex -0.12 1.75289 1.46412
    endloop
  endfacet
  facet normal 1 0 0
    outer loop
      vertex -0.12 1.85783 1.26254
      vertex -0.12 1.74675 1.16933
      vertex -0.12 1.78624 1.12624
    endloop
  endfacet
  facet normal 1 0 0
    outer loop
      vertex -0.12 1.61283 1.42659
      vertex -0.12 1.75289 1.46412
      vertex -0.12 1.74298 1.50883
    endloop
  endfacet
  facet normal 1 0 0
    outer loop
      vertex -0.12 1.60018 1.48365
      vertex -0.12 1.74298 1.50883
      vertex -0.12 1.737 1.55424
    endloop
  endfacet
  facet normal 1 0 0
    outer loop
      vertex -0.12 1.59255 1.5416
      vertex -0.12 1.737 1.55424
      vertex -0.12 1.735 1.6
    endloop
  endfacet
  facet normal 1 -0 0
    outer loop
      vertex -0.12 1.61283 1.77341
      vertex -0.12 1.75289 1.73588
      vertex -0.12 1.63041 1.82915
    endloop
  endfacet
  facet normal 1 0 0
    outer loop
      vertex -0.12 1.82994 1.29887
      vertex -0.12 1.71117 1.2157
      vertex -0.12 1.74675 1.16933
    endloop
  endfacet
  facet normal 1 0 0
    outer loop
      vertex -0.12 1.75289 1.73588
      vertex -0.12 1.61283 1.77341
      vertex -0.12 1.74298 1.69116
    endloop
  endfacet
  facet normal 1 0 0
    outer loop
      vertex -0.12 1.80534 1.3375
      vertex -0.12 1.67976 1.265
      vertex -0.12 1.71117 1.2157
    endloop
  endfacet
  facet normal 1 -0 0
    outer loop
      vertex -0.12 1.60018 1.71634
      vertex -0.12 1.74298 1.69116
      vertex -0.12 1.61283 1.77341
    endloop
  endfacet
  facet normal 1 0 0
    outer loop
      vertex -0.12 1.78419 1.37813
      vertex -0.12 1.65277 1.31684
      vertex -0.12 1.67976 1.265
    endloop
  endfacet
  facet normal 1 0 0
    outer loop
      vertex -0.12 1.74298 1.69116
      vertex -0.12 1.60018 1.71634
      vertex -0.12 1.737 1.64576
    endloop
  endfacet
  facet normal 1 0 0
    outer loop
      vertex -0.12 1.76666 1.42044
      vertex -0.12 1.63041 1.37085
      vertex -0.12 1.65277 1.31684
    endloop
  endfacet
  facet normal 1 -0 0
    outer loop
      vertex -0.12 1.59255 1.65839
      vertex -0.12 1.737 1.64576
      vertex -0.12 1.60018 1.71634
    endloop
  endfacet
  facet normal 1 0 0
    outer loop
      vertex -0.12 1.75289 1.46412
      vertex -0.12 1.61283 1.42659
      vertex -0.12 1.63041 1.37085
    endloop
  endfacet
  facet normal 1 0 0
    outer loop
      vertex -0.12 1.737 1.64576
      vertex -0.12 1.59255 1.65839
      vertex -0.12 1.735 1.6
    endloop
  endfacet
  facet normal 1 0 0
    outer loop
      vertex -0.12 1.74298 1.50883
      vertex -0.12 1.60018 1.48365
      vertex -0.12 1.61283 1.42659
    endloop
  endfacet
  facet normal 1 0 0
    outer loop
      vertex -0.12 1.59 1.6
      vertex -0.12 1.735 1.6
      vertex -0.12 1.59255 1.65839
    endloop
  endfacet
  facet normal 1 0 0
    outer loop
      vertex -0.12 1.737 1.55424
      vertex -0.12 1.59255 1.5416
      vertex -0.12 1.60018 1.48365
    endloop
  endfacet
  facet normal 1 0 0
    outer loop
      vertex -0.12 1.735 1.6
      vertex -0.12 1.59 1.6
      vertex -0.12 1.59255 1.5416
    endloop
  endfacet
  facet normal 0 -0.976304 0.216405
    outer loop
      vertex -0.509999 1.60018 1.71634
      vertex -0.12 1.61283 1.77341
      vertex -0.509999 1.61283 1.77341
    endloop
  endfacet
  facet normal 0 -0.976304 0.216405
    outer loop
      vertex -0.12 1.61283 1.77341
      vertex -0.509999 1.60018 1.71634
      vertex -0.12 1.60018 1.71634
    endloop
  endfacet
  facet normal -0 0.46173 0.887021
    outer loop
      vertex -0.509999 2.595 2.18024
      vertex -0.12 2.54315 2.20723
      vertex -0.12 2.595 2.18024
    endloop
  endfacet
  facet normal 0 0.46173 0.887021
    outer loop
      vertex -0.12 2.54315 2.20723
      vertex -0.509999 2.595 2.18024
      vertex -0.509999 2.54315 2.20723
    endloop
  endfacet
  facet normal -0.652317 0.757226 -0.0330535
    outer loop
      vertex -0.509999 2.91059 1.54995
      vertex -0.629999 2.80731 1.55212
      vertex -0.629999 2.8094 1.6
    endloop
  endfacet
  facet normal -0.652315 0.75722 -0.0332114
    outer loop
      vertex -0.629999 2.80731 1.55212
      vertex -0.509999 2.91059 1.54995
      vertex -0.509999 2.91029 1.54311
    endloop
  endfacet
  facet normal -0.652273 -0.51201 -0.558914
    outer loop
      vertex -0.509999 1.80347 1.13379
      vertex -0.629999 1.90685 1.17913
      vertex -0.509999 1.84041 1.09995
    endloop
  endfacet
  facet normal -0.652307 0.0330581 -0.757234
    outer loop
      vertex -0.509999 2.26 0.947228
      vertex -0.629999 2.26 1.0506
      vertex -0.509999 2.31005 0.949413
    endloop
  endfacet
  facet normal -0.652306 0.0330539 -0.757235
    outer loop
      vertex -0.629999 2.30788 1.05269
      vertex -0.509999 2.31005 0.949413
      vertex -0.629999 2.26 1.0506
    endloop
  endfacet
  facet normal -0.652305 0.0331013 -0.757233
    outer loop
      vertex -0.509999 2.31005 0.949413
      vertex -0.629999 2.30788 1.05269
      vertex -0.509999 2.31689 0.949712
    endloop
  endfacet
  facet normal -0.652281 0.700287 -0.290047
    outer loop
      vertex -0.509999 2.85423 1.33045
      vertex -0.629999 2.75793 1.36781
      vertex -0.629999 2.77627 1.41209
    endloop
  endfacet
  facet normal -0.652279 0.700196 -0.290271
    outer loop
      vertex -0.629999 2.75793 1.36781
      vertex -0.509999 2.85423 1.33045
      vertex -0.509999 2.85161 1.32413
    endloop
  endfacet
  facet normal -0.652273 -0.461493 -0.601303
    outer loop
      vertex -0.509999 1.84041 1.09995
      vertex -0.629999 1.90685 1.17913
      vertex -0.509999 1.88015 1.06945
    endloop
  endfacet
  facet normal -0.652335 -0.639206 -0.407276
    outer loop
      vertex -0.509999 1.69468 1.27361
      vertex -0.629999 1.78421 1.3253
      vertex -0.509999 1.7216 1.23136
    endloop
  endfacet
  facet normal -0.652335 -0.289861 -0.700314
    outer loop
      vertex -0.629999 2.02781 1.10207
      vertex -0.509999 2.03674 0.986595
      vertex -0.509999 2.03041 0.989215
    endloop
  endfacet
  facet normal -0.65229 -0.290044 -0.70028
    outer loop
      vertex -0.509999 2.03674 0.986595
      vertex -0.629999 2.02781 1.10207
      vertex -0.629999 2.07209 1.08373
    endloop
  endfacet
  facet normal -0.652298 -0.512078 0.558823
    outer loop
      vertex -0.509999 1.84041 2.10005
      vertex -0.629999 1.90685 2.02086
      vertex -0.509999 1.80347 2.0662
    endloop
  endfacet
  facet normal -0.652328 0.639031 0.407562
    outer loop
      vertex -0.629999 2.73579 1.8747
      vertex -0.509999 2.82164 1.93216
      vertex -0.509999 2.82532 1.92639
    endloop
  endfacet
  facet normal -0.652324 0.639243 0.407237
    outer loop
      vertex -0.509999 2.82164 1.93216
      vertex -0.629999 2.73579 1.8747
      vertex -0.629999 2.71004 1.91512
    endloop
  endfacet
  facet normal -0.652324 -0.407237 0.639243
    outer loop
      vertex -0.629999 1.94488 2.05004
      vertex -0.509999 1.89136 2.1384
      vertex -0.629999 1.9853 2.07579
    endloop
  endfacet
  facet normal -0.652326 -0.407062 0.639352
    outer loop
      vertex -0.509999 1.89136 2.1384
      vertex -0.629999 1.94488 2.05004
      vertex -0.509999 1.88558 2.13472
    endloop
  endfacet
  facet normal -0.652331 0.601263 -0.461463
    outer loop
      vertex -0.509999 2.76422 1.18584
      vertex -0.629999 2.71004 1.28488
      vertex -0.509999 2.79472 1.22558
    endloop
  endfacet
  facet normal -0.65231 0.601335 0.461398
    outer loop
      vertex -0.629999 2.68086 1.95315
      vertex -0.509999 2.76422 2.01416
      vertex -0.629999 2.71004 1.91512
    endloop
  endfacet
  facet normal -0.652306 0.601144 0.461652
    outer loop
      vertex -0.509999 2.76422 2.01416
      vertex -0.629999 2.68086 1.95315
      vertex -0.509999 2.76005 2.01959
    endloop
  endfacet
  facet normal -0.652302 0.740009 -0.163976
    outer loop
      vertex -0.509999 2.89201 1.43773
      vertex -0.629999 2.80105 1.5046
      vertex -0.509999 2.90285 1.48665
    endloop
  endfacet
  facet normal -0.65233 0.639254 -0.40721
    outer loop
      vertex -0.509999 2.79472 1.22558
      vertex -0.629999 2.71004 1.28488
      vertex -0.509999 2.82164 1.26784
    endloop
  endfacet
  facet normal -0.652335 -0.672317 0.349926
    outer loop
      vertex -0.509999 1.69468 1.92639
      vertex -0.629999 1.78421 1.8747
      vertex -0.509999 1.67155 1.88195
    endloop
  endfacet
  facet normal -0.652304 -0.700229 -0.290136
    outer loop
      vertex -0.509999 1.64659 1.37674
      vertex -0.629999 1.74373 1.41209
      vertex -0.509999 1.66577 1.33045
    endloop
  endfacet
  facet normal -0.652279 -0.700196 0.290271
    outer loop
      vertex -0.629999 1.76207 1.83219
      vertex -0.509999 1.66577 1.86955
      vertex -0.509999 1.66839 1.87587
    endloop
  endfacet
  facet normal -0.652281 -0.700287 0.290047
    outer loop
      vertex -0.509999 1.66577 1.86955
      vertex -0.629999 1.76207 1.83219
      vertex -0.629999 1.74373 1.78791
    endloop
  endfacet
  facet normal -0.652302 0.740011 -0.163972
    outer loop
      vertex -0.509999 2.89201 1.43773
      vertex -0.629999 2.79068 1.4578
      vertex -0.629999 2.80105 1.5046
    endloop
  endfacet
  facet normal -0.652302 0.740014 -0.163955
    outer loop
      vertex -0.629999 2.79068 1.4578
      vertex -0.509999 2.89201 1.43773
      vertex -0.509999 2.89053 1.43105
    endloop
  endfacet
  facet normal -0.6523 -0.558897 -0.511995
    outer loop
      vertex -0.509999 1.75995 1.18041
      vertex -0.629999 1.83914 1.24685
      vertex -0.509999 1.79379 1.14347
    endloop
  endfacet
  facet normal -0.65231 -0.757234 -0.0329824
    outer loop
      vertex -0.509999 1.60753 1.59316
      vertex -0.629999 1.71269 1.55212
      vertex -0.509999 1.60971 1.54311
    endloop
  endfacet
  facet normal -0.652301 0.461478 0.601283
    outer loop
      vertex -0.509999 2.67959 2.10005
      vertex -0.629999 2.61315 2.02086
      vertex -0.509999 2.63985 2.13055
    endloop
  endfacet
  facet normal -0.652308 -0.16372 0.740061
    outer loop
      vertex -0.629999 2.1646 2.14105
      vertex -0.509999 2.13996 2.24137
      vertex -0.509999 2.14665 2.24285
    endloop
  endfacet
  facet normal -0.652311 -0.163971 0.740003
    outer loop
      vertex -0.509999 2.13996 2.24137
      vertex -0.629999 2.1646 2.14105
      vertex -0.629999 2.1178 2.13068
    endloop
  endfacet
  facet normal -0.652311 -0.740003 0.163971
    outer loop
      vertex -0.629999 1.71895 1.6954
      vertex -0.509999 1.61863 1.72004
      vertex -0.629999 1.72932 1.7422
    endloop
  endfacet
  facet normal -0.652308 -0.740061 0.16372
    outer loop
      vertex -0.509999 1.61863 1.72004
      vertex -0.629999 1.71895 1.6954
      vertex -0.509999 1.61715 1.71335
    endloop
  endfacet
  facet normal -0.65231 0.227921 -0.722872
    outer loop
      vertex -0.509999 2.42895 0.969471
      vertex -0.629999 2.40219 1.06932
      vertex -0.509999 2.47673 0.984536
    endloop
  endfacet
  facet normal -0.652326 -0.349538 -0.672528
    outer loop
      vertex -0.629999 1.9853 1.12421
      vertex -0.509999 1.93969 1.03152
      vertex -0.509999 1.93361 1.03468
    endloop
  endfacet
  facet normal -0.652319 -0.350113 -0.672236
    outer loop
      vertex -0.509999 1.93969 1.03152
      vertex -0.629999 1.9853 1.12421
      vertex -0.629999 2.02781 1.10207
    endloop
  endfacet
  facet normal -0.652337 -0.512187 -0.558678
    outer loop
      vertex -0.509999 1.80347 1.13379
      vertex -0.629999 1.87152 1.21152
      vertex -0.629999 1.90685 1.17913
    endloop
  endfacet
  facet normal -0.652336 -0.512202 -0.558665
    outer loop
      vertex -0.629999 1.87152 1.21152
      vertex -0.509999 1.80347 1.13379
      vertex -0.509999 1.79842 1.13842
    endloop
  endfacet
  facet normal -0.652311 0.0989447 0.751465
    outer loop
      vertex -0.509999 2.36656 2.24375
      vertex -0.629999 2.30788 2.14731
      vertex -0.509999 2.31689 2.25029
    endloop
  endfacet
  facet normal -0.652311 0.559232 0.511615
    outer loop
      vertex -0.629999 2.68086 1.95315
      vertex -0.509999 2.75543 2.02464
      vertex -0.509999 2.76005 2.01959
    endloop
  endfacet
  facet normal -0.652319 0.558768 0.512112
    outer loop
      vertex -0.509999 2.75543 2.02464
      vertex -0.629999 2.68086 1.95315
      vertex -0.629999 2.64848 1.98848
    endloop
  endfacet
  facet normal -0.652297 0.751392 0.0995953
    outer loop
      vertex -0.629999 2.80731 1.64788
      vertex -0.509999 2.90939 1.66368
      vertex -0.509999 2.91029 1.65689
    endloop
  endfacet
  facet normal -0.65229 0.751477 0.098995
    outer loop
      vertex -0.509999 2.90939 1.66368
      vertex -0.629999 2.80731 1.64788
      vertex -0.629999 2.80105 1.6954
    endloop
  endfacet
  facet normal -0.652301 0.757242 0.0329828
    outer loop
      vertex -0.509999 2.91277 1.6
      vertex -0.629999 2.8094 1.6
      vertex -0.509999 2.91059 1.65005
    endloop
  endfacet
  facet normal -0.652303 -0.164008 0.740002
    outer loop
      vertex -0.509999 2.13996 2.24137
      vertex -0.629999 2.1178 2.13068
      vertex -0.509999 2.09105 2.23053
    endloop
  endfacet
  facet normal -0.652301 -0.722858 -0.227992
    outer loop
      vertex -0.509999 1.62947 1.43105
      vertex -0.629999 1.72932 1.4578
      vertex -0.509999 1.64454 1.38327
    endloop
  endfacet
  facet normal -0.652274 -0.34995 -0.672364
    outer loop
      vertex -0.509999 1.93969 1.03152
      vertex -0.629999 2.02781 1.10207
      vertex -0.509999 1.98413 1.00839
    endloop
  endfacet
  facet normal -0.652301 -0.16408 -0.739987
    outer loop
      vertex -0.509999 2.09105 0.969471
      vertex -0.629999 2.1178 1.06932
      vertex -0.509999 2.13996 0.958626
    endloop
  endfacet
  facet normal -0.652315 0.75722 0.0332114
    outer loop
      vertex -0.509999 2.91059 1.65005
      vertex -0.629999 2.80731 1.64788
      vertex -0.509999 2.91029 1.65689
    endloop
  endfacet
  facet normal -0.652317 0.757226 0.0330535
    outer loop
      vertex -0.629999 2.80731 1.64788
      vertex -0.509999 2.91059 1.65005
      vertex -0.629999 2.8094 1.6
    endloop
  endfacet
  facet normal -0.652322 -0.461391 0.601327
    outer loop
      vertex -0.509999 1.88015 2.13055
      vertex -0.629999 1.94488 2.05004
      vertex -0.629999 1.90685 2.02086
    endloop
  endfacet
  facet normal -0.652326 -0.461642 0.601131
    outer loop
      vertex -0.629999 1.94488 2.05004
      vertex -0.509999 1.88015 2.13055
      vertex -0.509999 1.88558 2.13472
    endloop
  endfacet
  facet normal -0.652335 -0.407276 0.639206
    outer loop
      vertex -0.509999 1.93361 2.16532
      vertex -0.629999 1.9853 2.07579
      vertex -0.509999 1.89136 2.1384
    endloop
  endfacet
  facet normal -0.652319 0.350113 -0.672236
    outer loop
      vertex -0.629999 2.5347 1.12421
      vertex -0.509999 2.58031 1.03152
      vertex -0.629999 2.49219 1.10207
    endloop
  endfacet
  facet normal -0.652326 0.349538 -0.672528
    outer loop
      vertex -0.509999 2.58031 1.03152
      vertex -0.629999 2.5347 1.12421
      vertex -0.509999 2.58639 1.03468
    endloop
  endfacet
  facet normal -0.652294 -0.757245 0.0330543
    outer loop
      vertex -0.629999 1.7106 1.6
      vertex -0.509999 1.60753 1.60684
      vertex -0.629999 1.71269 1.64788
    endloop
  endfacet
  facet normal -0.652296 -0.757236 0.0332121
    outer loop
      vertex -0.509999 1.60753 1.60684
      vertex -0.629999 1.7106 1.6
      vertex -0.509999 1.60723 1.6
    endloop
  endfacet
  facet normal -0.652296 -0.757236 -0.0332121
    outer loop
      vertex -0.629999 1.7106 1.6
      vertex -0.509999 1.60753 1.59316
      vertex -0.509999 1.60723 1.6
    endloop
  endfacet
  facet normal -0.652294 -0.757245 -0.0330543
    outer loop
      vertex -0.509999 1.60753 1.59316
      vertex -0.629999 1.7106 1.6
      vertex -0.629999 1.71269 1.55212
    endloop
  endfacet
  facet normal -0.652278 -0.722909 -0.227896
    outer loop
      vertex -0.629999 1.74373 1.41209
      vertex -0.509999 1.64454 1.38327
      vertex -0.629999 1.72932 1.4578
    endloop
  endfacet
  facet normal -0.652287 -0.723173 -0.22703
    outer loop
      vertex -0.509999 1.64454 1.38327
      vertex -0.629999 1.74373 1.41209
      vertex -0.509999 1.64659 1.37674
    endloop
  endfacet
  facet normal -0.652322 0.461391 0.601327
    outer loop
      vertex -0.629999 2.57512 2.05004
      vertex -0.509999 2.63985 2.13055
      vertex -0.629999 2.61315 2.02086
    endloop
  endfacet
  facet normal -0.652318 0.461111 0.601546
    outer loop
      vertex -0.509999 2.63985 2.13055
      vertex -0.629999 2.57512 2.05004
      vertex -0.509999 2.63441 2.13472
    endloop
  endfacet
  facet normal -0.652335 -0.672317 -0.349926
    outer loop
      vertex -0.509999 1.67155 1.31805
      vertex -0.629999 1.78421 1.3253
      vertex -0.509999 1.69468 1.27361
    endloop
  endfacet
  facet normal -0.652305 -0.0989109 -0.751475
    outer loop
      vertex -0.509999 2.15343 0.956251
      vertex -0.629999 2.21212 1.05269
      vertex -0.509999 2.20311 0.949712
    endloop
  endfacet
  facet normal -0.65231 -0.757234 0.0329824
    outer loop
      vertex -0.509999 1.60971 1.65689
      vertex -0.629999 1.71269 1.64788
      vertex -0.509999 1.60753 1.60684
    endloop
  endfacet
  facet normal -0.652323 -0.0989743 -0.751451
    outer loop
      vertex -0.629999 2.1646 1.05895
      vertex -0.509999 2.15343 0.956251
      vertex -0.509999 2.14665 0.957144
    endloop
  endfacet
  facet normal -0.652323 -0.0989914 -0.751449
    outer loop
      vertex -0.509999 2.15343 0.956251
      vertex -0.629999 2.1646 1.05895
      vertex -0.629999 2.21212 1.05269
    endloop
  endfacet
  facet normal -0.652305 -0.0331013 -0.757233
    outer loop
      vertex -0.629999 2.21212 1.05269
      vertex -0.509999 2.20995 0.949413
      vertex -0.509999 2.20311 0.949712
    endloop
  endfacet
  facet normal -0.652306 -0.0330539 -0.757235
    outer loop
      vertex -0.509999 2.20995 0.949413
      vertex -0.629999 2.21212 1.05269
      vertex -0.629999 2.26 1.0506
    endloop
  endfacet
  facet normal -0.652307 -0.0330581 -0.757234
    outer loop
      vertex -0.509999 2.20995 0.949413
      vertex -0.629999 2.26 1.0506
      vertex -0.509999 2.26 0.947228
    endloop
  endfacet
  facet normal -0.652335 0.672317 0.349926
    outer loop
      vertex -0.509999 2.84845 1.88195
      vertex -0.629999 2.73579 1.8747
      vertex -0.509999 2.82532 1.92639
    endloop
  endfacet
  facet normal -0.652328 -0.407562 -0.639031
    outer loop
      vertex -0.509999 1.92784 1.03836
      vertex -0.629999 1.9853 1.12421
      vertex -0.509999 1.93361 1.03468
    endloop
  endfacet
  facet normal -0.652324 -0.407237 -0.639243
    outer loop
      vertex -0.629999 1.9853 1.12421
      vertex -0.509999 1.92784 1.03836
      vertex -0.629999 1.94488 1.14996
    endloop
  endfacet
  facet normal -0.652312 -0.098925 0.751467
    outer loop
      vertex -0.509999 2.20311 2.25029
      vertex -0.629999 2.21212 2.14731
      vertex -0.509999 2.15343 2.24375
    endloop
  endfacet
  facet normal -0.652311 0.751465 -0.0989447
    outer loop
      vertex -0.509999 2.90375 1.49344
      vertex -0.629999 2.80731 1.55212
      vertex -0.509999 2.91029 1.54311
    endloop
  endfacet
  facet normal -0.652273 -0.290049 0.700294
    outer loop
      vertex -0.629999 2.02781 2.09793
      vertex -0.509999 2.03674 2.2134
      vertex -0.629999 2.07209 2.11627
    endloop
  endfacet
  facet normal -0.652319 -0.289867 0.700327
    outer loop
      vertex -0.509999 2.03674 2.2134
      vertex -0.629999 2.02781 2.09793
      vertex -0.509999 2.03041 2.21078
    endloop
  endfacet
  facet normal -0.652275 0.722879 -0.227999
    outer loop
      vertex -0.509999 2.8734 1.37674
      vertex -0.629999 2.77627 1.41209
      vertex -0.509999 2.88847 1.42452
    endloop
  endfacet
  facet normal -0.652319 0.512112 0.558768
    outer loop
      vertex -0.629999 2.61315 2.02086
      vertex -0.509999 2.68464 2.09543
      vertex -0.629999 2.64848 1.98848
    endloop
  endfacet
  facet normal -0.652311 0.511615 0.559232
    outer loop
      vertex -0.509999 2.68464 2.09543
      vertex -0.629999 2.61315 2.02086
      vertex -0.509999 2.67959 2.10005
    endloop
  endfacet
  facet normal -0.652322 0.75145 -0.0989915
    outer loop
      vertex -0.509999 2.90375 1.49344
      vertex -0.629999 2.80105 1.5046
      vertex -0.629999 2.80731 1.55212
    endloop
  endfacet
  facet normal -0.652315 0.751376 -0.0995933
    outer loop
      vertex -0.629999 2.80105 1.5046
      vertex -0.509999 2.90375 1.49344
      vertex -0.509999 2.90285 1.48665
    endloop
  endfacet
  facet normal -0.652311 -0.751465 -0.0989447
    outer loop
      vertex -0.509999 1.60971 1.54311
      vertex -0.629999 1.71269 1.55212
      vertex -0.509999 1.61625 1.49344
    endloop
  endfacet
  facet normal -0.652312 0.407287 -0.639223
    outer loop
      vertex -0.509999 2.59216 1.03836
      vertex -0.629999 2.57512 1.14996
      vertex -0.509999 2.63441 1.06528
    endloop
  endfacet
  facet normal -0.652301 0.751474 0.0989458
    outer loop
      vertex -0.509999 2.90939 1.66368
      vertex -0.629999 2.80105 1.6954
      vertex -0.509999 2.90285 1.71335
    endloop
  endfacet
  facet normal -0.652303 -0.740002 -0.164008
    outer loop
      vertex -0.509999 1.61863 1.47996
      vertex -0.629999 1.72932 1.4578
      vertex -0.509999 1.62947 1.43105
    endloop
  endfacet
  facet normal -0.652319 -0.350113 0.672236
    outer loop
      vertex -0.629999 1.9853 2.07579
      vertex -0.509999 1.93969 2.16848
      vertex -0.629999 2.02781 2.09793
    endloop
  endfacet
  facet normal -0.652326 -0.349538 0.672528
    outer loop
      vertex -0.509999 1.93969 2.16848
      vertex -0.629999 1.9853 2.07579
      vertex -0.509999 1.93361 2.16532
    endloop
  endfacet
  facet normal -0.652276 -0.290134 -0.700256
    outer loop
      vertex -0.509999 1.98413 1.00839
      vertex -0.629999 2.02781 1.10207
      vertex -0.509999 2.03041 0.989215
    endloop
  endfacet
  facet normal -0.652308 -0.740061 -0.16372
    outer loop
      vertex -0.629999 1.71895 1.5046
      vertex -0.509999 1.61863 1.47996
      vertex -0.509999 1.61715 1.48665
    endloop
  endfacet
  facet normal -0.652311 -0.740003 -0.163971
    outer loop
      vertex -0.509999 1.61863 1.47996
      vertex -0.629999 1.71895 1.5046
      vertex -0.629999 1.72932 1.4578
    endloop
  endfacet
  facet normal -0.652289 0.290076 -0.700268
    outer loop
      vertex -0.509999 2.48326 0.986595
      vertex -0.629999 2.44791 1.08373
      vertex -0.509999 2.52955 1.00577
    endloop
  endfacet
  facet normal -0.652311 -0.512116 0.558773
    outer loop
      vertex -0.629999 1.87152 1.98848
      vertex -0.509999 1.80347 2.0662
      vertex -0.629999 1.90685 2.02086
    endloop
  endfacet
  facet normal -0.652319 -0.51161 0.559228
    outer loop
      vertex -0.509999 1.80347 2.0662
      vertex -0.629999 1.87152 1.98848
      vertex -0.509999 1.79842 2.06158
    endloop
  endfacet
  facet normal -0.652311 0.601333 0.4614
    outer loop
      vertex -0.509999 2.79472 1.97441
      vertex -0.629999 2.71004 1.91512
      vertex -0.509999 2.76422 2.01416
    endloop
  endfacet
  facet normal -0.652275 0.722879 0.227999
    outer loop
      vertex -0.509999 2.88847 1.77548
      vertex -0.629999 2.77627 1.78791
      vertex -0.509999 2.8734 1.82326
    endloop
  endfacet
  facet normal -0.652301 0.0329828 0.757242
    outer loop
      vertex -0.509999 2.31005 2.25059
      vertex -0.629999 2.26 2.1494
      vertex -0.509999 2.26 2.25277
    endloop
  endfacet
  facet normal -0.652299 -0.227924 -0.722881
    outer loop
      vertex -0.509999 2.04327 0.984536
      vertex -0.629999 2.1178 1.06932
      vertex -0.509999 2.09105 0.969471
    endloop
  endfacet
  facet normal -0.65233 -0.40721 -0.639254
    outer loop
      vertex -0.509999 1.88558 1.06528
      vertex -0.629999 1.94488 1.14996
      vertex -0.509999 1.92784 1.03836
    endloop
  endfacet
  facet normal -0.652326 -0.461642 -0.601131
    outer loop
      vertex -0.509999 1.88015 1.06945
      vertex -0.629999 1.94488 1.14996
      vertex -0.509999 1.88558 1.06528
    endloop
  endfacet
  facet normal -0.652321 -0.461293 -0.601404
    outer loop
      vertex -0.629999 1.94488 1.14996
      vertex -0.509999 1.88015 1.06945
      vertex -0.629999 1.90685 1.17913
    endloop
  endfacet
  facet normal -0.652303 -0.740002 0.164008
    outer loop
      vertex -0.509999 1.62947 1.76895
      vertex -0.629999 1.72932 1.7422
      vertex -0.509999 1.61863 1.72004
    endloop
  endfacet
  facet normal -0.652312 0.227989 0.722849
    outer loop
      vertex -0.509999 2.47673 2.21546
      vertex -0.629999 2.40219 2.13068
      vertex -0.509999 2.42895 2.23053
    endloop
  endfacet
  facet normal -0.652335 0.672317 -0.349926
    outer loop
      vertex -0.509999 2.82532 1.27361
      vertex -0.629999 2.73579 1.3253
      vertex -0.509999 2.84845 1.31805
    endloop
  endfacet
  facet normal -0.652335 -0.639206 0.407276
    outer loop
      vertex -0.509999 1.7216 1.96864
      vertex -0.629999 1.78421 1.8747
      vertex -0.509999 1.69468 1.92639
    endloop
  endfacet
  facet normal -0.652297 0.74007 0.163723
    outer loop
      vertex -0.509999 2.89201 1.76226
      vertex -0.629999 2.79068 1.7422
      vertex -0.509999 2.89053 1.76895
    endloop
  endfacet
  facet normal -0.652294 0.740017 0.163974
    outer loop
      vertex -0.629999 2.79068 1.7422
      vertex -0.509999 2.89201 1.76226
      vertex -0.629999 2.80105 1.6954
    endloop
  endfacet
  facet normal -0.652291 -0.227936 -0.722884
    outer loop
      vertex -0.629999 2.07209 1.08373
      vertex -0.509999 2.04327 0.984536
      vertex -0.509999 2.03674 0.986595
    endloop
  endfacet
  facet normal -0.652291 -0.227892 -0.722898
    outer loop
      vertex -0.509999 2.04327 0.984536
      vertex -0.629999 2.07209 1.08373
      vertex -0.629999 2.1178 1.06932
    endloop
  endfacet
  facet normal -0.652325 -0.163968 -0.739991
    outer loop
      vertex -0.629999 2.1646 1.05895
      vertex -0.509999 2.13996 0.958626
      vertex -0.629999 2.1178 1.06932
    endloop
  endfacet
  facet normal -0.652325 -0.163928 -0.74
    outer loop
      vertex -0.509999 2.13996 0.958626
      vertex -0.629999 2.1646 1.05895
      vertex -0.509999 2.14665 0.957144
    endloop
  endfacet
  facet normal -0.652301 0.757242 -0.0329828
    outer loop
      vertex -0.509999 2.91059 1.54995
      vertex -0.629999 2.8094 1.6
      vertex -0.509999 2.91277 1.6
    endloop
  endfacet
  facet normal -0.652309 0.164079 -0.739981
    outer loop
      vertex -0.509999 2.38004 0.958626
      vertex -0.629999 2.40219 1.06932
      vertex -0.509999 2.42895 0.969471
    endloop
  endfacet
  facet normal -0.652301 -0.227992 0.722858
    outer loop
      vertex -0.509999 2.09105 2.23053
      vertex -0.629999 2.1178 2.13068
      vertex -0.509999 2.04327 2.21546
    endloop
  endfacet
  facet normal -0.652336 -0.558665 -0.512202
    outer loop
      vertex -0.509999 1.79379 1.14347
      vertex -0.629999 1.87152 1.21152
      vertex -0.509999 1.79842 1.13842
    endloop
  endfacet
  facet normal -0.652338 -0.558756 -0.512101
    outer loop
      vertex -0.629999 1.87152 1.21152
      vertex -0.509999 1.79379 1.14347
      vertex -0.629999 1.83914 1.24685
    endloop
  endfacet
  facet normal -0.652278 -0.227896 0.722909
    outer loop
      vertex -0.629999 2.07209 2.11627
      vertex -0.509999 2.04327 2.21546
      vertex -0.629999 2.1178 2.13068
    endloop
  endfacet
  facet normal -0.652276 -0.22804 0.722865
    outer loop
      vertex -0.509999 2.04327 2.21546
      vertex -0.629999 2.07209 2.11627
      vertex -0.509999 2.03674 2.2134
    endloop
  endfacet
  facet normal -0.652301 -0.461478 0.601283
    outer loop
      vertex -0.509999 1.88015 2.13055
      vertex -0.629999 1.90685 2.02086
      vertex -0.509999 1.84041 2.10005
    endloop
  endfacet
  facet normal -0.652328 0.639031 -0.407562
    outer loop
      vertex -0.509999 2.82164 1.26784
      vertex -0.629999 2.73579 1.3253
      vertex -0.509999 2.82532 1.27361
    endloop
  endfacet
  facet normal -0.652324 0.639243 -0.407237
    outer loop
      vertex -0.629999 2.73579 1.3253
      vertex -0.509999 2.82164 1.26784
      vertex -0.629999 2.71004 1.28488
    endloop
  endfacet
  facet normal -0.65227 -0.672273 -0.350133
    outer loop
      vertex -0.629999 1.78421 1.3253
      vertex -0.509999 1.66839 1.32413
      vertex -0.629999 1.76207 1.36781
    endloop
  endfacet
  facet normal -0.652432 -0.672448 -0.349496
    outer loop
      vertex -0.509999 1.66839 1.32413
      vertex -0.629999 1.78421 1.3253
      vertex -0.509999 1.67155 1.31805
    endloop
  endfacet
  facet normal -0.652281 -0.700287 -0.290047
    outer loop
      vertex -0.629999 1.76207 1.36781
      vertex -0.509999 1.66577 1.33045
      vertex -0.629999 1.74373 1.41209
    endloop
  endfacet
  facet normal -0.652279 -0.700196 -0.290271
    outer loop
      vertex -0.509999 1.66577 1.33045
      vertex -0.629999 1.76207 1.36781
      vertex -0.509999 1.66839 1.32413
    endloop
  endfacet
  facet normal -0.652311 0.164006 0.739995
    outer loop
      vertex -0.509999 2.42895 2.23053
      vertex -0.629999 2.40219 2.13068
      vertex -0.509999 2.38004 2.24137
    endloop
  endfacet
  facet normal -0.652302 0.740003 0.164008
    outer loop
      vertex -0.509999 2.90285 1.71335
      vertex -0.629999 2.80105 1.6954
      vertex -0.509999 2.89201 1.76226
    endloop
  endfacet
  facet normal -0.652332 0.558802 0.512058
    outer loop
      vertex -0.509999 2.75543 2.02464
      vertex -0.629999 2.64848 1.98848
      vertex -0.509999 2.72158 2.06158
    endloop
  endfacet
  facet normal -0.65229 -0.751477 0.098995
    outer loop
      vertex -0.629999 1.71269 1.64788
      vertex -0.509999 1.61061 1.66368
      vertex -0.629999 1.71895 1.6954
    endloop
  endfacet
  facet normal -0.652297 -0.751392 0.0995953
    outer loop
      vertex -0.509999 1.61061 1.66368
      vertex -0.629999 1.71269 1.64788
      vertex -0.509999 1.60971 1.65689
    endloop
  endfacet
  facet normal -0.652332 0.558802 -0.512058
    outer loop
      vertex -0.509999 2.72158 1.13842
      vertex -0.629999 2.64848 1.21152
      vertex -0.509999 2.75543 1.17536
    endloop
  endfacet
  facet normal -0.652274 0.34995 -0.672364
    outer loop
      vertex -0.509999 2.53587 1.00839
      vertex -0.629999 2.49219 1.10207
      vertex -0.509999 2.58031 1.03152
    endloop
  endfacet
  facet normal -0.652326 -0.639352 -0.407062
    outer loop
      vertex -0.509999 1.7216 1.23136
      vertex -0.629999 1.80996 1.28488
      vertex -0.509999 1.72528 1.22558
    endloop
  endfacet
  facet normal -0.652324 -0.639243 -0.407237
    outer loop
      vertex -0.629999 1.80996 1.28488
      vertex -0.509999 1.7216 1.23136
      vertex -0.629999 1.78421 1.3253
    endloop
  endfacet
  facet normal -0.652274 -0.34995 0.672364
    outer loop
      vertex -0.509999 1.98413 2.19161
      vertex -0.629999 2.02781 2.09793
      vertex -0.509999 1.93969 2.16848
    endloop
  endfacet
  facet normal -0.652332 0.512058 0.558802
    outer loop
      vertex -0.509999 2.72158 2.06158
      vertex -0.629999 2.64848 1.98848
      vertex -0.509999 2.68464 2.09543
    endloop
  endfacet
  facet normal -0.652332 -0.558802 0.512058
    outer loop
      vertex -0.509999 1.79842 2.06158
      vertex -0.629999 1.87152 1.98848
      vertex -0.509999 1.76457 2.02464
    endloop
  endfacet
  facet normal -0.652306 0.601144 -0.461652
    outer loop
      vertex -0.629999 2.68086 1.24685
      vertex -0.509999 2.76422 1.18584
      vertex -0.509999 2.76005 1.18041
    endloop
  endfacet
  facet normal -0.65231 0.601335 -0.461398
    outer loop
      vertex -0.509999 2.76422 1.18584
      vertex -0.629999 2.68086 1.24685
      vertex -0.629999 2.71004 1.28488
    endloop
  endfacet
  facet normal -0.652315 0.0332114 0.75722
    outer loop
      vertex -0.629999 2.30788 2.14731
      vertex -0.509999 2.31005 2.25059
      vertex -0.509999 2.31689 2.25029
    endloop
  endfacet
  facet normal -0.652317 0.0330535 0.757226
    outer loop
      vertex -0.509999 2.31005 2.25059
      vertex -0.629999 2.30788 2.14731
      vertex -0.629999 2.26 2.1494
    endloop
  endfacet
  facet normal -0.652287 -0.723173 0.22703
    outer loop
      vertex -0.629999 1.74373 1.78791
      vertex -0.509999 1.64454 1.81673
      vertex -0.509999 1.64659 1.82326
    endloop
  endfacet
  facet normal -0.652278 -0.722909 0.227896
    outer loop
      vertex -0.509999 1.64454 1.81673
      vertex -0.629999 1.74373 1.78791
      vertex -0.629999 1.72932 1.7422
    endloop
  endfacet
  facet normal -0.652274 0.290017 0.700306
    outer loop
      vertex -0.509999 2.52955 2.19423
      vertex -0.629999 2.44791 2.11627
      vertex -0.509999 2.48326 2.2134
    endloop
  endfacet
  facet normal -0.652322 -0.75145 -0.0989915
    outer loop
      vertex -0.629999 1.71895 1.5046
      vertex -0.509999 1.61625 1.49344
      vertex -0.629999 1.71269 1.55212
    endloop
  endfacet
  facet normal -0.652315 -0.751376 -0.0995933
    outer loop
      vertex -0.509999 1.61625 1.49344
      vertex -0.629999 1.71895 1.5046
      vertex -0.509999 1.61715 1.48665
    endloop
  endfacet
  facet normal -0.652335 0.407276 0.639206
    outer loop
      vertex -0.509999 2.62864 2.1384
      vertex -0.629999 2.5347 2.07579
      vertex -0.509999 2.58639 2.16532
    endloop
  endfacet
  facet normal -0.652274 0.700306 0.290017
    outer loop
      vertex -0.509999 2.8734 1.82326
      vertex -0.629999 2.77627 1.78791
      vertex -0.509999 2.85423 1.86955
    endloop
  endfacet
  facet normal -0.652327 -0.098991 0.751446
    outer loop
      vertex -0.629999 2.1646 2.14105
      vertex -0.509999 2.15343 2.24375
      vertex -0.629999 2.21212 2.14731
    endloop
  endfacet
  facet normal -0.652318 -0.0997373 0.751354
    outer loop
      vertex -0.509999 2.15343 2.24375
      vertex -0.629999 2.1646 2.14105
      vertex -0.509999 2.14665 2.24285
    endloop
  endfacet
  facet normal -0.652301 -0.722858 0.227992
    outer loop
      vertex -0.509999 1.64454 1.81673
      vertex -0.629999 1.72932 1.7422
      vertex -0.509999 1.62947 1.76895
    endloop
  endfacet
  facet normal -0.652274 -0.29007 0.700284
    outer loop
      vertex -0.509999 2.03041 2.21078
      vertex -0.629999 2.02781 2.09793
      vertex -0.509999 1.98413 2.19161
    endloop
  endfacet
  facet normal -0.652312 0.639223 0.407287
    outer loop
      vertex -0.509999 2.82164 1.93216
      vertex -0.629999 2.71004 1.91512
      vertex -0.509999 2.79472 1.97441
    endloop
  endfacet
  facet normal -0.652432 0.349496 0.672448
    outer loop
      vertex -0.629999 2.5347 2.07579
      vertex -0.509999 2.53587 2.19161
      vertex -0.509999 2.54195 2.18845
    endloop
  endfacet
  facet normal -0.65227 0.350133 0.672273
    outer loop
      vertex -0.509999 2.53587 2.19161
      vertex -0.629999 2.5347 2.07579
      vertex -0.629999 2.49219 2.09793
    endloop
  endfacet
  facet normal -0.652322 -0.601327 -0.461391
    outer loop
      vertex -0.509999 1.72945 1.22015
      vertex -0.629999 1.80996 1.28488
      vertex -0.629999 1.83914 1.24685
    endloop
  endfacet
  facet normal -0.652326 -0.601131 -0.461642
    outer loop
      vertex -0.629999 1.80996 1.28488
      vertex -0.509999 1.72945 1.22015
      vertex -0.509999 1.72528 1.22558
    endloop
  endfacet
  facet normal -0.652319 -0.558768 0.512112
    outer loop
      vertex -0.629999 1.83914 1.95315
      vertex -0.509999 1.76457 2.02464
      vertex -0.629999 1.87152 1.98848
    endloop
  endfacet
  facet normal -0.652311 -0.559232 0.511615
    outer loop
      vertex -0.509999 1.76457 2.02464
      vertex -0.629999 1.83914 1.95315
      vertex -0.509999 1.75995 2.01959
    endloop
  endfacet
  facet normal -0.652301 -0.751474 0.0989458
    outer loop
      vertex -0.509999 1.61715 1.71335
      vertex -0.629999 1.71895 1.6954
      vertex -0.509999 1.61061 1.66368
    endloop
  endfacet
  facet normal -0.652328 0.407562 -0.639031
    outer loop
      vertex -0.629999 2.5347 1.12421
      vertex -0.509999 2.59216 1.03836
      vertex -0.509999 2.58639 1.03468
    endloop
  endfacet
  facet normal -0.652324 0.407237 -0.639243
    outer loop
      vertex -0.509999 2.59216 1.03836
      vertex -0.629999 2.5347 1.12421
      vertex -0.629999 2.57512 1.14996
    endloop
  endfacet
  facet normal -0.652301 -0.601283 0.461478
    outer loop
      vertex -0.509999 1.75995 2.01959
      vertex -0.629999 1.83914 1.95315
      vertex -0.509999 1.72945 1.97985
    endloop
  endfacet
  facet normal -0.652273 0.461493 -0.601303
    outer loop
      vertex -0.509999 2.63985 1.06945
      vertex -0.629999 2.61315 1.17913
      vertex -0.509999 2.67959 1.09995
    endloop
  endfacet
  facet normal -0.652301 -0.601283 -0.461478
    outer loop
      vertex -0.509999 1.72945 1.22015
      vertex -0.629999 1.83914 1.24685
      vertex -0.509999 1.75995 1.18041
    endloop
  endfacet
  facet normal -0.652305 0.0989306 -0.751473
    outer loop
      vertex -0.509999 2.31689 0.949712
      vertex -0.629999 2.30788 1.05269
      vertex -0.509999 2.36656 0.956251
    endloop
  endfacet
  facet normal -1 0 0
    outer loop
      vertex -0.629999 2.80731 1.55212
      vertex -0.629999 2.80731 1.64788
      vertex -0.629999 2.8094 1.6
    endloop
  endfacet
  facet normal -1 0 0
    outer loop
      vertex -0.629999 2.80105 1.5046
      vertex -0.629999 2.80731 1.64788
      vertex -0.629999 2.80731 1.55212
    endloop
  endfacet
  facet normal -1 0 0
    outer loop
      vertex -0.629999 2.80105 1.5046
      vertex -0.629999 2.80105 1.6954
      vertex -0.629999 2.80731 1.64788
    endloop
  endfacet
  facet normal -1 0 0
    outer loop
      vertex -0.629999 2.79068 1.4578
      vertex -0.629999 2.80105 1.6954
      vertex -0.629999 2.80105 1.5046
    endloop
  endfacet
  facet normal -1 0 0
    outer loop
      vertex -0.629999 2.79068 1.4578
      vertex -0.629999 2.79068 1.7422
      vertex -0.629999 2.80105 1.6954
    endloop
  endfacet
  facet normal -1 0 0
    outer loop
      vertex -0.629999 2.77627 1.41209
      vertex -0.629999 2.79068 1.7422
      vertex -0.629999 2.79068 1.4578
    endloop
  endfacet
  facet normal -1 0 0
    outer loop
      vertex -0.629999 2.77627 1.41209
      vertex -0.629999 2.77627 1.78791
      vertex -0.629999 2.79068 1.7422
    endloop
  endfacet
  facet normal -1 0 0
    outer loop
      vertex -0.629999 2.75793 1.36781
      vertex -0.629999 2.77627 1.78791
      vertex -0.629999 2.77627 1.41209
    endloop
  endfacet
  facet normal -1 0 0
    outer loop
      vertex -0.629999 2.75793 1.36781
      vertex -0.629999 2.75793 1.83219
      vertex -0.629999 2.77627 1.78791
    endloop
  endfacet
  facet normal -1 0 0
    outer loop
      vertex -0.629999 2.73579 1.3253
      vertex -0.629999 2.75793 1.83219
      vertex -0.629999 2.75793 1.36781
    endloop
  endfacet
  facet normal -1 0 0
    outer loop
      vertex -0.629999 2.73579 1.3253
      vertex -0.629999 2.73579 1.8747
      vertex -0.629999 2.75793 1.83219
    endloop
  endfacet
  facet normal -1 0 0
    outer loop
      vertex -0.629999 2.71004 1.28488
      vertex -0.629999 2.73579 1.8747
      vertex -0.629999 2.73579 1.3253
    endloop
  endfacet
  facet normal -1 0 0
    outer loop
      vertex -0.629999 2.71004 1.28488
      vertex -0.629999 2.71004 1.91512
      vertex -0.629999 2.73579 1.8747
    endloop
  endfacet
  facet normal -1 0 0
    outer loop
      vertex -0.629999 2.68086 1.24685
      vertex -0.629999 2.71004 1.91512
      vertex -0.629999 2.71004 1.28488
    endloop
  endfacet
  facet normal -1 0 0
    outer loop
      vertex -0.629999 2.68086 1.24685
      vertex -0.629999 2.68086 1.95315
      vertex -0.629999 2.71004 1.91512
    endloop
  endfacet
  facet normal -1 0 0
    outer loop
      vertex -0.629999 2.64848 1.21152
      vertex -0.629999 2.68086 1.95315
      vertex -0.629999 2.68086 1.24685
    endloop
  endfacet
  facet normal -1 0 0
    outer loop
      vertex -0.629999 2.64848 1.21152
      vertex -0.629999 2.64848 1.98848
      vertex -0.629999 2.68086 1.95315
    endloop
  endfacet
  facet normal -1 0 0
    outer loop
      vertex -0.629999 2.61315 1.17913
      vertex -0.629999 2.64848 1.98848
      vertex -0.629999 2.64848 1.21152
    endloop
  endfacet
  facet normal -1 0 0
    outer loop
      vertex -0.629999 2.61315 1.17913
      vertex -0.629999 2.61315 2.02086
      vertex -0.629999 2.64848 1.98848
    endloop
  endfacet
  facet normal -1 0 0
    outer loop
      vertex -0.629999 2.57512 1.14996
      vertex -0.629999 2.61315 2.02086
      vertex -0.629999 2.61315 1.17913
    endloop
  endfacet
  facet normal -1 0 0
    outer loop
      vertex -0.629999 2.57512 1.14996
      vertex -0.629999 2.57512 2.05004
      vertex -0.629999 2.61315 2.02086
    endloop
  endfacet
  facet normal -1 0 0
    outer loop
      vertex -0.629999 2.5347 1.12421
      vertex -0.629999 2.57512 2.05004
      vertex -0.629999 2.57512 1.14996
    endloop
  endfacet
  facet normal -1 0 0
    outer loop
      vertex -0.629999 2.5347 1.12421
      vertex -0.629999 2.5347 2.07579
      vertex -0.629999 2.57512 2.05004
    endloop
  endfacet
  facet normal -1 0 0
    outer loop
      vertex -0.629999 2.49219 1.10207
      vertex -0.629999 2.5347 2.07579
      vertex -0.629999 2.5347 1.12421
    endloop
  endfacet
  facet normal -1 0 0
    outer loop
      vertex -0.629999 2.49219 1.10207
      vertex -0.629999 2.49219 2.09793
      vertex -0.629999 2.5347 2.07579
    endloop
  endfacet
  facet normal -1 0 0
    outer loop
      vertex -0.629999 2.44791 1.08373
      vertex -0.629999 2.49219 2.09793
      vertex -0.629999 2.49219 1.10207
    endloop
  endfacet
  facet normal -1 0 0
    outer loop
      vertex -0.629999 2.44791 1.08373
      vertex -0.629999 2.44791 2.11627
      vertex -0.629999 2.49219 2.09793
    endloop
  endfacet
  facet normal -1 0 0
    outer loop
      vertex -0.629999 2.40219 1.06932
      vertex -0.629999 2.44791 2.11627
      vertex -0.629999 2.44791 1.08373
    endloop
  endfacet
  facet normal -1 0 0
    outer loop
      vertex -0.629999 2.40219 1.06932
      vertex -0.629999 2.40219 2.13068
      vertex -0.629999 2.44791 2.11627
    endloop
  endfacet
  facet normal -1 0 0
    outer loop
      vertex -0.629999 2.3554 1.05895
      vertex -0.629999 2.40219 2.13068
      vertex -0.629999 2.40219 1.06932
    endloop
  endfacet
  facet normal -1 0 0
    outer loop
      vertex -0.629999 2.3554 1.05895
      vertex -0.629999 2.3554 2.14105
      vertex -0.629999 2.40219 2.13068
    endloop
  endfacet
  facet normal -1 0 0
    outer loop
      vertex -0.629999 2.30788 1.05269
      vertex -0.629999 2.3554 2.14105
      vertex -0.629999 2.3554 1.05895
    endloop
  endfacet
  facet normal -1 0 0
    outer loop
      vertex -0.629999 2.30788 1.05269
      vertex -0.629999 2.30788 2.14731
      vertex -0.629999 2.3554 2.14105
    endloop
  endfacet
  facet normal -1 0 0
    outer loop
      vertex -0.629999 2.26 1.0506
      vertex -0.629999 2.30788 2.14731
      vertex -0.629999 2.30788 1.05269
    endloop
  endfacet
  facet normal -1 0 0
    outer loop
      vertex -0.629999 2.26 1.0506
      vertex -0.629999 2.26 2.1494
      vertex -0.629999 2.30788 2.14731
    endloop
  endfacet
  facet normal -1 0 0
    outer loop
      vertex -0.629999 2.21212 1.05269
      vertex -0.629999 2.26 2.1494
      vertex -0.629999 2.26 1.0506
    endloop
  endfacet
  facet normal -1 0 0
    outer loop
      vertex -0.629999 2.21212 1.05269
      vertex -0.629999 2.21212 2.14731
      vertex -0.629999 2.26 2.1494
    endloop
  endfacet
  facet normal -1 0 0
    outer loop
      vertex -0.629999 2.1646 1.05895
      vertex -0.629999 2.21212 2.14731
      vertex -0.629999 2.21212 1.05269
    endloop
  endfacet
  facet normal -1 0 0
    outer loop
      vertex -0.629999 2.1646 1.05895
      vertex -0.629999 2.1646 2.14105
      vertex -0.629999 2.21212 2.14731
    endloop
  endfacet
  facet normal -1 0 0
    outer loop
      vertex -0.629999 2.1178 1.06932
      vertex -0.629999 2.1646 2.14105
      vertex -0.629999 2.1646 1.05895
    endloop
  endfacet
  facet normal -1 0 0
    outer loop
      vertex -0.629999 2.1178 1.06932
      vertex -0.629999 2.1178 2.13068
      vertex -0.629999 2.1646 2.14105
    endloop
  endfacet
  facet normal -1 0 0
    outer loop
      vertex -0.629999 2.07209 1.08373
      vertex -0.629999 2.1178 2.13068
      vertex -0.629999 2.1178 1.06932
    endloop
  endfacet
  facet normal -1 0 0
    outer loop
      vertex -0.629999 2.07209 1.08373
      vertex -0.629999 2.07209 2.11627
      vertex -0.629999 2.1178 2.13068
    endloop
  endfacet
  facet normal -1 0 0
    outer loop
      vertex -0.629999 2.02781 1.10207
      vertex -0.629999 2.07209 2.11627
      vertex -0.629999 2.07209 1.08373
    endloop
  endfacet
  facet normal -1 0 0
    outer loop
      vertex -0.629999 2.02781 1.10207
      vertex -0.629999 2.02781 2.09793
      vertex -0.629999 2.07209 2.11627
    endloop
  endfacet
  facet normal -1 0 0
    outer loop
      vertex -0.629999 1.9853 1.12421
      vertex -0.629999 2.02781 2.09793
      vertex -0.629999 2.02781 1.10207
    endloop
  endfacet
  facet normal -1 0 0
    outer loop
      vertex -0.629999 1.9853 1.12421
      vertex -0.629999 1.9853 2.07579
      vertex -0.629999 2.02781 2.09793
    endloop
  endfacet
  facet normal -1 0 0
    outer loop
      vertex -0.629999 1.94488 1.14996
      vertex -0.629999 1.9853 2.07579
      vertex -0.629999 1.9853 1.12421
    endloop
  endfacet
  facet normal -1 0 0
    outer loop
      vertex -0.629999 1.94488 1.14996
      vertex -0.629999 1.94488 2.05004
      vertex -0.629999 1.9853 2.07579
    endloop
  endfacet
  facet normal -1 0 0
    outer loop
      vertex -0.629999 1.90685 1.17913
      vertex -0.629999 1.94488 2.05004
      vertex -0.629999 1.94488 1.14996
    endloop
  endfacet
  facet normal -1 0 0
    outer loop
      vertex -0.629999 1.90685 1.17913
      vertex -0.629999 1.90685 2.02086
      vertex -0.629999 1.94488 2.05004
    endloop
  endfacet
  facet normal -1 0 0
    outer loop
      vertex -0.629999 1.87152 1.21152
      vertex -0.629999 1.90685 2.02086
      vertex -0.629999 1.90685 1.17913
    endloop
  endfacet
  facet normal -1 0 0
    outer loop
      vertex -0.629999 1.87152 1.21152
      vertex -0.629999 1.87152 1.98848
      vertex -0.629999 1.90685 2.02086
    endloop
  endfacet
  facet normal -1 0 0
    outer loop
      vertex -0.629999 1.83914 1.24685
      vertex -0.629999 1.87152 1.98848
      vertex -0.629999 1.87152 1.21152
    endloop
  endfacet
  facet normal -1 0 0
    outer loop
      vertex -0.629999 1.83914 1.24685
      vertex -0.629999 1.83914 1.95315
      vertex -0.629999 1.87152 1.98848
    endloop
  endfacet
  facet normal -1 0 0
    outer loop
      vertex -0.629999 1.80996 1.28488
      vertex -0.629999 1.83914 1.95315
      vertex -0.629999 1.83914 1.24685
    endloop
  endfacet
  facet normal -1 0 0
    outer loop
      vertex -0.629999 1.80996 1.28488
      vertex -0.629999 1.80996 1.91512
      vertex -0.629999 1.83914 1.95315
    endloop
  endfacet
  facet normal -1 0 0
    outer loop
      vertex -0.629999 1.78421 1.3253
      vertex -0.629999 1.80996 1.91512
      vertex -0.629999 1.80996 1.28488
    endloop
  endfacet
  facet normal -1 0 0
    outer loop
      vertex -0.629999 1.78421 1.3253
      vertex -0.629999 1.78421 1.8747
      vertex -0.629999 1.80996 1.91512
    endloop
  endfacet
  facet normal -1 0 0
    outer loop
      vertex -0.629999 1.76207 1.36781
      vertex -0.629999 1.78421 1.8747
      vertex -0.629999 1.78421 1.3253
    endloop
  endfacet
  facet normal -1 0 0
    outer loop
      vertex -0.629999 1.76207 1.36781
      vertex -0.629999 1.76207 1.83219
      vertex -0.629999 1.78421 1.8747
    endloop
  endfacet
  facet normal -1 0 0
    outer loop
      vertex -0.629999 1.74373 1.41209
      vertex -0.629999 1.76207 1.83219
      vertex -0.629999 1.76207 1.36781
    endloop
  endfacet
  facet normal -1 0 0
    outer loop
      vertex -0.629999 1.74373 1.41209
      vertex -0.629999 1.74373 1.78791
      vertex -0.629999 1.76207 1.83219
    endloop
  endfacet
  facet normal -1 0 0
    outer loop
      vertex -0.629999 1.72932 1.4578
      vertex -0.629999 1.74373 1.78791
      vertex -0.629999 1.74373 1.41209
    endloop
  endfacet
  facet normal -1 0 0
    outer loop
      vertex -0.629999 1.72932 1.4578
      vertex -0.629999 1.72932 1.7422
      vertex -0.629999 1.74373 1.78791
    endloop
  endfacet
  facet normal -1 0 0
    outer loop
      vertex -0.629999 1.71895 1.5046
      vertex -0.629999 1.72932 1.7422
      vertex -0.629999 1.72932 1.4578
    endloop
  endfacet
  facet normal -1 0 0
    outer loop
      vertex -0.629999 1.71895 1.5046
      vertex -0.629999 1.71895 1.6954
      vertex -0.629999 1.72932 1.7422
    endloop
  endfacet
  facet normal -1 0 0
    outer loop
      vertex -0.629999 1.71269 1.55212
      vertex -0.629999 1.71895 1.6954
      vertex -0.629999 1.71895 1.5046
    endloop
  endfacet
  facet normal -1 0 0
    outer loop
      vertex -0.629999 1.71269 1.55212
      vertex -0.629999 1.71269 1.64788
      vertex -0.629999 1.71895 1.6954
    endloop
  endfacet
  facet normal -1 0 -0
    outer loop
      vertex -0.629999 1.71269 1.64788
      vertex -0.629999 1.71269 1.55212
      vertex -0.629999 1.7106 1.6
    endloop
  endfacet
  facet normal -0.652317 -0.0330535 0.757226
    outer loop
      vertex -0.629999 2.21212 2.14731
      vertex -0.509999 2.20995 2.25059
      vertex -0.629999 2.26 2.1494
    endloop
  endfacet
  facet normal -0.652315 -0.0332114 0.75722
    outer loop
      vertex -0.509999 2.20995 2.25059
      vertex -0.629999 2.21212 2.14731
      vertex -0.509999 2.20311 2.25029
    endloop
  endfacet
  facet normal -0.652301 -0.0329828 0.757242
    outer loop
      vertex -0.509999 2.26 2.25277
      vertex -0.629999 2.26 2.1494
      vertex -0.509999 2.20995 2.25059
    endloop
  endfacet
  facet normal -0.652265 0.722874 0.228043
    outer loop
      vertex -0.509999 2.89053 1.76895
      vertex -0.629999 2.77627 1.78791
      vertex -0.509999 2.88847 1.77548
    endloop
  endfacet
  facet normal -0.652303 0.722888 0.227889
    outer loop
      vertex -0.629999 2.77627 1.78791
      vertex -0.509999 2.89053 1.76895
      vertex -0.629999 2.79068 1.7422
    endloop
  endfacet
  facet normal -0.652274 0.700306 -0.290017
    outer loop
      vertex -0.509999 2.85423 1.33045
      vertex -0.629999 2.77627 1.41209
      vertex -0.509999 2.8734 1.37674
    endloop
  endfacet
  facet normal -0.652304 -0.700229 0.290136
    outer loop
      vertex -0.509999 1.66577 1.86955
      vertex -0.629999 1.74373 1.78791
      vertex -0.509999 1.64659 1.82326
    endloop
  endfacet
  facet normal -0.652335 0.349926 0.672317
    outer loop
      vertex -0.509999 2.58639 2.16532
      vertex -0.629999 2.5347 2.07579
      vertex -0.509999 2.54195 2.18845
    endloop
  endfacet
  facet normal -0.652319 0.407566 0.639038
    outer loop
      vertex -0.629999 2.57512 2.05004
      vertex -0.509999 2.62864 2.1384
      vertex -0.509999 2.63441 2.13472
    endloop
  endfacet
  facet normal -0.652324 0.407237 0.639243
    outer loop
      vertex -0.509999 2.62864 2.1384
      vertex -0.629999 2.57512 2.05004
      vertex -0.629999 2.5347 2.07579
    endloop
  endfacet
  facet normal -0.652276 0.22804 0.722865
    outer loop
      vertex -0.629999 2.44791 2.11627
      vertex -0.509999 2.47673 2.21546
      vertex -0.509999 2.48326 2.2134
    endloop
  endfacet
  facet normal -0.652278 0.22785 0.722923
    outer loop
      vertex -0.509999 2.47673 2.21546
      vertex -0.629999 2.44791 2.11627
      vertex -0.629999 2.40219 2.13068
    endloop
  endfacet
  facet normal -0.65227 0.672273 -0.350133
    outer loop
      vertex -0.509999 2.85161 1.32413
      vertex -0.629999 2.73579 1.3253
      vertex -0.629999 2.75793 1.36781
    endloop
  endfacet
  facet normal -0.652432 0.672448 -0.349496
    outer loop
      vertex -0.629999 2.73579 1.3253
      vertex -0.509999 2.85161 1.32413
      vertex -0.509999 2.84845 1.31805
    endloop
  endfacet
  facet normal -0.652432 -0.672448 0.349496
    outer loop
      vertex -0.629999 1.78421 1.8747
      vertex -0.509999 1.66839 1.87587
      vertex -0.509999 1.67155 1.88195
    endloop
  endfacet
  facet normal -0.65227 -0.672273 0.350133
    outer loop
      vertex -0.509999 1.66839 1.87587
      vertex -0.629999 1.78421 1.8747
      vertex -0.629999 1.76207 1.83219
    endloop
  endfacet
  facet normal -0.652273 0.51201 -0.558914
    outer loop
      vertex -0.509999 2.67959 1.09995
      vertex -0.629999 2.61315 1.17913
      vertex -0.509999 2.71653 1.13379
    endloop
  endfacet
  facet normal -0.652279 0.700196 0.290271
    outer loop
      vertex -0.509999 2.85423 1.86955
      vertex -0.629999 2.75793 1.83219
      vertex -0.509999 2.85161 1.87587
    endloop
  endfacet
  facet normal -0.652281 0.700287 0.290047
    outer loop
      vertex -0.629999 2.75793 1.83219
      vertex -0.509999 2.85423 1.86955
      vertex -0.629999 2.77627 1.78791
    endloop
  endfacet
  facet normal -0.652432 0.672448 0.349496
    outer loop
      vertex -0.509999 2.85161 1.87587
      vertex -0.629999 2.73579 1.8747
      vertex -0.509999 2.84845 1.88195
    endloop
  endfacet
  facet normal -0.65227 0.672273 0.350133
    outer loop
      vertex -0.629999 2.73579 1.8747
      vertex -0.509999 2.85161 1.87587
      vertex -0.629999 2.75793 1.83219
    endloop
  endfacet
  facet normal -0.652318 0.461111 -0.601546
    outer loop
      vertex -0.629999 2.57512 1.14996
      vertex -0.509999 2.63985 1.06945
      vertex -0.509999 2.63441 1.06528
    endloop
  endfacet
  facet normal -0.652321 0.461293 -0.601404
    outer loop
      vertex -0.509999 2.63985 1.06945
      vertex -0.629999 2.57512 1.14996
      vertex -0.629999 2.61315 1.17913
    endloop
  endfacet
  facet normal -0.652281 0.290047 -0.700287
    outer loop
      vertex -0.629999 2.49219 1.10207
      vertex -0.509999 2.52955 1.00577
      vertex -0.629999 2.44791 1.08373
    endloop
  endfacet
  facet normal -0.652279 0.290271 -0.700196
    outer loop
      vertex -0.509999 2.52955 1.00577
      vertex -0.629999 2.49219 1.10207
      vertex -0.509999 2.53587 1.00839
    endloop
  endfacet
  facet normal -0.652311 0.559232 -0.511615
    outer loop
      vertex -0.509999 2.75543 1.17536
      vertex -0.629999 2.68086 1.24685
      vertex -0.509999 2.76005 1.18041
    endloop
  endfacet
  facet normal -0.652319 0.558768 -0.512112
    outer loop
      vertex -0.629999 2.68086 1.24685
      vertex -0.509999 2.75543 1.17536
      vertex -0.629999 2.64848 1.21152
    endloop
  endfacet
  facet normal -0.652336 0.512202 -0.558665
    outer loop
      vertex -0.509999 2.71653 1.13379
      vertex -0.629999 2.64848 1.21152
      vertex -0.509999 2.72158 1.13842
    endloop
  endfacet
  facet normal -0.652337 0.512187 -0.558678
    outer loop
      vertex -0.629999 2.64848 1.21152
      vertex -0.509999 2.71653 1.13379
      vertex -0.629999 2.61315 1.17913
    endloop
  endfacet
  facet normal -0.652279 0.290271 0.700196
    outer loop
      vertex -0.629999 2.49219 2.09793
      vertex -0.509999 2.52955 2.19423
      vertex -0.509999 2.53587 2.19161
    endloop
  endfacet
  facet normal -0.652281 0.290047 0.700287
    outer loop
      vertex -0.509999 2.52955 2.19423
      vertex -0.629999 2.49219 2.09793
      vertex -0.629999 2.44791 2.11627
    endloop
  endfacet
  facet normal -0.652322 -0.601327 0.461391
    outer loop
      vertex -0.629999 1.80996 1.91512
      vertex -0.509999 1.72945 1.97985
      vertex -0.629999 1.83914 1.95315
    endloop
  endfacet
  facet normal -0.652318 -0.601546 0.461111
    outer loop
      vertex -0.509999 1.72945 1.97985
      vertex -0.629999 1.80996 1.91512
      vertex -0.509999 1.72528 1.97441
    endloop
  endfacet
  facet normal -0.652324 -0.639243 0.407237
    outer loop
      vertex -0.509999 1.7216 1.96864
      vertex -0.629999 1.80996 1.91512
      vertex -0.629999 1.78421 1.8747
    endloop
  endfacet
  facet normal -0.652319 -0.639038 0.407566
    outer loop
      vertex -0.629999 1.80996 1.91512
      vertex -0.509999 1.7216 1.96864
      vertex -0.509999 1.72528 1.97441
    endloop
  endfacet
  facet normal -0.652292 0.227847 -0.722912
    outer loop
      vertex -0.629999 2.44791 1.08373
      vertex -0.509999 2.47673 0.984536
      vertex -0.629999 2.40219 1.06932
    endloop
  endfacet
  facet normal -0.652291 0.227936 -0.722884
    outer loop
      vertex -0.509999 2.47673 0.984536
      vertex -0.629999 2.44791 1.08373
      vertex -0.509999 2.48326 0.986595
    endloop
  endfacet
  facet normal -0.652325 0.163928 -0.74
    outer loop
      vertex -0.629999 2.3554 1.05895
      vertex -0.509999 2.38004 0.958626
      vertex -0.509999 2.37335 0.957144
    endloop
  endfacet
  facet normal -0.652325 0.164001 -0.739983
    outer loop
      vertex -0.509999 2.38004 0.958626
      vertex -0.629999 2.3554 1.05895
      vertex -0.629999 2.40219 1.06932
    endloop
  endfacet
  facet normal -0.652318 0.0989919 -0.751453
    outer loop
      vertex -0.629999 2.3554 1.05895
      vertex -0.509999 2.36656 0.956251
      vertex -0.629999 2.30788 1.05269
    endloop
  endfacet
  facet normal -0.65232 0.0988313 -0.751472
    outer loop
      vertex -0.509999 2.36656 0.956251
      vertex -0.629999 2.3554 1.05895
      vertex -0.509999 2.37335 0.957144
    endloop
  endfacet
  facet normal -0.652315 0.0995933 0.751376
    outer loop
      vertex -0.629999 2.3554 2.14105
      vertex -0.509999 2.36656 2.24375
      vertex -0.509999 2.37335 2.24285
    endloop
  endfacet
  facet normal -0.652322 0.0989915 0.75145
    outer loop
      vertex -0.509999 2.36656 2.24375
      vertex -0.629999 2.3554 2.14105
      vertex -0.629999 2.30788 2.14731
    endloop
  endfacet
  facet normal -0.652311 0.164004 0.739995
    outer loop
      vertex -0.629999 2.3554 2.14105
      vertex -0.509999 2.38004 2.24137
      vertex -0.629999 2.40219 2.13068
    endloop
  endfacet
  facet normal -0.652308 0.16372 0.740061
    outer loop
      vertex -0.509999 2.38004 2.24137
      vertex -0.629999 2.3554 2.14105
      vertex -0.509999 2.37335 2.24285
    endloop
  endfacet
  facet normal -0.652265 0.722874 -0.228043
    outer loop
      vertex -0.629999 2.77627 1.41209
      vertex -0.509999 2.89053 1.43105
      vertex -0.509999 2.88847 1.42452
    endloop
  endfacet
  facet normal -0.652303 0.722888 -0.227889
    outer loop
      vertex -0.509999 2.89053 1.43105
      vertex -0.629999 2.77627 1.41209
      vertex -0.629999 2.79068 1.4578
    endloop
  endfacet
endsolid OpenSCAD_Model
